OFF
4441 8780 0
-0.276712 -0.917461 -0.285823
0.027588 0.555355 0.831156
0.531157 0.560745 -0.635167
0.898927 0.326611 -0.291986
0.482044 0.777588 -0.40372
-0.329683 0.919287 -0.214989
-0.225312 0.611086 0.75882
-0.361967 0.929228 0.074269
0.841405 0.540231 0.013679
0.610719 0.285427 -0.738616
0.798815 0.580429 -0.158104
0.816007 0.555746 -0.158994
-0.262815 -0.897395 -0.354415
0.695557 0.675662 -0.244296
0.393099 -0.823 -0.410054
0.159734 0.472639 -0.866659
0.717437 -0.663609 0.211914
0.9598 -0.012697 0.280398
0.650246 0.737038 -0.184268
0.997718 0.05604 -0.037664
0.700151 0.690263 -0.182553
0.608301 0.784264 0.122064
0.080016 0.705986 -0.703691
0.458918 0.39449 -0.796098
0.966632 0.182754 0.179509
0.678546 0.733307 -0.042849
0.527925 0.682037 -0.506084
0.950309 0.003567 -0.311289
-0.753286 -0.481489 0.448027
-0.181263 0.9024 0.390919
-0.935856 0.149041 -0.319314
0.556104 0.719277 -0.4164
0.938926 0.014984 -0.343794
0.472789 0.714055 -0.516329
0.837206 -0.184213 0.514929
0.883819 0.466186 -0.039179
0.768818 -0.262994 0.582884
0.370674 -0.038553 -0.927963
0.79807 0.09136 0.595598
0.953383 0.301048 0.020753
-0.258607 0.860774 -0.438396
0.671938 0.740581 0.00632
0.042423 0.997815 -0.050647
0.815704 0.310919 -0.487807
0.769601 -0.143476 0.622197
0.820426 0.166638 0.54693
0.641861 -0.304162 -0.703917
0.270874 0.698285 0.66259
-0.098332 0.951695 0.290874
0.480713 0.668967 -0.56692
0.694197 0.55515 -0.458148
0.6702 0.724296 -0.16195
0.813758 0.514284 -0.270758
0.675979 0.362923 0.641357
0.856111 0.507107 0.099582
0.787987 0.330653 -0.51937
0.801052 0.570877 -0.180042
0.779337 0.049223 0.624669
0.143227 0.820151 -0.55393
-0.215937 0.681248 -0.69948
0.80731 0.382271 0.449576
0.713733 0.590731 -0.376327
0.333278 0.767483 -0.547628
0.887572 -0.386582 -0.250539
0.356211 0.893644 -0.272972
0.863562 0.267139 -0.427664
-0.147198 -0.726038 0.671715
0.692419 0.56049 -0.45432
0.939274 0.096361 0.329361
0.745012 0.633405 -0.209176
0.724729 0.431804 -0.536948
0.681046 0.560261 -0.47147
0.968859 0.056735 -0.241026
0.98407 0.127223 0.124183
0.616227 0.602637 -0.507043
0.422362 0.742696 -0.519628
0.944638 0.188291 0.268712
0.772708 0.633391 -0.041692
0.821226 0.342262 -0.456558
0.99438 0.034165 0.100206
-0.382324 -0.41326 -0.826465
0.890424 -0.396132 -0.224107
0.975377 -0.117969 -0.18634
0.7057 0.608768 -0.362477
0.680499 0.480168 -0.553498
0.703549 0.516757 -0.487833
0.720891 0.656136 0.223163
0.81408 0.379847 0.439306
0.117274 0.922477 -0.367808
0.719175 0.38086 -0.581147
0.612077 0.708471 -0.351326
0.052148 0.996049 -0.071888
0.69265 0.718519 0.06298
0.703061 0.664214 -0.254017
0.733718 0.626919 -0.261974
0.790665 0.60033 -0.120221
0.766583 0.006074 0.642117
0.625191 0.560183 -0.543443
0.695804 0.713441 -0.082815
0.634602 0.760807 -0.135842
0.987948 -0.120021 0.097743
-0.445294 0.397933 -0.802099
0.478255 -0.826311 -0.297458
0.791995 0.606483 -0.070157
0.995204 0.039172 -0.089639
0.475615 0.103722 -0.873517
0.409766 0.31095 -0.857556
0.936397 0.309306 -0.1658
0.589104 0.788396 -0.177168
0.623155 0.781036 -0.040756
0.667735 0.519376 -0.533272
0.691438 0.646094 0.323226
0.812974 0.49505 -0.306592
0.899795 0.410265 0.148495
0.717639 0.573913 -0.394483
0.682906 -0.383313 -0.621861
0.208598 0.623547 -0.753442
-0.521548 0.850668 0.065973
-0.031046 0.351185 -0.935791
-0.681448 0.624974 0.380836
0.051804 0.912552 0.405666
0.848583 0.46445 -0.253363
0.577178 0.816353 -0.020813
0.665652 0.71789 0.203819
-0.376015 0.5542 0.742614
0.85446 0.046505 0.517432
0.988819 0.104262 0.106614
0.676318 0.556533 -0.482561
0.871782 -0.374529 0.315792
0.368891 0.927837 -0.055124
0.68492 0.430095 0.588136
0.906495 0.417753 0.061238
0.689483 0.631345 -0.354989
0.644563 0.718104 -0.262423
0.868567 0.141989 -0.474796
-0.361522 0.720267 0.592045
0.10684 0.901439 -0.419515
0.971037 0.111541 0.211293
0.921244 0.11159 -0.372635
0 0 1
0.704945 0.709112 0.014614
0.026106 0.996843 0.074979
0.538051 0.556585 -0.633019
0.628105 0.722184 -0.289714
0.933493 0.100809 -0.344135
0.595628 0.506973 0.623061
0.436594 0.146152 -0.887708
0.633626 0.746037 -0.204811
0.832694 -0.148211 -0.53353
0.471729 0.878012 0.081037
0.818844 -0.028689 0.573298
0.261561 0.816676 -0.514418
0.124295 0.873379 -0.470914
0.863828 0.465732 -0.192079
0.761751 0.583905 -0.280697
0.982308 0.177463 -0.059816
-0.013705 -0.003854 -0.999899
0.841843 -0.028397 -0.538975
-0.195746 0.776328 -0.599165
-0.56301 -0.67301 0.479663
0.587046 -0.785255 0.196855
0.849556 0.237427 -0.471046
0.889823 0.434695 0.138762
0.907057 0.054661 -0.417445
0.650745 0.600669 -0.464465
0.318529 0.874061 -0.36682
0.880882 0.436943 -0.182009
0.608501 0.585521 -0.535622
0.969934 0.207059 -0.127887
0.736816 0.486025 -0.46998
0.199885 0.92567 0.321217
0.567856 -0.049483 -0.821639
0.499056 0.525199 -0.689282
0.395611 0.51931 -0.757502
0.657901 -0.171528 0.73331
0.890425 -0.283052 0.356407
0.578444 0.805952 -0.125877
0.805852 0.372588 -0.460197
0.691915 0.487831 -0.532235
0.648182 0.089693 -0.756184
-0.203765 0.8982 -0.389509
0.889959 0.304958 -0.339076
0.882306 0.375153 -0.284246
0.787503 0.616308 0.001622
0.783598 0.085716 -0.615327
0.289445 0.065946 -0.95492
0.978588 0.034837 -0.202859
0.865729 0.344318 -0.36326
-0.554584 -0.256367 -0.791652
0.760472 0.603181 -0.240531
0.903432 0.28792 -0.317666
0.88677 -0.052733 -0.459193
0.469985 -0.497767 -0.728932
0.721073 0.491134 0.488715
-0.48591 0.073246 0.870934
0.323831 0.917557 -0.230701
-0.043235 0.027133 -0.998696
0.752321 0.473616 -0.457931
0.511663 0.855819 0.075995
0.79653 0.56876 -0.205067
0.795784 0.544339 -0.265373
0.828321 0.560127 -0.011931
0.807819 0.486295 -0.333085
-0.079176 0.122918 -0.989253
-0.407985 0.722379 -0.558317
0.545207 -0.329922 -0.770649
0.786836 0.615474 -0.045615
0.905054 -0.129493 0.405102
0.549612 0.785634 0.284086
0.852317 0.273697 -0.445697
0.401569 0.594483 0.696657
0.233469 0.967156 -0.100503
-0.155512 0.194455 0.968506
0.865295 0.501083 0.013452
0.598275 0.542908 -0.589337
0.438164 0.512795 -0.738278
0.209731 -0.024139 -0.977461
0.994245 -0.106217 0.013937
0.510308 0.821348 0.2549
-0.599098 0.767426 -0.22834
0.73902 0.664844 -0.108771
0.946263 -0.183062 -0.266597
0.642941 0.691133 -0.330094
0.084554 0.995538 -0.041886
0.612807 0.746827 -0.258297
0.949392 0.196211 -0.245268
0.955076 0.252201 0.155641
-0.165202 0.958659 -0.231694
0.981229 0.116969 0.153324
0.961636 0.27415 -0.009906
0.766944 0.602052 -0.222103
0.904875 0.423745 -0.04051
0.804516 -0.473372 -0.35871
0.975489 0.210328 0.064671
0.155814 0.8478 -0.50691
0.834273 0.504336 0.222787
0.588625 0.648502 -0.482666
0.442809 0.147008 -0.884482
0.994338 0.104444 0.019587
0.469357 0.188512 -0.862652
-0.530094 0.838483 -0.126281
0.577815 0.341556 -0.741262
-0.284984 0.335013 -0.898082
0.26746 0.021408 -0.963331
0.707895 0.556216 -0.435325
0.625762 0.558277 -0.544746
0.602177 0.717042 -0.351048
0.731569 0.681767 0.000634
0.759924 0.418433 -0.497422
0.861039 0.469166 0.196203
0.717427 0.536039 -0.444928
0.818876 0.570994 0.058379
0.807323 0.431792 -0.402225
0.780907 0.593851 -0.193714
0.650966 0.724894 -0.225328
0.897299 0.052791 -0.438255
0.722566 0.487663 -0.489983
0.460028 0.880397 -0.115218
0.333797 0.63255 -0.698899
0.921202 0.157145 -0.355939
0.501641 0.841381 -0.201084
0.652827 0.526989 -0.54415
0.522291 0.442588 -0.728922
-0.530703 0.838767 -0.121752
0.85021 0.522755 -0.062213
0.745018 0.569054 -0.348031
0.979076 0.183474 0.088016
0.933566 0.287118 -0.214515
0.273282 0.939244 -0.207696
-0.916869 0.319444 0.239389
-0.272989 0.657834 -0.701948
-0.433908 0.890354 0.137817
0 0 1
0.844752 0.431402 0.316679
0.733704 0.421598 -0.532854
0.983781 0.17111 0.053817
0.559678 0.523216 0.642655
0.883578 0.38636 -0.264607
0.581913 0.806219 -0.106718
0.686158 0.550369 -0.47569
0.730415 0.621042 -0.284256
0.628295 0.562594 -0.537339
0.098594 0.993953 -0.048335
0.66151 0.610447 -0.435613
0.994678 0.082224 -0.062092
0.646027 0.741337 0.181848
0.942777 -0.19597 -0.269753
0.850087 0.211389 -0.482356
0.556108 0.679556 -0.478485
0.040969 0.606641 -0.79392
0.907495 -0.077581 0.412837
0.531879 -0.029792 0.846296
0.347703 0.455855 -0.819328
0.773517 0.608564 -0.176978
0.570708 0.71047 -0.411735
0.384938 0.871193 -0.304706
0.857139 0.115812 -0.501897
0.741611 0.658921 -0.125841
0.970039 -0.081599 -0.228836
0.247666 0.856862 -0.45216
0.320093 0.848712 -0.420986
-0.682795 0.704691 0.192876
0.319042 0.934292 -0.159096
0.769875 0.519759 -0.37033
0.914749 -0.204776 -0.348282
0 0 1
-0.413989 -0.885937 -0.209116
0.656144 0.296266 -0.694047
0.655055 0.652349 -0.38124
0.672885 0.563264 -0.479541
0.950699 0.295145 -0.095191
0.682926 0.616204 -0.392307
0.701815 0.614429 -0.360463
0.190966 0.97236 0.134343
0.600737 0.677887 -0.423774
-0.501804 0.527784 0.6853
0.275888 0.384263 -0.881038
0.897564 0.440824 -0.007333
0 0 1
0.521385 0.742401 0.420711
0.659238 0.710703 -0.245573
-0.049625 0.997551 0.049291
0.743541 0.484673 -0.460694
0.480358 0.377294 -0.791774
0.765476 0.623742 -0.158091
0.918034 0.018402 -0.396073
0.679444 0.724987 -0.112913
0.847348 0.376199 0.374801
0.986843 0.15678 -0.039503
0.700625 0.705932 -0.103852
0.823735 -0.007933 0.566919
0.993649 -0.056093 -0.097545
-0.653869 -0.756512 -0.012077
0.603893 0.717831 -0.346457
-0.280589 0.945731 0.163899
0.966398 0.134131 -0.21928
0.66082 0.602984 -0.446909
0.334933 0.881541 0.332723
0.805543 0.493588 -0.327828
-0.526905 0.559894 -0.639445
0.686081 -0.051563 -0.725695
0.575756 0.558446 -0.597197
0.192964 0.882105 -0.429715
0.920052 -0.258202 -0.29468
0.299769 0.522946 0.797913
0.531884 0.707716 -0.465014
0.824678 0.155235 -0.543883
-0.463943 -0.637014 -0.615605
-0.15359 0.948934 0.275561
0.570982 0.800751 0.181043
0 0 1
0.779662 0.594322 -0.197252
0.739253 0.644075 -0.196652
0.721753 0.649366 0.239575
0.663949 0.744469 0.070275
0.745784 0.422311 -0.515227
0.457513 0.301884 -0.83639
0.230874 0.955032 -0.186042
0.821484 -0.436597 -0.366806
0.778055 0.591683 -0.211048
0.916395 0.017875 -0.399876
0.448535 0.821259 0.352633
0.953505 -0.120483 -0.276245
0.609241 0.712616 -0.347857
0.756768 0.571888 -0.316616
0.94156 0.30879 -0.134585
0.740432 0.19927 -0.641912
0.80503 0.538233 -0.249463
0.227616 -0.16541 -0.959599
0.980811 -0.075902 0.179581
0.361416 0.81589 -0.451334
0.645063 0.6591 -0.386628
0.690471 0.611969 -0.385674
0.502041 0.697218 -0.511705
-0.186484 -0.982319 0.016504
0.991245 0.129145 -0.027466
0.738494 0.368413 -0.564711
0.861828 0.44995 -0.23409
0.398615 0.841544 -0.364567
0.439219 0.660727 -0.608709
0.359856 0.079442 -0.92962
0.105686 0.957643 -0.267862
0.684855 0.515496 -0.515013
0.683255 0.687268 -0.246626
0.275361 0.561491 -0.780323
0.95223 -0.285772 -0.107669
0.861059 -0.159912 0.482706
0.733838 -0.227999 -0.639921
0.90432 -0.426753 0.009302
0.961528 0.126983 -0.243596
0.648912 0.709042 -0.275993
0.702464 0.537105 -0.466971
0.979575 0.174332 0.100204
0.056 -0.809239 0.584805
0.466963 0.883342 -0.040651
0.76336 0.430972 -0.481191
0.513924 0.801344 0.306154
-0.288352 0.957514 -0.004388
0.823479 0.545254 -0.156781
0.899467 0.434194 0.049349
0.666928 0.096708 -0.73882
0.680297 0.625411 -0.382174
-0.792256 0.570874 -0.215482
0.737555 -0.174545 -0.652339
-0.612109 0.517705 -0.597749
0.900506 0.321423 -0.292875
0.868838 0.432491 0.240981
0.531675 0.676586 -0.509464
0.874572 0.066733 0.480282
0.858626 0.446786 -0.251286
0.824881 -0.495939 0.271322
0.988689 -0.149827 -0.006753
0.855135 -0.506839 -0.108898
-0.734804 0.57196 0.364588
0.605499 0.678522 -0.415906
0.677058 0.659081 -0.327421
0.837131 0.523119 -0.159872
0.303369 0.669449 -0.67809
0.591974 0.786795 -0.174701
0.701417 0.676045 -0.225782
0.95039 0.301344 0.077145
-0.128366 0.919202 -0.372276
0.858894 0.511 0.034338
0 0 1
0.750851 0.519138 -0.408311
0.602503 0.724054 0.335762
0.411977 0.851782 0.323638
0.914341 0.370033 -0.164486
0.765065 0.519317 -0.380768
0.54544 -0.175948 -0.819474
0.727057 0.524694 0.442813
0.935879 -0.145907 -0.320689
0.845492 0.511175 0.154414
-0.509401 0.660716 -0.55133
0.497517 0.855745 -0.142049
0.537793 0.723317 0.433117
0.330734 0.197956 -0.922729
0.701618 0.650749 -0.290273
0.540696 0.776002 0.32476
0.837925 0.09339 -0.537735
-0.042506 -0.186951 -0.981449
0.939239 0.321137 -0.121245
0.581018 0.681377 0.445134
0.687174 0.695255 -0.210742
0.729745 0.6424 -0.234082
0.76747 0.486356 -0.417669
0.444536 0.765981 -0.464392
0.952369 0.091547 0.290882
0.756101 0.593246 -0.276353
0.910411 0.298903 -0.286023
0.877377 0.209872 -0.431466
0.640843 0.685165 -0.34622
0.619554 0.722354 -0.307176
0.541796 0.802394 -0.25024
0.557009 0.326056 -0.763825
0.681009 0.151571 -0.716417
0.371675 0.273673 -0.887108
0.94802 0.278966 0.153089
0.909687 0.411125 -0.058698
0.432572 -0.882653 0.183862
0.72644 0.670188 -0.152092
-0.507932 0.475451 -0.718298
-0.534952 0.708033 0.460995
0.172491 0.711345 -0.681348
0.795663 0.306765 -0.522318
0.725717 0.231496 -0.647876
0.804862 0.479805 0.349262
0.42429 0.547228 -0.721471
0.861595 0.443484 0.246933
0.682783 0.690121 0.239875
0.936785 0.195485 -0.290206
0.528762 0.737622 0.419911
0.967795 -0.136199 -0.211712
0.704037 0.705128 -0.08442
0.437297 0.833306 0.338189
0.34617 0.406829 -0.845374
0.618466 -0.001734 -0.78581
0.388381 0.693917 -0.606333
0.433191 0.794284 -0.42598
0.92994 0.132496 0.34301
0.503869 0.599322 -0.622037
0.619699 0.661172 -0.422877
0.999483 -0.013007 -0.029399
0.866781 0.38273 -0.319699
0.579195 0.489576 -0.651804
0.779 0.616869 -0.11239
0.576261 0.005985 -0.817244
0.980037 0.131255 0.149328
-0.200781 0.075361 -0.976733
0.822782 0.373217 -0.428647
0.701262 0.605072 -0.376988
0.712142 0.642919 0.281972
0.725202 0.607507 -0.324064
0.318331 0.431221 -0.844224
0.648127 0.703892 0.290633
0.951835 -0.005834 0.306555
0.828162 0.556085 0.070121
0.989833 -0.094423 0.106372
0.755588 0.231249 -0.61287
0.402715 0.643706 -0.650741
0.822342 0.291135 -0.488869
-0.617343 -0.522046 -0.58852
0.593538 0.208951 -0.777208
0.244636 0.673903 -0.697143
0.881176 0.337089 -0.331512
0.813625 0.477854 -0.331166
0.816287 0.514169 -0.263258
0.824529 0.273603 0.49527
0.159727 0.942881 0.292341
-0.32022 0.905768 -0.277568
0.693975 0.612761 -0.378052
0.127711 0.989355 -0.069762
0.914513 0.309146 -0.260951
0.755088 0.583674 0.298608
0.274705 0.842984 -0.46251
0.765872 0.304124 -0.566523
0.667882 0.715286 -0.205668
-0.315643 0.691821 -0.649425
0.607165 -0.062238 -0.792135
0.681542 0.42135 -0.598302
0.638377 -0.284965 0.715031
0.922486 0.292677 0.251711
0.491521 0.848216 0.197325
-0.18323 0.136852 -0.973498
0.377205 0.703712 -0.602084
0.582287 0.258205 -0.770891
0.795134 0.310848 -0.520707
0.81649 0.188151 -0.545841
-0.324975 0.490292 -0.808706
0.650089 0.057641 -0.757668
0.98603 0.051889 -0.158279
0.736178 0.537495 -0.411268
0.796883 0.403254 -0.449849
0.773159 0.627245 0.093749
0.559987 0.320088 0.764171
-0.139244 -0.087522 -0.986383
0.774869 0.522013 -0.356483
0.668753 0.740185 -0.069968
0.688834 0.43023 -0.583446
0.609598 0.683924 -0.400798
0.83696 0.488849 0.24602
0.705009 0.696613 -0.133015
0.794148 0.428504 -0.430944
0.969987 0.188752 0.153293
0.582161 0.772533 -0.253536
0.558837 0.779803 -0.282151
0.926315 -0.368392 0.078912
0 0 1
0.530706 0.36523 -0.764825
0.954081 -0.161017 -0.252592
0.453857 0.56932 -0.685484
0.497173 0.840994 -0.213418
-0.723943 0.648051 -0.236509
0.710238 0.624213 -0.325454
0.01415 0.058668 -0.998177
0.367475 0.749003 -0.551322
0.759679 0.482981 -0.435451
0.056619 0.841423 -0.537402
0.936561 0.144599 -0.319288
0.0549 0.979606 0.193285
0.663652 0.742495 0.090921
0.458527 0.726995 0.511107
0.957782 -0.287411 -0.006921
0.802118 0.232368 -0.550102
0.926545 0.325785 0.188093
0.979912 0.199417 0.002515
0.905496 0.191279 -0.3788
-0.011252 -0.914236 0.405026
0.313162 0.799519 -0.512541
0.459214 0.886535 -0.056372
0.901451 0.288147 -0.323044
0.973061 0.107316 0.204049
0.532069 0.79177 -0.300004
0.850431 0.520586 0.075882
-0.80052 -0.575365 0.167701
0.606887 0.631147 -0.483055
0.637411 0.565501 0.52337
0.844173 0.518768 -0.135097
0.496116 0.7094 -0.50062
0.13775 0.192525 -0.971576
0.424936 0.85113 -0.308232
0.6397 0.72893 -0.243814
-0.092267 0.995625 -0.014772
0.021654 0.096607 0.995087
0.908975 0.005242 -0.416817
0.724598 0.413524 -0.551322
0.38728 -0.829255 -0.402928
0.313906 0.585828 0.747174
0.801189 0.598394 -0.004662
0.626835 0.643185 -0.439762
0.591728 0.107038 -0.799
0.214743 0.718382 -0.661674
0.762296 0.388719 -0.517495
-0.045683 0.998255 0.037403
0.647159 0.681585 -0.341506
0.766053 0.411449 -0.493834
-0.32032 0.449784 -0.83372
0.801327 0.00207 0.598223
-0.132634 0.989479 -0.057793
0.535306 0.713944 -0.451365
0.100578 0.815119 -0.570496
0.803096 0.580754 -0.133275
0.813998 -0.354648 -0.460034
0.793099 -0.086707 0.60289
0.807742 0.497447 -0.316385
0.954831 -0.288028 0.073051
0.864885 0.03992 -0.50038
0.768329 0.608893 -0.19728
0.947588 -0.06441 0.312936
0.807428 0.424039 0.410183
0.885397 -0.346199 0.31019
0.542562 0.828753 0.137096
0.62842 0.76724 0.128183
0.730799 0.674227 -0.106538
0.920421 0.078249 0.383019
0.858667 0.438945 -0.264608
0.122824 0.798012 -0.589993
0.758012 0.491172 -0.429147
0.938413 0.30011 -0.171219
-0.433439 0.690019 -0.579659
0.846636 0.532015 -0.012923
0.813072 0.363667 -0.454599
0.680478 0.581721 -0.445589
0.95412 0.293651 0.058513
0.669361 0.233735 -0.705211
0.420806 0.581907 -0.695921
0 0 1
-0.755335 -0.088453 -0.649342
0.93455 -0.118755 -0.33543
0.726902 0.435602 -0.53091
0.984534 -0.087046 -0.152037
0.642153 0.748458 0.165681
0.739109 0.66799 0.086641
0.348334 0.793474 -0.499061
0.967903 0.18752 -0.167332
0.785302 0.364176 -0.500677
0.156229 0.973537 -0.166786
-0.15991 0.920093 0.357573
0.336914 0.833782 -0.437374
0.490277 0.559387 -0.668367
0.787184 0.588409 -0.184708
0.914122 0.348431 -0.207306
0.799268 -0.173461 0.575397
0.052137 0.821122 0.568366
0.79206 0.48498 -0.370723
-0.408108 0.632194 -0.658619
0.929152 0.197766 0.312355
0.949466 0.1949 0.246025
-0.193216 0.112974 -0.97463
0.762483 0.610657 -0.213819
0.927134 0.348927 -0.136644
0.847194 0.529936 -0.037816
-0.063658 -0.904906 -0.420825
0.956305 0.288266 -0.048821
0.460778 0.509084 0.726992
0.685148 0.443928 -0.577495
0.870365 -0.340334 0.35586
0.810484 0.567925 -0.143448
0.916255 0.381662 -0.121696
0.335146 0.878612 0.340173
0.570801 0.808574 0.142809
0.948593 0.161557 0.27216
0.985289 0.128409 -0.112766
0.607707 0.732598 -0.306581
0.901798 0.415322 -0.119452
0.574697 0.623231 -0.530383
0.554602 0.773963 0.305612
0.327607 0.743006 -0.583623
0.807893 0.470436 -0.354962
0.039061 0.65302 -0.756333
0.447265 0.879159 -0.164417
-0.342332 -0.814533 0.468342
0.819358 0.535229 -0.205385
0.416901 0.695031 -0.585769
-0.165904 0.054287 -0.984647
0.772845 0.632431 -0.052354
-0.71624 0.269881 -0.643556
0.692859 -0.719397 0.04914
0.815336 0.287881 -0.502347
-0.555154 0.349076 -0.754951
0.753953 0.560721 -0.342266
0.80294 0.592192 0.067802
0.764096 0.640801 -0.074372
0.904056 0.402013 0.145149
0.710839 0.691368 -0.129299
0.672256 0.692226 -0.262477
-0.715228 0.553824 0.426295
0.657177 0.6698 -0.345668
0.781674 0.597863 0.17761
0.491282 0.102324 -0.864969
0.121409 0.793207 -0.596726
0.582449 0.756733 0.296832
0.824581 0.558152 0.092376
0.794095 0.607709 0.010128
0.308672 0.612058 0.728084
0.794568 0.414691 -0.4435
0.911945 0.408271 -0.04089
0.81585 0.004179 -0.578248
0.852202 0.234672 -0.467633
0 0 1
0.611199 0.490304 -0.621319
-0.28238 0.002536 -0.959299
-0.669558 0.727952 -0.147574
0.690675 0.628624 -0.357491
-0.409142 0.789619 -0.45728
0.421801 0.892923 -0.157394
0.615844 0.698099 -0.365231
0.682948 0.427024 -0.592649
0.920201 0.355917 0.162953
0.986451 0.146988 0.072867
0.631657 0.655737 0.413544
0.163542 -0.261669 -0.951201
0.556236 0.644642 -0.52444
0.693898 -0.090621 -0.714349
0.938955 0.32101 0.123759
0.402268 0.73685 -0.543353
0.793615 0.406659 -0.452553
0.347615 0.541777 -0.765272
0.727729 0.624442 -0.283694
0.599784 0.501865 -0.623211
0.788142 0.605632 -0.109736
0.686643 0.706408 -0.171782
-0.56872 0.470456 -0.674707
0.88518 0.46513 -0.010492
0.786702 0.417127 -0.455087
0.920561 0.360572 -0.150183
0.978447 0.104862 0.177893
0.621694 0.599558 -0.504011
0.833517 0.428669 -0.348557
0.820786 0.566534 -0.073138
0 0 1
0.583794 0.655755 -0.478718
0.807594 0.528966 -0.260744
0.749005 -0.495376 -0.439993
0.872264 0.459964 -0.166096
0.670444 0.604083 -0.430799
0.880004 0.371142 -0.29639
0.971128 0.224331 -0.081154
-0.639403 0.578611 -0.506333
0.738356 0.367079 0.56576
0.107477 0.181552 -0.977491
0.940516 -0.332259 0.070955
0.874603 0.288914 -0.389357
-0.174722 0.381491 -0.90771
0.457312 0.85985 0.226989
0.719744 0.413567 -0.557612
0.751545 0.590593 -0.293905
0.831127 0.52688 -0.177836
0 0 1
-0.401149 0.468882 -0.786911
0.735954 0.529582 -0.421799
0.511191 0.798259 0.318537
0.330604 -0.943719 -0.009807
0.753568 0.452142 -0.477182
0.433087 0.676979 -0.595093
0.714734 0.597539 0.363459
0.961581 -0.113177 -0.250107
0.741739 0.657469 -0.132506
0.449187 0.311516 -0.83737
0.970586 0.007228 -0.240647
-0.708623 -0.389062 -0.588629
0.818027 0.570314 0.074655
0.549371 0.720142 -0.423777
0.496254 -0.692548 -0.523554
0 0 1
0.65387 0.491687 -0.575064
0.737637 0.557446 -0.38098
0.887432 0.43387 -0.15563
-0.171186 0.038779 -0.984475
0.621515 0.0023 -0.783399
0.603108 0.723307 -0.336284
0.51169 0.668826 -0.539301
0.751953 0.577216 -0.318416
0.325674 -0.129815 -0.936528
0.479865 0.178788 -0.858932
0.762934 -0.005543 0.646452
-0.07954 -0.099584 -0.991845
0.667916 0.691556 -0.275025
0.664398 0.628801 -0.403962
-0.42846 0.850947 0.303826
0.732492 0.613906 -0.294238
0.760711 0.552974 -0.339909
0.886129 0.233673 0.400214
0.723804 0.580928 -0.372331
-0.070703 0.972992 -0.219745
0.767277 0.339491 -0.544088
0.457957 0.373436 -0.806734
0.717681 0.626175 -0.304695
0.84786 -0.334195 0.411639
0.63453 0.749931 0.187014
0.705715 0.389068 0.592108
-0.823542 0.56035 -0.088247
0.570701 0.671303 0.472919
0.740206 0.52507 -0.419995
0.415823 0.887119 0.200276
0.479027 0.477551 0.736531
0.975031 0.189161 -0.116328
-0.010729 0.915027 0.403249
0.839008 0.496826 -0.221878
0.034823 0.638196 -0.769086
-0.748347 -0.564309 0.348615
0.689732 0.674172 -0.264127
0.756934 0.475655 -0.448111
0.844456 0.433526 -0.314561
0 0 1
0.824498 0.375458 -0.42336
0.595158 0.733309 -0.328703
-0.797307 0.57562 -0.181559
0.609911 -0.404834 -0.681262
-0.530057 -0.040265 -0.847005
0.806019 0.450746 -0.383617
0.912181 0.378019 0.158202
0.9867 0.139905 -0.082765
0.964616 0.179815 -0.192827
0.664602 0.650831 -0.367048
0.242153 0.630279 0.737639
0.933531 0.102044 -0.343667
0.456673 0.106023 -0.883295
0.678458 0.314716 0.663814
0.873183 -0.40522 -0.270827
0.277533 0.945843 0.168391
-0.210005 -0.11966 0.97035
0.844365 0.418564 -0.334443
0.582372 0.733588 -0.350274
-0.41297 0.571304 -0.709272
-0.907876 0.209278 0.36327
0.70481 -0.703655 -0.090067
0.76237 0.434224 -0.479835
0.759163 0.644948 -0.087822
0.841924 0.443148 -0.307869
-0.926961 0.360853 0.102612
0.633328 0.449723 -0.629798
0.63652 0.3021 0.709632
0.743493 0.579052 -0.334538
0.746531 0.289358 -0.599135
0.130693 0.560403 -0.817843
0.671318 0.559021 -0.48665
0.776778 0.494398 -0.390112
-0.045776 0.960859 -0.273231
0.807976 0.559518 -0.184701
0.880599 0.443841 -0.165984
0.880525 0.434499 0.189437
0.975448 0.165377 0.145434
0.831118 0.535519 -0.149875
0.756442 0.301706 -0.580319
0.790511 0.570052 -0.223903
0.512128 -0.333513 -0.791514
0.22717 0.772289 -0.593266
0.927541 -0.064702 0.368077
0.947844 0.183042 -0.260936
0.713107 0.378461 -0.590123
0.712007 0.683586 -0.160487
0.302739 0.945732 -0.118072
0.918565 0.175681 -0.354083
0.940442 0.268423 -0.20861
0 0 1
0.760617 0.525005 -0.381879
0.787454 0.570717 -0.232807
0.747139 0.408063 -0.52466
-0.903586 0.008934 -0.428313
-0.317672 0.483224 -0.81583
0.84765 -0.102102 -0.520639
0.938612 0.310772 -0.14976
0.674093 0.736303 -0.058788
0.797608 0.20674 -0.566639
0.825646 0.524373 -0.208186
0.843116 0.421617 -0.333758
0.605026 0.730912 0.315772
0.733932 0.33664 -0.58993
0.934767 0.355258 -0.001745
0.29697 0.7832 -0.546266
0.806652 0.541662 -0.236462
-0.300485 0.930731 -0.208443
0.900995 0.316773 -0.296417
0.954224 -0.071319 0.290465
0.375092 0.033083 0.926397
0.271166 0.615948 0.739647
0.803518 0.325598 -0.498341
0.311715 0.916368 -0.251204
0.941869 -0.332768 -0.04634
0.773611 0.591278 0.227854
0.618155 0.780467 -0.093574
0.877055 0.213683 0.430249
0.346007 0.837766 -0.422408
0.593802 0.523179 -0.611297
0.990736 -0.063211 0.120194
0.952703 0.299192 -0.053306
0.78772 0.489728 -0.373717
0.748951 0.418676 -0.513598
0.840436 0.45262 -0.297996
0.875467 0.474006 -0.094212
0.658371 0.628256 -0.414538
0.802129 0.508608 -0.3129
0.876269 0.411914 0.249958
0.743189 0.426743 -0.515325
0.96878 -0.121208 0.216274
0.916696 0.33196 -0.22242
0.085021 0.865822 0.493076
0.004248 0.970922 0.239358
0.771088 0.495205 -0.400245
-0.298656 0.370719 0.879416
-0.023719 0.853896 -0.519903
0.23024 0.912277 -0.338732
0.094137 0.856353 0.507737
0.396693 0.739494 -0.54386
0.616668 0.698655 -0.36277
0.890289 0.432538 -0.142464
0.782408 0.352268 -0.513561
0.762368 0.543354 -0.351513
0.958858 0.253952 -0.126883
0.690729 0.657976 -0.299935
0.803816 0.363599 -0.470824
0.590104 0.428008 -0.684534
0.881611 -0.198796 0.428068
0.80339 0.497704 -0.326888
0.903271 -0.128686 -0.409318
0.637516 0.667188 -0.385271
0.84757 0.268698 -0.457631
0.830779 0.532522 -0.161948
0.610421 0.343725 0.71361
0.686695 0.683362 -0.247926
0.759787 0.520625 -0.389453
0.996528 -0.002274 -0.083224
0.926321 -0.373357 0.050343
0.77544 0.533643 -0.337516
0.765639 0.567001 -0.303821
0.774408 0.417902 -0.475027
0.544415 0.598262 -0.587958
0.696392 0.539834 -0.472882
0.7531 0.514983 -0.409429
-0.084874 0.991138 0.102189
0.849855 0.462075 -0.253444
0.677361 0.672671 0.297819
0.488185 0.812522 -0.318563
0.518557 0.787768 -0.332445
-0.196838 0.746136 0.636031
0.166651 0.926 -0.338749
0.792597 0.298317 -0.531786
0.682704 -0.547948 0.483392
0.821854 0.381339 -0.423246
0.610294 0.586708 -0.532274
0.54234 0.629127 -0.556835
0.812687 0.528745 -0.244884
0.168141 0.978358 -0.120598
0.684597 0.708493 -0.171362
-0.358582 0.395055 0.845784
0.119741 0.991551 0.049887
0.709655 0.649546 -0.272909
0.962655 -0.239223 0.126763
0.789594 0.330928 -0.516747
0.661915 0.381364 -0.645314
0.808821 0.515009 -0.283856
0.892913 0.293285 -0.341598
0.668818 -0.01015 -0.743356
0.425382 0.904764 0.021282
0.729408 -0.049081 -0.682315
0.984999 0.011468 0.172177
-0.959222 0.200398 0.199333
0.574155 0.798656 -0.180264
0.883614 -0.176941 -0.433496
0.245004 0.963064 0.111716
0.21582 0.966429 0.13942
0.835076 0.534892 -0.1286
-0.756614 0.282223 0.589818
0.47693 0.672217 -0.56627
0.748403 -0.468401 -0.469568
0.652286 0.594698 -0.469955
0.39079 0.904287 -0.171899
0.550789 0.810108 0.200889
0.859277 0.462597 -0.218284
0.850817 -0.254498 0.459718
0.879953 0.157227 0.448289
0.966693 0.020211 -0.255138
0.912133 -0.270305 -0.308138
-0.619662 0.783912 0.038738
0.675103 -0.397781 0.621294
0.663028 0.651843 -0.368097
0.722274 0.343779 -0.600113
0.518116 0.465767 -0.717368
0.610113 0.620314 -0.492923
0.839624 0.516425 -0.168338
0.567821 0.804296 0.175178
0.825657 0.531632 -0.188831
0.248855 -0.515345 -0.820055
0.666684 0.344345 -0.661029
0.812714 0.573572 -0.102523
0.568645 0.610766 -0.551006
0.938648 0.27395 0.2095
0.846463 0.48523 -0.219207
0.57345 0.382103 -0.724674
0.392093 0.400807 -0.82802
0.561625 0.416626 -0.714842
-0.259327 0.74591 -0.613488
0.874142 0.30761 -0.375835
0.792152 0.205012 -0.574861
-0.569425 0.707338 -0.418842
0.899521 0.012973 0.436685
0.948253 0.311685 -0.060568
0.820203 0.557894 -0.126577
0.822478 -0.354778 -0.444592
0.801586 0.53402 -0.268854
0.810803 0.528022 -0.252569
0.804985 0.532446 -0.261726
0.808822 0.529181 -0.256466
0.805473 0.530386 -0.264393
0.806238 0.5313 -0.260194
0.953078 0.069063 -0.294743
0.711279 0.441645 -0.546838
0 0 1
0.944295 0.085622 -0.317768
-0.41132 0.903974 -0.116817
0.221899 -0.717018 -0.660791
0.708885 0.449667 -0.543398
0.829104 0.400481 -0.390129
-0.130547 0.558985 -0.818836
0.703541 0.465615 -0.536874
0.928057 0.111791 -0.355265
0.601059 0.448209 -0.661693
-0.60056 0.788528 -0.132477
0.939419 0.09331 -0.329825
0.602512 0.56758 -0.561099
0.307193 -0.785995 -0.53651
0.922414 0.244833 -0.298681
-0.472193 0.873902 -0.115452
0.672326 0.062781 0.737588
0.844433 0.396712 -0.359934
0.642926 -0.009007 -0.765875
0.269882 0.897107 0.349805
0.969278 0.049783 0.240878
0.844843 0.457986 -0.276567
0.828435 0.386729 -0.405138
0 0 1
0 0 1
0.707362 0.453869 -0.541887
-0.222099 0.528693 -0.819241
0.705527 0.463638 -0.535977
0.750271 0.382205 -0.539456
0.210595 0.876183 0.433535
0.690137 0.708146 -0.14913
0 0 1
0.615319 0.447433 -0.648989
0.597116 0.01194 -0.802066
0.851398 0.468773 -0.235316
0.849525 -0.257847 -0.460242
0.483241 0.023462 -0.875173
0.84593 0.334752 -0.415142
0.721427 0.467821 -0.510574
0.173542 0.785104 -0.594554
-0.562932 0.816506 -0.128163
0.615114 0.562643 -0.55233
-0.370414 0.200661 -0.906933
0.461094 0.666235 -0.586109
0.936642 0.096128 -0.33684
0.930083 0.058662 -0.362635
0.526558 0.222064 -0.820624
0.534674 0.758425 0.372713
0.603066 0.769678 -0.209542
0.430469 -0.832328 -0.349181
0.349497 -0.805915 -0.477864
-0.500985 0.856894 -0.121438
0.63192 0.684 -0.364447
0.913268 0.268829 -0.30606
0.824527 0.324686 0.463394
0.521439 0.297314 -0.799816
0.372144 0.868362 0.327804
0.843802 0.408577 -0.347941
0.91806 0.048888 -0.393416
0.971664 0.143799 0.187594
0.725559 0.025447 0.68769
0.847638 0.421982 -0.321622
0.629564 -0.001063 -0.776948
0.593278 0.605872 -0.530038
0.618838 0.450824 -0.64327
0.427049 0.187067 -0.884667
0.956366 -0.202868 -0.210258
0.492803 0.677666 -0.545815
0.748548 0.395896 -0.531923
0.52659 0.752935 -0.394705
0.786093 0.341809 -0.515
0.302787 0.889012 0.34348
-0.455939 0.846005 -0.276398
-0.03989 0.993893 -0.102887
0 0 1
0.692033 0.46331 -0.553564
0.716676 0.458283 -0.525692
-0.091509 0.029204 -0.995376
0.76025 0.638476 -0.11987
0.865895 -0.052019 0.497513
0.802849 0.502881 -0.320225
0.706978 0.456202 -0.540427
0.970978 0.079855 0.225445
0.848687 0.457696 -0.265037
0.679211 0.705395 -0.202705
0.825065 0.383308 -0.415141
-0.089521 0.659678 -0.746197
0.73644 0.509479 -0.44507
0.926991 -0.305908 -0.217044
0.698593 0.461838 -0.54651
0.792741 0.320645 -0.51841
0.804855 0.309539 -0.506354
-0.273649 0.510806 -0.814981
0.519219 0.851255 -0.076011
0.635167 -0.562699 -0.529087
0.830311 0.486827 -0.271261
0.796187 -0.418238 -0.437223
0.675992 0.538942 -0.50257
0.901377 -0.384644 0.198919
0.154034 0.871019 0.466475
0.050298 0.271685 -0.961071
0.593884 0.788433 0.160233
0.712296 0.458159 -0.531718
0.834539 0.355664 -0.42077
0.895181 0.309787 -0.320443
0.659648 0.720045 -0.215406
0 0 1
0.92712 0.084671 -0.365073
0.484548 0.061459 -0.872603
0.940246 0.118283 -0.319291
0.665914 0.642549 -0.379063
0.607175 0.006989 -0.794537
0.620463 0.04132 -0.783146
0.750995 0.433094 -0.498433
0.68757 0.708089 -0.160804
0.932446 -0.160407 0.323751
0.849773 0.467072 -0.244395
0.810046 0.389718 -0.438115
0.708714 0.704289 -0.041247
0.791928 0.389039 -0.470636
0.810698 0.495266 -0.312218
0.826259 0.473654 -0.304873
0.476424 0.821172 0.31416
0.834318 -0.306115 -0.458483
0.118951 0.992898 -0.002061
0.654752 0.667948 -0.353759
0.795636 0.494518 -0.349878
0.748371 0.413033 -0.518984
0.467534 0.669635 -0.577062
0.489774 0.741672 -0.458307
0.52346 -0.252425 -0.8138
0.547286 0.523304 -0.65317
0.792132 0.469172 -0.390391
0.739985 0.669009 -0.06963
0.689717 0.685279 -0.233844
-0.281823 0.914603 0.289962
0.402061 0.718746 -0.567231
0.775635 0.629571 0.045068
0.149432 0.79028 -0.594245
-0.282464 0.157842 -0.946203
0.468198 0.861545 -0.196291
-0.930587 -0.284372 0.230524
0.625898 0.703388 -0.336892
0.930592 0.361464 -0.057818
0.803481 0.177624 -0.568214
-0.54659 0.827715 -0.126992
-0.53296 0.819283 -0.211492
0.625495 0.454476 -0.634198
0.636003 0.477369 -0.606316
0.695449 0.591547 -0.407949
0.593599 0.726724 -0.345706
0.440416 -0.50845 0.739941
0.936962 0.071219 -0.342096
0.170234 0.096928 -0.980625
0.536076 0.746067 0.394977
0.501284 0.203449 -0.841025
0.619978 0.560407 -0.549155
0.529202 0.820239 -0.217148
0.654541 0.577059 -0.488445
0.916406 -0.002455 -0.400242
0.900878 0.41674 0.121439
0.185169 -0.915634 -0.356828
0.631742 0.608429 -0.48033
0.937013 -0.177229 -0.300991
0 0 1
0 0 1
0.658917 0.434241 -0.614218
0.494748 0.633563 -0.59483
0.927721 0.31876 -0.194232
0.935427 0.115252 -0.334204
0.192321 0.957797 0.213631
0.123812 0.628528 -0.76787
0.786615 0.584905 -0.197795
0.611242 0.704727 -0.360199
-0.493333 0.869433 -0.02663
0.303979 0.918149 0.254165
0.90456 0.243196 -0.350182
0.630752 0.556572 -0.540722
0.652053 0.555555 -0.515932
0.636239 0.538266 -0.552694
0.774179 0.602462 -0.194132
0.785105 0.430109 -0.445664
0.788295 0.230539 -0.570476
0.619972 0.592702 -0.514139
0.596361 0.779689 -0.19089
0 0 1
0.330999 -0.903846 -0.271112
0.096739 0.800424 -0.591577
0.080263 0.753404 -0.652641
0.606473 0.651715 -0.455476
0.748766 0.401952 -0.527051
0.484035 0.138612 -0.864
0.970533 0.20921 0.119571
0.917326 0.028921 -0.397084
0.705311 0.407225 -0.580262
0.784023 -0.011778 0.62062
0.531075 -0.403303 -0.745189
-0.00392 0.999337 0.036197
0.635605 0.420303 -0.647574
0.35561 -0.825623 -0.438049
0.810022 0.521711 -0.267735
0.426177 0.904296 -0.024931
0.623714 0.692574 -0.362385
0.951101 0.308254 -0.019648
-0.358854 0.476682 -0.802495
0.851928 0.250905 -0.459636
0.620081 0.573017 -0.535865
0.963348 0.252825 0.089662
0.731133 0.624647 -0.274337
-0.517763 0.846686 -0.122654
-0.529932 0.845407 -0.066775
0.575322 0.643469 -0.504928
-0.329189 0.935541 -0.12805
0.713108 0.611241 -0.34331
0.836033 0.300419 -0.459127
0.7542 0.655164 -0.044078
0.90512 0.326892 -0.271843
0.889296 -0.337374 -0.308759
0.802872 0.537608 -0.257633
0.771192 0.437147 -0.46278
0.390959 0.477736 0.786714
0.908456 0.280955 -0.309472
0.544631 0.677589 -0.494217
0.621617 0.472534 -0.624743
0.813342 0.408321 -0.414426
0.818237 0.352576 0.454069
0.848086 0.461327 -0.260629
0.892118 0.331984 -0.306452
0.915349 -0.303108 -0.265069
0.85705 0.425804 -0.290096
0.039074 0.851011 0.523693
0.876683 0.414847 -0.243575
0.901153 0.402253 -0.161604
0.787251 0.539878 -0.29794
0.228565 0.565589 0.792381
0.901953 0.397074 0.169746
0.489383 0.302336 -0.817984
0.602005 0.596036 -0.531348
0.589193 0.694708 -0.412593
0.728278 0.391873 -0.562181
0.931465 0.088671 -0.352859
0.750261 0.624731 0.216379
0.787913 0.310305 -0.531887
0.894032 0.111712 -0.433851
0.354541 0.873475 0.333681
0.350106 0.82473 0.444123
0.358215 0.893704 0.270141
0.369631 0.847124 0.381777
-0.826352 0.426092 0.368221
0.799373 0.49665 -0.338144
-0.865428 0.460031 -0.198506
0.724798 0.622279 -0.295698
0.950299 -0.198161 -0.240133
-0.084034 0.996091 0.027215
0.580099 0.796735 0.169404
0.598917 0.774308 0.204317
0.517028 0.678085 -0.522382
-0.796204 -0.550286 -0.251483
0.625253 -0.001965 -0.78042
0.618163 -0.035251 -0.785259
0.768765 0.58595 -0.256249
0.842377 0.415873 -0.34271
0.597793 -0.020264 -0.801394
0.733254 0.665166 -0.141042
0.567595 0.056137 -0.821392
0.686445 0.711902 0.148289
0.538701 0.579659 -0.611389
-0.095812 0.829998 0.549475
0.804511 0.406209 0.433308
0.75909 0.423497 0.494402
0.748185 0.42799 -0.506995
0.799861 0.535713 0.270617
0.248915 -0.860045 -0.44538
0.972158 0.126371 0.197331
0.856676 0.21947 -0.46684
0.64982 0.75868 -0.046237
0.830701 0.447847 -0.330709
0.83119 0.258176 -0.492412
-0.292456 0.587427 -0.754586
0.746505 0.010907 0.66529
0.713209 -0.074825 0.696946
0.931572 0.260302 -0.253805
0.582878 0.797229 -0.157094
0.93333 0.241226 0.265905
0.6776 0.716052 -0.167715
0.699379 0.167437 0.694862
0.449127 0.125545 -0.884604
-0.472742 0.85908 -0.196204
-0.509484 0.84344 -0.170397
0.788566 0.336268 -0.514866
-0.337231 0.193519 0.921317
0.489503 0.672059 -0.555629
0.838553 0.482857 -0.252346
0.906416 0.312335 -0.284352
0.961684 -0.019668 -0.273455
0.706338 0.457986 -0.539756
0.709948 0.457228 -0.535646
0.431808 0.166616 -0.886443
0.378698 0.168672 -0.91002
0.679224 0.687194 -0.257717
0.634857 0.464847 -0.61715
0 0 1
0.789505 0.517517 -0.329936
0.68646 0.627328 -0.367739
0.642063 0.557707 -0.526039
0.617953 0.454896 -0.641251
0.664902 0.646559 -0.373987
0.915175 0.40271 0.016713
0.667821 0.653164 -0.356919
0.905932 -0.03721 -0.421786
0.971491 0.094431 0.217458
0.541082 0.832836 -0.116676
0.540049 0.736234 -0.407807
0.867721 0.44797 0.215368
-0.977271 -0.195632 -0.081661
0.621917 0.560225 -0.547144
0.626441 0.547971 -0.554346
0.611857 0.46999 -0.636192
0.940515 0.336184 0.049111
0.267293 0.779824 0.566065
0.961289 0.109215 0.252974
0 0 1
0.93276 0.102719 -0.345554
0.931624 0.096426 -0.350397
0.647667 0.020656 -0.761643
0.446853 0.7007 -0.556186
0.219398 0.975437 0.019682
0.319289 0.884777 0.339447
0.307802 0.90348 0.298299
0.540369 -0.741632 -0.39747
0.643249 0.137146 -0.753274
0.773706 -0.303923 -0.555886
-0.096853 0.904106 0.416188
0.980473 -0.169087 -0.10041
0.003793 0.996738 -0.080612
0.041537 0.982872 -0.179545
0.858262 0.403127 -0.317608
0 0 1
0.823777 0.380276 -0.420453
0.816484 0.393542 -0.422467
0.800549 0.307644 -0.514272
0.57246 0.436336 0.69419
0.776426 0.45594 -0.435066
0.900583 -0.427345 0.079533
0.829901 -0.55544 0.052449
0.502584 0.410351 -0.760935
0.686733 0.702216 -0.187857
0.687158 0.704401 -0.177858
-0.129071 0.036505 -0.990963
-0.109769 -0.026606 -0.993601
0.630933 0.662061 -0.404472
0.751261 0.648109 -0.124747
0.743424 0.418257 -0.521902
0.56013 0.807015 0.187033
0.528544 0.831027 0.173309
0.844457 -0.034416 0.534516
0.853038 0.325938 0.407542
-0.37976 0.529236 -0.758743
0.805664 0.50013 -0.317451
0.817028 0.384527 -0.429656
0.490368 0.869187 -0.06366
0.479667 -0.715435 0.508008
0.500989 0.725154 0.472399
0.943273 -0.114531 0.311637
0.961297 0.155662 0.227328
0.673674 0.707282 -0.214277
0.670476 0.711071 -0.211754
0.669768 0.706057 -0.229989
0.78649 0.341115 0.514853
0.141052 0.790387 -0.596148
0.140647 0.75382 -0.641852
0.849185 0.505961 -0.151287
0.576565 0.58048 0.574993
0.842262 0.502947 -0.194008
0.724933 0.310361 -0.614937
0.890041 0.446996 0.08956
0.621696 0.532865 -0.574063
0.433162 0.45782 -0.776383
0.977432 0.134866 -0.162597
0.980698 -0.12262 0.152303
0.6176 0.633752 0.465756
0.72517 0.360961 -0.586375
-0.023052 0.651397 -0.758387
0.707013 0.477667 -0.521505
0.745723 0.497068 -0.443645
0.906612 0.17181 0.385403
0.702158 0.459733 -0.54371
0.915024 -0.236407 -0.326869
0.737747 0.518597 -0.432189
0.807386 -0.385608 -0.446581
0.764047 -0.381795 -0.520061
0.84815 -0.484156 -0.215022
0.722267 0.031975 -0.690875
0.675144 0.640302 -0.366326
0.518896 0.854836 -0.001386
-0.195598 0.460025 -0.866093
0.745081 0.645977 -0.166037
0.569094 0.818845 0.075
0.619112 0.608225 -0.496752
0.748064 0.535201 -0.392378
0.765168 0.454737 -0.455776
0.93282 -0.330137 0.144417
0.790705 0.325868 -0.518263
0.782408 0.32341 -0.532207
0.797908 0.326827 -0.506484
0.836504 -0.383397 -0.391495
0.910175 -0.348716 -0.223561
0.917542 -0.375779 -0.130028
0.453354 0.176268 -0.873727
0.25299 0.495219 -0.831116
0.850792 0.516049 -0.099233
0.922879 0.370303 0.105688
0.003167 0.926202 -0.377014
0.93432 0.100729 -0.341906
0.935028 0.107518 -0.33788
0.801863 0.290516 -0.522127
0.790791 0.267507 -0.550536
0.770822 0.271587 -0.576259
-0.114816 0.084361 -0.989798
0.868679 0.189571 -0.457667
-0.300921 0.500483 -0.811765
-0.312261 0.545398 -0.777839
-0.258248 0.469813 -0.844147
-0.249478 0.49334 0.833293
0.699433 0.457638 -0.548963
0.409273 0.834283 0.369416
0.451412 0.780002 0.433386
0.618187 -0.017379 -0.785839
0.415602 0.084526 -0.90561
0.365811 0.676624 -0.639033
0.811646 0.583556 0.026321
0.527816 0.747509 0.403287
0.49124 0.768393 0.410188
0.633555 0.769063 0.084561
0.645586 0.735068 0.207107
0.69739 -0.522593 -0.490453
0.693325 -0.628969 -0.351708
0.822645 0.501084 -0.268644
-0.099854 0.975613 0.195468
0.78884 0.335171 -0.515162
0.676626 0.547324 -0.492558
-0.13037 -0.946339 -0.295712
0.890744 0.352039 -0.287478
0.773881 0.45034 0.445312
0.585744 0.792833 -0.168281
0.609006 0.779201 -0.14818
-0.035563 0.715827 -0.697372
0 0 1
0.808661 0.497254 -0.314334
0.810756 0.490211 -0.319951
0.797185 -0.085963 -0.597584
0.987371 0.066676 0.143712
0.880107 0.472881 0.042362
0.889762 -0.375445 0.259546
0.934403 -0.264362 0.238755
0.376562 -0.869153 -0.320585
-0.779029 0.454578 -0.431824
0.591603 0.584503 -0.555304
0.80796 0.502446 -0.307814
0.899773 0.300118 -0.316762
0.795292 0.331658 -0.507458
0.702713 0.708735 -0.062367
0.522314 0.731505 0.43828
0.534536 0.704672 0.466592
0.937257 -0.050478 -0.344966
0.878592 -0.284644 -0.383476
0.609483 0.026344 -0.792361
0.084431 0.227261 -0.970167
0.214815 0.294809 -0.931097
-0.043383 0.216174 -0.975391
0.687747 0.706439 -0.167176
0.120779 0.867398 0.482734
0.18793 0.819483 0.541416
0.111153 0.897885 0.425967
0.919363 0.007616 -0.393337
0.929866 -0.016979 -0.367506
0.928819 0.02368 -0.369777
0.291042 0.865936 0.406755
0.664232 0.657002 -0.356574
0.671379 0.657402 -0.342158
0.829248 0.362658 -0.425238
0.478247 0.082807 -0.874313
0.779979 0.298919 -0.549801
0.9725 -0.168713 -0.160559
0.940112 -0.25119 -0.230419
0.798139 0.556426 -0.231007
0.560573 0.762151 -0.323857
0.805788 0.511974 -0.297637
0.863967 0.427254 0.266486
0.876475 0.37439 0.302695
0.568518 0.728202 -0.382766
0.776821 0.598978 -0.194356
0.779964 0.598914 -0.181545
0.773205 0.600122 -0.204958
0.978346 0.072567 0.19384
0.697439 0.623455 -0.353389
0.610962 0.717541 -0.334455
0.95506 0.224247 -0.193837
0.893202 0.443691 -0.072992
0.513934 0.510129 0.689667
0.947982 0.281819 -0.148011
0.772255 0.170561 -0.61199
0.386663 0.915564 -0.110611
0.993806 -0.093307 0.06036
0.49348 0.339113 -0.800924
-0.607289 -0.702242 -0.371559
0.574143 0.788572 -0.220259
0.841408 0.473458 -0.26052
0.650085 0.64464 -0.40228
0.66277 0.65491 -0.363083
0.791618 0.399793 -0.462068
0 0 1
0.615745 0.004676 -0.787931
0.646481 0.667317 -0.369799
0.756415 0.437401 -0.48633
0.517945 0.699309 -0.492646
0.703557 0.45523 -0.545685
0.671951 0.577475 -0.463687
0.082957 0.99389 -0.0728
0.06812 0.989228 -0.12957
-0.830793 0.521179 -0.195335
-0.798368 0.508214 -0.322998
0.420745 0.883894 -0.204219
0.78977 0.479572 -0.382458
0.409609 0.740691 -0.532538
0.391283 0.773764 -0.498183
0.432908 0.722221 -0.539432
0.662301 -0.201487 -0.721638
0.747616 0.4102 -0.522308
0.754896 0.412524 -0.509859
0.713658 0.685668 -0.143355
0.277284 0.656065 0.70192
0.578013 0.721924 0.38043
0.838476 -0.456517 -0.297573
-0.178166 0.98361 0.027702
0.789118 -0.194454 -0.582649
0.838236 -0.106302 0.534846
0.746885 0.51782 -0.417162
0.849198 0.46584 -0.24871
0.844389 0.47566 -0.246487
0.95836 0.165524 -0.232698
0.631378 0.704351 0.324425
0.802983 0.586561 0.105664
0.454611 0.245866 -0.856083
0.504386 0.647046 -0.571774
0.718881 0.444551 -0.534402
0.937473 0.0829 -0.338041
0.621603 0.682946 -0.383661
-0.543343 0.823944 -0.160919
0.692677 0.411953 -0.592024
0.67785 0.398189 -0.618034
0.788453 0.498337 -0.360558
0.85681 0.271753 0.438208
-0.186621 0.62079 -0.761441
0.385564 0.759579 -0.523813
0.528748 0.78825 0.314782
0.896742 0.32514 -0.30023
0.922603 0.34333 -0.175865
0.348917 0.887011 0.302438
0.619474 0.567027 -0.542893
0.958443 0.034346 0.28321
0.900934 0.361655 -0.239838
0.153377 0.145797 -0.977353
0.240639 0.180403 -0.953702
0.570592 -0.114169 -0.813259
-0.2922 -0.234999 -0.927035
0.370485 -0.830106 -0.416732
0.307043 -0.864628 -0.397672
0.495104 0.810308 0.313485
0.488872 0.795598 0.35781
0.490476 0.824823 0.281247
0.705175 0.462075 -0.537786
0.57501 0.747292 0.333044
0.8672 0.235851 -0.438563
0.887781 0.238904 -0.393409
0.955108 0.287302 -0.072295
-0.759765 0.620646 -0.193792
0.346572 0.934606 0.079993
0.663209 0.568934 -0.486279
0.105016 0.994168 -0.024512
0.055846 0.998337 0.014294
0.145099 0.988829 -0.034121
0.739979 0.654415 0.155475
0.487721 0.672011 -0.557251
0.494596 0.659542 -0.56602
0.825664 -0.331081 -0.456797
0.794671 -0.331541 -0.508507
-0.512742 0.853547 -0.092483
0.870168 0.392995 -0.297259
0.433955 0.30238 -0.848675
0.412498 0.279056 -0.867164
0.570813 0.795236 0.20438
-0.538978 0.833028 -0.12477
-0.549608 0.830406 -0.091422
-0.584147 0.811236 -0.025858
0.55304 0.797261 0.241911
0.319994 0.872789 0.36857
0.512444 0.725082 -0.460062
0.95025 0.133201 -0.281573
0.636846 0.584303 -0.503009
0.405441 0.727977 -0.552872
0.030396 0.946686 0.32072
0.746767 0.609816 -0.265451
0.66488 0.729363 0.161136
0.621612 0.43244 -0.653142
0.855984 0.300656 -0.420592
0.368866 -0.256157 -0.893488
0.549692 0.820796 -0.155346
0.61968 0.695611 -0.363485
0.626769 0.696356 -0.349641
0.618146 0.690924 -0.374861
0.763126 0.644896 -0.04182
0.753174 0.657724 -0.011291
0.474857 0.667698 -0.573315
0.592674 0.631179 -0.50035
0.508086 0.685554 0.521407
0.435519 0.65962 0.612556
0.883353 0.302696 -0.357857
0.844885 0.420399 -0.330807
0.917372 -0.15399 -0.367037
0.65457 0.457399 -0.601934
0.909674 0.415116 -0.013103
0.542861 0.542387 -0.641185
0.752451 0.327183 -0.571636
0.668841 0.719884 -0.185525
-0.954199 -0.06051 0.292988
0.70816 0.457266 -0.537976
-0.228813 0.913095 0.337493
0.824485 0.355907 -0.439948
0.05459 0.815912 -0.575593
0.48833 0.192582 -0.851144
0.548937 0.151381 -0.822042
0.477179 0.22296 -0.850052
0.783515 0.581712 -0.21844
0.81299 0.519616 -0.262768
0.654705 0.65977 -0.368871
0.526337 -0.293216 -0.798119
0.596464 -0.262884 -0.758369
0.442659 -0.298953 -0.845387
0.295479 -0.379331 -0.876813
0.494974 0.750627 0.437676
0.783684 0.614674 -0.089524
0.69345 0.637134 -0.336433
-0.531815 0.834425 -0.144594
-0.236266 0.136914 -0.961994
0.738076 0.668802 -0.089149
0.85046 0.405315 -0.335317
-0.024901 0.998641 0.045792
-0.030009 0.994816 0.097167
0.402859 0.121882 -0.90711
0.970522 0.093598 -0.222097
0.44078 0.603 -0.664909
-0.141871 0.858268 -0.493203
0.783877 0.620428 0.024624
0.908689 0.033122 -0.416158
0.686518 0.686265 -0.24028
0.901954 0.326652 -0.282448
0.20834 0.41709 0.884664
0.807846 0.533137 -0.251297
0.484483 0.851095 -0.202271
0.463806 0.852964 -0.239449
0.68977 0.603946 -0.399332
0.515831 0.169262 -0.839803
0.568934 0.533973 -0.625449
0.617681 0.707418 -0.343555
-0.32667 0.853424 0.406146
0.750489 0.059038 0.658241
0.492211 0.860091 0.134061
0.731051 0.623391 -0.277394
0.719081 0.63747 -0.276686
0.740657 0.611421 -0.278553
0.801779 0.466336 -0.37374
0.893202 0.162024 -0.41945
0.54939 0.817924 0.170793
0.829293 -0.407255 0.382644
0.624604 0.454527 -0.63504
0.622695 0.463099 -0.630707
0.629683 0.444728 -0.636959
0.646341 0.43252 -0.628626
0.623931 0.450356 -0.638663
0.625202 0.458131 -0.631853
0.628982 0.463008 -0.624504
0.621743 0.453925 -0.638269
0.617938 0.461019 -0.636878
0.920711 0.386406 -0.054605
0.724067 0.664545 -0.18468
0.799124 0.192042 -0.569667
0.783532 0.185181 -0.593115
0.220219 0.939677 -0.261744
0.798122 0.348256 -0.49165
0.131939 0.775007 -0.618027
0.718535 0.425688 -0.549997
0.739318 0.406983 -0.536446
-0.384387 -0.863187 -0.327345
-0.326634 -0.778431 -0.536055
-0.982377 0.172667 -0.071559
0.884757 0.413034 0.215888
0.904438 0.358149 0.231778
-0.202189 0.247796 -0.947479
0.598424 0.721888 -0.347515
0.591592 0.721166 -0.36047
0.874151 0.437904 -0.210001
0.752602 0.64196 -0.146554
0.614804 0.507474 -0.603727
0.774264 -0.386127 0.50142
0.817968 0.529558 -0.224714
0.481364 0.120919 -0.86814
0.519983 0.120779 -0.845594
0.08913 0.776908 -0.623273
0.836524 0.417476 -0.354882
0.821982 0.432047 -0.371055
0.555112 0.694928 -0.457084
0.965564 0.253671 -0.057766
0.209344 -0.576661 0.789707
0.706685 0.697818 -0.116815
0.722519 0.545213 -0.425099
0.604966 -0.007679 -0.796214
0.704817 0.526563 -0.475357
0.721908 0.506552 -0.471438
0.983054 0.164376 0.081152
0.865695 0.500056 -0.022743
0.592649 0.784428 -0.182867
0.617375 0.76582 -0.179909
0.908192 0.37098 0.193806
0.797274 0.548701 -0.251558
0.782083 0.565511 -0.261808
0.702899 0.669962 0.238922
0.701213 0.686351 0.192931
0.510935 0.261546 -0.818865
0.406823 -0.738894 -0.537151
0.43664 -0.611556 -0.659806
0.404862 -0.827312 -0.389413
0.470403 -0.774668 -0.422624
0.43353 -0.800668 -0.4135
0.430681 -0.766438 -0.476535
0.671855 0.428499 -0.604152
0.473297 0.655504 -0.588477
0.97662 0.128965 0.17199
0.841694 0.461289 0.280649
-0.846511 0.489936 0.208281
0.800522 0.589669 -0.107027
0.529215 -0.367105 -0.764961
0.422663 -0.402009 -0.812247
0.356817 0.593241 0.721628
0.350138 0.652506 0.672041
0.280871 0.86195 -0.422081
0.833438 0.551127 0.040498
0.383284 0.732521 -0.562589
0.768459 -0.057113 0.637345
0.906339 0.266438 -0.327963
0.935024 0.103614 -0.339107
0 0 1
0.513737 0.831335 -0.21203
0.50354 0.825889 -0.253682
0.535555 0.824219 -0.183964
0.792601 0.414163 -0.447497
0.803916 0.408542 -0.432218
0.828206 0.504546 -0.243941
0.456336 0.274303 -0.846472
-0.828731 0.218094 -0.515403
0.744397 0.413277 -0.524477
0.843422 0.426173 -0.327132
0.836795 0.43221 -0.336108
0.083618 -0.114902 -0.989851
0.623633 0.440836 -0.645558
0.19734 0.964894 0.173311
0.128614 0.978056 0.163904
0.70137 0.43435 -0.565172
0.597997 0.649976 -0.468967
0.584166 0.673732 -0.452587
0.5115 -0.237202 0.825895
0.901422 0.411462 0.134672
0.91237 0.391899 0.118305
0.848641 0.412472 -0.331172
0.739162 -0.035257 0.672604
0.599379 0.724699 -0.339935
0.890358 0.271987 -0.365083
0.787388 0.322262 -0.525517
0.781028 0.480155 -0.399306
0 0 1
0.113655 0.801309 -0.587356
0.110829 0.798607 -0.59156
0.478244 0.459212 -0.748604
0.642006 0.604436 -0.471684
0.633319 0.623763 -0.458069
0.753493 0.410603 -0.513472
0.76078 0.407537 -0.505101
0.778123 0.387734 -0.494153
0.756321 0.396981 -0.519986
0.783193 0.589706 -0.19712
0.782791 0.587276 -0.205781
0.818094 0.5173 -0.251243
0.849261 0.356981 -0.388998
0 0 1
0.748473 0.405342 -0.524867
0.743605 0.408519 -0.529306
0.162281 0.252115 -0.953993
0.671932 0.613688 -0.414602
-0.524705 0.842296 -0.123376
0.941102 -0.183601 -0.283934
0.929994 -0.216005 -0.297409
0.947122 -0.150494 -0.283392
0.734795 0.499094 -0.459326
0.519008 0.782487 0.344013
0.488996 0.585289 0.646776
-0.067801 0.603134 -0.794753
0.001971 0.506345 -0.862329
0.763728 0.645292 0.017831
0.795358 0.325113 -0.511573
0.839928 0.488487 -0.236434
-0.199069 0.053079 -0.978547
-0.291099 0.07399 -0.953828
-0.216452 0.008947 -0.976252
-0.24408 0.068192 -0.967355
-0.427775 0.039492 -0.903022
-0.621763 0.158609 -0.766978
0.445302 0.849681 0.282397
0.662075 0.674521 -0.326615
-0.372682 0.699122 -0.610194
0.510744 0.746108 -0.427157
0.690812 0.473812 -0.546151
0.932891 0.31152 -0.180749
0.613889 0.701139 -0.362691
0.605982 0.705693 -0.36713
0.592774 0.712416 -0.375609
0.955156 -0.038994 0.293525
0.969591 -0.043943 0.240752
0.619116 0.408488 -0.670696
0.677895 0.591547 0.436498
0.785321 0.598789 -0.157236
0.928575 0.165483 -0.332212
0.922101 0.207441 -0.326645
0.529515 0.076114 -0.844879
-0.144164 0.112158 -0.983177
0.697518 0.478158 -0.533698
0.853565 0.240751 -0.462023
0.520526 0.534407 -0.665929
-0.536906 0.836892 -0.106506
-0.467235 0.711201 -0.525247
0.727371 0.622052 -0.289796
-0.616808 0.619329 0.485777
0.848844 0.462024 -0.256901
0.853802 0.453865 -0.255007
0.844779 0.467896 -0.259656
0.851241 0.456635 -0.258596
0.854375 0.448293 -0.262824
0.851711 0.444163 -0.278041
-0.151673 -0.630008 -0.761633
0.627865 0.558583 -0.542006
0.618319 0.768218 0.1659
0.959956 0.26359 -0.094898
0.44949 0.682663 -0.576133
0.077269 0.634408 -0.769127
0.10222 0.668359 -0.736781
-0.013568 0.999885 -0.00681
0.899064 0.343213 -0.271823
0.909357 0.333926 -0.248118
0.627122 0.451995 -0.634365
0.778199 -0.402704 -0.481908
0.960259 0.218924 0.173131
0.923715 -0.006543 -0.383025
0.920117 -0.044105 -0.389152
-0.12662 0.156935 -0.979458
0.701724 0.447357 -0.554486
0.81942 0.554552 0.144994
0.671187 0.699136 -0.246408
0.31988 0.892923 0.316805
0.604776 0.776729 -0.175893
0.377215 0.360418 -0.853117
0.917794 0.024275 -0.396314
0.923292 0.022448 -0.383443
0.917969 0.037287 -0.394896
0.924579 0.050709 -0.3776
0.913636 0.030285 -0.405404
0.860521 0.494568 -0.122093
0.697722 0.663384 -0.27038
0.972222 0.032312 -0.231819
0.722417 0.687161 -0.076966
0.110867 0.930983 0.34782
0.987497 -0.015383 -0.156887
0.399552 0.541117 0.739967
0.791722 0.217821 -0.570728
0.774199 0.216762 -0.594669
0.903101 0.275917 0.329057
0.685998 0.70655 -0.173763
0.681234 0.709833 -0.179043
0.69009 0.703025 -0.171849
0.699427 0.695872 -0.162987
0.693999 0.697542 -0.178328
0.356246 -0.848601 -0.391106
0.016765 0.780919 -0.624407
0.813956 0.374791 -0.443855
0.753352 0.399494 -0.522366
0.756181 0.518706 -0.398917
0.767936 0.508139 -0.38996
-0.653664 0.473115 0.590665
0.814352 0.259255 -0.519247
0.7209 0.629761 -0.289315
0.709861 0.393508 -0.584165
0.69568 0.388992 -0.603917
-0.116808 -0.14752 -0.982137
-0.260171 -0.133589 -0.956277
-0.15331 -0.233822 -0.960116
-0.149851 -0.388741 -0.909079
0.765017 0.436971 -0.473081
0.936793 0.292438 -0.192093
0.578991 0.649905 -0.492334
0.559517 0.659944 -0.501413
0.619497 0.596893 -0.509846
0.607363 0.60335 -0.516798
0.628174 0.584044 -0.514092
0.628557 0.59356 -0.502596
0.647524 0.732969 -0.208493
0.653597 0.717078 0.242094
0.951168 -0.164352 0.261281
0.481723 0.679566 -0.553292
0.482094 0.695685 -0.532549
0 0 1
0.482637 0.673356 -0.560048
0.458892 0.685912 -0.564751
0.859631 0.243882 -0.44895
0.892334 0.404681 -0.199935
0.975193 0.1949 0.10494
0.852167 0.227835 -0.471066
0.839447 0.230818 -0.491987
0.833535 0.201071 -0.514577
0.802238 0.387869 -0.453841
0.781598 0.401693 -0.47723
-0.710433 0.645979 0.279277
-0.585506 0.74734 0.314112
0.987233 0.159276 0.001636
0.786227 -0.551581 -0.278577
0.832031 0.457196 -0.314159
0.722442 0.429515 0.541844
0.72404 0.321396 0.610304
0.736696 0.221006 0.639089
0.914053 0.281301 -0.292193
0.921485 0.282939 -0.266103
0.953016 0.300736 -0.036317
0.945206 0.324245 -0.038075
0.934848 0.095837 -0.34187
0.654651 0.566131 -0.500927
0 0 1
0.957905 0.276061 0.078796
0.967482 0.250295 0.03649
0.953899 0.276894 0.115783
-0.318776 0.521053 -0.791761
0.774239 -0.006234 0.632862
0.783755 0.019992 0.620748
0.774697 -0.032417 0.631501
0.798211 -0.040332 0.601026
0.80452 0.041904 0.592446
0.685915 0.685966 -0.24284
0.144009 0.841361 0.520934
0.18328 0.737912 0.649534
0.125835 0.798665 0.588473
0.003667 0.698757 0.71535
0.683783 0.72616 -0.071646
0.594442 0.783155 0.182503
0.29509 0.927982 -0.227532
0.267351 0.927057 -0.262846
0 0 1
0.738335 0.444524 -0.507209
0.492404 0.852938 -0.173308
0.708767 0.196501 -0.677523
0.170922 0.98521 0.012105
0.682286 0.679743 -0.269138
0.670162 0.654345 -0.350308
0.682627 0.640943 -0.351017
0.340958 0.855209 -0.39034
0.362523 0.864741 -0.347562
0.820706 0.388484 -0.418953
0.821541 0.396841 -0.409374
0.839202 0.470439 -0.272813
0.837969 0.370057 -0.401081
0.959548 -0.075045 -0.271361
0.464108 -0.109903 -0.878934
0.512175 0.656189 -0.554159
0.534525 0.652919 -0.536637
0.21239 0.971436 0.105845
0.161149 0.982835 0.089818
0.240083 0.968688 0.063273
0.304314 0.95254 0.007728
0.675237 0.492619 0.548983
0.446037 0.894244 -0.037137
0.415149 0.906908 -0.071893
0.464351 0.885608 0.008771
0.912159 0.16781 -0.373906
0.059327 0.126175 -0.990232
0.701635 0.554249 -0.44779
0.423697 0.712794 -0.558933
0.300392 0.901549 -0.311405
0.752904 0.649685 -0.105096
-0.260301 0.808013 -0.528543
0.70186 0.640974 -0.310716
0.998687 -0.044969 0.024546
0.669651 -0.468129 -0.576561
-0.541836 0.414271 -0.731296
-0.648223 0.385239 -0.656808
-0.221915 -0.05346 -0.973599
0.993975 -0.098017 -0.049055
0.671384 0.707291 -0.221321
0.680539 0.696738 -0.226767
0.681432 0.692262 -0.237538
0.26691 -0.87615 0.401397
0.647861 0.613214 -0.451934
0.841551 0.420462 -0.33912
0.837788 0.422294 -0.346091
0.139204 0.80637 -0.574796
0.707502 0.61235 -0.3528
0.723053 0.593474 -0.353531
0.905662 0.285995 -0.313023
0.907714 0.292721 -0.300615
0.90695 0.274367 -0.319631
0.434119 0.484348 0.759571
0.455527 0.383829 0.803225
0.80944 0.585435 -0.04552
0.804501 0.53435 -0.259323
0.801613 0.53605 -0.264701
-0.063264 0.997449 0.03306
-0.084829 0.994335 0.06405
-0.141917 0.986671 0.079628
-0.040064 0.999147 0.010008
-0.048669 0.997931 -0.042021
0.624415 0.554376 -0.550248
0.617314 0.552304 -0.560253
0.631424 0.54994 -0.54669
0.644279 0.546111 -0.535413
-0.255555 0.40942 -0.875823
0.704489 0.456778 -0.543185
0.843693 0.285238 -0.454776
0 0 1
0.820965 0.543819 -0.174004
0.936348 0.089774 -0.339402
0.549034 0.187738 -0.814442
0.808826 0.494622 -0.318042
0.233791 0.127663 -0.963869
0.919989 0.072689 -0.385146
0.873343 0.39865 0.279912
0.930758 0.118266 -0.345982
0.923444 0.134968 -0.359214
0.932258 0.13545 -0.335481
0.908564 0.139633 -0.393718
0.615734 0.580269 -0.533066
0.629066 0.575728 -0.522315
0.616572 0.588753 -0.522693
0.065498 0.857058 0.511041
0.030018 0.887271 0.46027
0.087639 0.8335 0.545525
0.884762 -0.368789 -0.284941
0.856121 -0.39875 -0.328718
0.927696 0.095222 -0.360988
0.921509 0.095037 -0.37655
0.910191 0.110027 -0.399308
0.754487 0.50446 -0.419844
0.726771 0.612623 -0.31064
0.839754 0.426237 -0.336356
0.632472 -0.734356 -0.246374
0.820338 0.494009 -0.288097
0.617955 0.700864 -0.35626
0.365613 0.860597 0.354543
0.772161 0.629361 -0.087588
0.791715 0.310617 -0.526027
0.475386 -0.798056 -0.370291
0.901466 0.082353 -0.424944
0.846763 0.107752 0.520943
0.901775 0.402301 0.157973
0.890873 0.421683 0.168906
-0.324358 0.930015 -0.17281
-0.384497 0.905223 -0.180921
0.918589 0.013365 -0.394988
0.915078 0.007642 -0.403206
0.922822 0.011449 -0.385057
0.055921 0.874781 0.481281
0.073484 0.892331 0.445359
0.330007 0.816735 -0.473328
0.582002 0.78992 -0.193134
0.558777 0.804323 -0.202071
0.739015 0.593218 -0.319295
-0.120934 0.35355 0.927565
0.825109 0.393545 0.405361
0.83075 0.420723 0.364482
0.640098 -0.664085 0.386349
0.243962 0.838341 -0.487511
0.20356 0.823759 -0.529136
-0.515222 0.845186 -0.142152
0.776397 0.347283 -0.52593
0.781903 0.336409 -0.52484
0.75899 0.358927 -0.543236
0.619727 0.738043 0.266892
0.691626 0.67981 -0.243953
0.698974 0.61256 -0.36906
0.942564 0.069964 -0.326616
0.660983 0.411913 -0.627239
0.835091 0.279304 -0.473932
0.537052 0.6781 -0.501753
0.532874 0.692157 -0.486788
0.544355 0.663952 -0.512684
0.933225 0.101951 -0.344525
0.932275 0.099618 -0.347764
0.933395 0.104598 -0.343269
0.9329 0.100422 -0.345852
0.933477 0.096796 -0.345328
0.934281 0.090159 -0.344949
0.796691 0.506739 -0.329393
0.790223 0.507266 -0.343843
0.557762 -0.828616 -0.04794
0.731746 0.428472 -0.530057
0.762228 0.505138 -0.404776
0.675696 0.676601 -0.292655
0.984748 0.142682 0.099566
0.771968 0.366978 -0.51903
0.445721 0.13595 -0.884788
0.42249 0.133954 -0.896414
0.749863 0.555275 -0.359688
-0.526898 -0.801539 -0.282691
0.813917 0.367675 0.449838
0.794265 0.366692 0.484437
0.831834 0.356727 0.425204
0.844214 0.37963 -0.378396
0.596616 0.686033 -0.416423
0.576598 0.69249 -0.43358
0.867945 0.491778 0.069463
0.84737 0.29894 -0.438862
0.923742 0.382453 -0.020736
0.91566 -0.283412 -0.285033
0.929222 -0.260805 -0.261776
0.353128 0.499071 -0.791346
0.922021 0.363172 0.134103
0.921857 0.37735 -0.088246
0.849685 0.432772 -0.301236
0.756849 0.538282 -0.370718
-0.77431 0.498347 0.389994
-0.765927 0.404616 0.499642
0.83037 0.372485 -0.414415
0.610049 0.669604 -0.42364
0.93075 0.329963 -0.157573
0.670655 0.640758 -0.373698
0.805272 0.298465 -0.512304
0.930067 0.102492 -0.352805
0 0 1
0.821283 0.379205 -0.42626
0.306059 0.839942 -0.448135
0.648153 0.676145 -0.350321
0.900393 0.30848 -0.306809
-0.532328 -0.3814 0.755752
0.714858 0.456461 -0.529738
0.411592 0.02531 -0.911017
0.568321 0.66439 -0.485383
0.675347 0.645348 -0.356977
0.679707 0.647693 -0.344226
0.866115 -0.142221 -0.479185
0.785255 0.407296 0.466352
0.199941 0.858802 -0.47168
0.523853 0.678399 -0.515125
0.529237 0.666142 -0.525511
0.515983 0.690266 -0.507243
0.408079 0.675003 -0.614688
0.858932 0.371387 -0.352573
-0.676296 -0.711779 -0.189719
0.461414 0.145206 -0.875221
0.475686 0.159946 -0.864951
0.597803 0.791817 -0.125129
0.936228 0.10438 -0.335531
0.93802 0.105367 -0.330176
0.339631 0.906031 -0.252505
0.382801 0.894276 -0.231806
0.794399 0.538082 -0.281777
0.780964 0.556758 -0.283047
0.75091 0.63399 -0.184908
0.74471 0.429423 -0.510884
0.73664 0.441843 -0.511993
0.746832 0.425309 -0.511228
0 0 1
0.595846 0.787629 -0.156872
0.800704 0.320262 -0.506266
0.941066 0.207739 -0.266905
0.943047 0.229921 -0.240413
0.665009 0.661723 -0.346246
0.242618 0.597993 0.763898
0.144187 0.634603 0.759269
0.281163 0.566396 0.774689
0.867503 0.42997 -0.250129
0.871417 0.410609 -0.268389
-0.249028 0.956633 -0.151126
-0.563733 0.324391 0.759589
0.895066 0.418587 -0.153761
-0.139675 0.003295 -0.990192
-0.1714 -0.034135 -0.98461
0.692851 0.022893 -0.720717
0.773353 0.602094 -0.198516
0.636917 0.595415 -0.489712
0.725738 0.403125 -0.557489
0.805786 0.526101 -0.271894
0.894844 0.319926 -0.311292
0.887333 0.319568 -0.33244
0.468135 0.315161 -0.825544
0.439722 0.346715 -0.828513
-0.845737 -0.4358 0.307908
0.834278 0.517335 -0.190643
-0.838774 -0.273928 0.470554
0.733327 0.6242 -0.269454
0.740621 0.61849 -0.262586
0.743843 0.623653 -0.240321
0.748491 0.613653 -0.251378
-0.215246 0.970937 0.104647
0.620643 -0.009623 -0.784034
0.63382 -0.019902 -0.773225
0.650364 -0.052612 -0.757798
0.656236 -0.026515 -0.75409
0.891342 0.417777 -0.175985
0.900896 -0.302291 -0.311459
0.007145 0.990373 -0.138238
0.425897 0.325583 -0.844161
0.344536 0.877388 0.333895
0.352302 0.880231 0.317925
0.373845 0.877249 0.301121
0.40553 0.876528 0.259316
0.393146 0.819786 -0.416398
0.17652 0.981723 -0.071136
0.914765 0.395039 0.08456
0.35736 0.82631 -0.435323
0.809207 0.498999 -0.310135
0.811429 0.499039 -0.304207
0.817605 0.492209 -0.298751
0.808476 0.506501 -0.299706
0.819799 0.483888 -0.306237
0.815953 0.488152 -0.309723
0.825475 0.482078 -0.293585
0.834614 0.467559 -0.291217
0.739911 0.133375 -0.65935
0.735451 0.639396 0.224243
0.746543 0.611931 0.261177
0.734346 0.651428 0.190728
0.652744 0.694558 -0.302514
0.800436 0.219437 -0.557808
0.81625 0.214189 -0.536525
0.378078 0.925773 0.000841
0.807278 0.12125 -0.577582
0.790928 0.149291 -0.593418
0.856253 0.455759 -0.243136
-0.125008 0.991209 0.043337
0.972272 0.210385 -0.1021
0.687339 0.619619 -0.378994
0.303167 -0.835678 -0.457966
0.776461 -0.457351 -0.433519
0.896031 0.298475 -0.328695
0.420989 -0.874734 -0.240018
0.532747 -0.82698 -0.179677
-0.002838 0.975757 -0.21884
0.086963 0.996209 0.002352
-0.867653 0.359218 -0.343716
0.881385 -0.317143 -0.350115
-0.500421 0.640064 0.583007
0.52408 0.735953 0.428619
0.511904 0.742005 0.432877
0.505113 0.734535 0.453122
0.506078 0.754421 0.418013
0.977309 -0.20549 0.051395
0.488329 -0.792264 0.36586
0.763741 0.587453 -0.267579
0.772322 0.574312 -0.27145
0.758967 0.598641 -0.256121
0.606098 0.58841 -0.535181
0.83614 0.323205 -0.44318
0.593558 -0.36058 -0.719493
0.304967 0.139795 -0.942047
0.744217 0.472825 -0.471782
0.369625 0.831473 -0.414764
0.379542 0.815474 -0.436978
0.387165 0.794379 -0.468044
0.467876 0.090935 -0.879103
0.443878 0.086773 -0.891876
0.443347 0.052525 -0.89481
0.801996 0.496248 -0.332476
0 0 1
-0.715654 0.677853 -0.16839
-0.727855 0.685665 -0.009546
-0.662401 0.711925 -0.233211
-0.658993 0.66052 -0.35978
0.972457 0.184979 -0.14181
0.979434 0.158132 -0.12531
0.94758 -0.192487 -0.25503
0.9394 -0.226908 -0.256983
0.953206 -0.178277 -0.244162
0.96114 -0.158684 -0.225895
0.967307 -0.164116 -0.193346
-0.35944 0.295826 0.885037
-0.236782 0.281586 0.929862
-0.471789 0.209271 0.856517
0.911303 0.016511 -0.411405
0.404554 0.754692 -0.516503
0.425359 0.760578 -0.490501
0.808878 0.534789 -0.244371
0.573995 0.800069 0.17441
0.972161 0.117446 0.202754
0.966388 0.133069 0.219971
0.975334 0.114839 0.188507
-0.530773 0.792069 -0.301508
0.668612 0.73309 0.124646
0.700061 0.70635 0.104806
0.891409 0.366635 0.2664
0.898158 0.3231 0.298193
0.711991 0.467754 -0.523712
0.865944 -0.440926 0.236061
0.838265 -0.51867 0.168207
-0.234842 0.933885 -0.269644
0.789537 0.577917 -0.2065
0.667425 0.665515 -0.334116
0.73135 0.669363 -0.130691
0.844183 0.464116 -0.268236
0.912372 0.382929 -0.144712
0.099883 -0.005613 -0.994983
0.350945 -0.924872 -0.146458
0.130998 -0.982969 -0.128886
0.238673 0.951206 0.195554
0.238205 0.935321 0.261599
0.04639 0.882901 -0.467262
0.324055 0.902176 -0.284721
0.752028 0.405953 -0.519284
0.75859 0.401451 -0.513204
0.361223 0.581577 -0.728894
0.792975 0.607397 0.04753
0.636835 0.558181 -0.53186
0.620929 0.691933 -0.368342
0.584001 0.752007 -0.30566
0.659453 0.596615 -0.457354
0.699015 0.546006 -0.461797
-0.740549 -0.510715 -0.436758
-0.886636 -0.314261 -0.33929
0.806389 0.361617 0.467942
0.806253 0.335403 0.4873
0.620594 0.620768 -0.479072
0.616659 0.636691 -0.462987
-0.26212 0.109226 -0.958834
-0.336887 0.123528 -0.933407
0.172721 0.806495 -0.565449
0.814729 -0.267166 -0.514626
0.812317 0.532952 -0.236861
0.696431 0.332004 -0.636205
0.698931 0.284866 -0.656008
0.946317 0.30226 -0.114556
0.942834 0.319278 -0.095531
0.931968 0.346918 -0.10528
0.809463 0.551756 0.200836
0.664231 0.649423 -0.370198
0.658566 0.654483 -0.371406
0.667971 0.643541 -0.373724
0.786409 0.336986 -0.517688
0 0 1
0.788094 0.334013 -0.517052
0.971385 0.21886 0.092257
0.803655 0.30304 0.512158
0.79041 0.240862 0.563239
0.770169 0.304507 0.56046
0.755832 0.578187 -0.307275
-0.188316 0.193343 -0.962889
-0.610865 0.726474 -0.314769
0.908303 -0.081485 -0.410299
0.600152 0.485563 -0.635646
0.596843 0.161353 -0.785967
0.946087 0.272664 -0.174855
0.946935 0.315869 0.059503
0.93686 0.338447 0.088019
0.957551 -0.183694 -0.222154
0.744679 -0.107362 -0.658731
0.467278 0.630613 -0.61966
0.040493 -0.953516 -0.29861
-0.77662 0.609415 0.159605
0.313099 0.929383 -0.19549
0.903315 0.316841 -0.289196
0.904861 0.309 -0.292824
0.682145 0.685817 -0.253642
0.69025 0.676383 -0.257025
0.676878 0.692284 -0.250156
0.831041 0.547327 -0.099018
0.61542 0.696517 0.368948
0.656187 0.667843 0.35129
0.879772 0.45321 -0.143532
0.888954 0.443908 -0.112722
0.644339 -0.104121 -0.757619
0.611696 0.015074 -0.790949
0.622976 0.020515 -0.781972
0.89723 -0.275528 -0.345055
-0.018436 0.826964 0.561952
-0.066457 0.764268 0.641465
0.641963 0.006168 -0.766711
0.628277 0.009244 -0.777935
0.864671 0.252146 -0.434472
0.876908 0.241491 -0.415589
0.8734 0.429674 -0.229242
0.80567 0.586836 -0.080738
0.679623 0.717328 -0.153472
0.665228 0.734192 -0.135772
0.682033 0.719102 -0.133125
0.653164 0.749955 -0.104616
0.602777 0.665513 -0.440172
0.807648 0.479058 -0.343814
0.817489 0.463828 -0.341432
0.817401 0.45022 -0.359384
0.549347 0.443772 -0.708014
0.556608 0.471112 -0.684281
0.837486 0.44283 -0.320184
0.355783 0.913313 -0.198188
0.774695 0.586324 -0.236792
0.934117 0.271004 -0.23234
0.688088 0.538431 -0.486443
0.953838 0.2782 -0.113126
0.768961 0.131928 -0.625534
0.953822 -0.252549 -0.162614
0.779912 0.50296 -0.372515
0.747447 0.446684 -0.491728
0.76381 0.422566 -0.487885
-0.657897 0.751696 -0.046099
0.670608 0.633886 -0.385323
0.862457 0.227225 -0.452257
0.971938 0.10143 0.212247
0.966902 0.102146 0.233808
0.975767 0.089561 0.199642
0.964224 0.079608 0.252855
0.752753 0.654329 -0.072224
0.094442 -0.983171 0.156382
0.81826 0.378056 -0.433041
0.819927 0.369136 -0.437559
0.987604 -0.148837 0.049861
0.488771 0.651106 -0.580658
0.640898 0.766842 0.034684
0.094358 -0.880821 -0.463952
-0.03488 -0.790193 -0.611864
0.937606 0.169474 -0.303601
0.709057 0.454203 -0.539387
0.714702 0.450948 -0.534647
0.780512 0.591556 -0.202145
0.783157 0.584406 -0.212449
0.543095 0.029727 -0.839145
0.535817 -0.012932 -0.844235
0.504374 -0.061607 -0.861285
0.911496 0.044606 -0.408883
0.542992 -0.775874 -0.321215
0.619008 -0.707134 -0.341746
0.612113 -0.653541 -0.4452
0.927282 -0.333769 -0.169547
0.978741 0.185877 -0.086698
0.406251 0.802053 -0.437802
-0.636539 -0.730329 0.247866
0.64069 0.767771 -0.00665
0.845743 0.231146 -0.480927
0.840561 0.247552 -0.481845
-0.765888 0.634587 -0.103508
0.807622 0.39302 0.439638
0.818112 0.389933 0.422663
0.797072 0.39689 0.455142
0.866312 0.478021 -0.144912
0.460553 0.740842 -0.48892
0.547161 0.561714 -0.620558
0.78816 0.316178 -0.52805
0.785896 0.461136 -0.411972
0.643236 0.515765 -0.565892
-0.485728 0.860796 -0.151982
-0.441975 0.884434 -0.149782
0.819162 0.516425 0.249558
0.817633 0.49743 0.289897
0.668909 0.649322 -0.361859
0.667562 0.647679 -0.36725
-0.303545 0.920604 -0.245658
0.862415 0.312501 -0.398226
0.807352 0.197907 -0.555891
0.471684 0.746687 0.469013
0.41388 0.767058 0.49023
0.390255 0.720101 0.573721
0.879101 0.448203 0.162158
0.872697 0.472102 0.12458
0.805736 0.503057 -0.312609
0.605759 0.79551 0.014825
0.690737 0.68158 -0.241517
0.697182 0.677828 -0.233426
0.715158 0.660252 -0.229384
0.693923 0.685529 -0.220273
0.71013 0.673972 -0.203657
0.705889 0.667347 -0.237422
0.715538 0.653171 -0.247737
-0.794474 0.534918 0.287529
0.808757 0.546658 -0.216973
0.338022 0.884938 -0.320353
0.600546 0.588025 -0.541822
0.605947 0.575613 -0.549089
0.698283 0.467764 -0.541846
0.694619 0.466672 -0.547468
-0.329834 0.753475 -0.568757
0.385867 0.835692 -0.390801
0.422057 0.819594 -0.387472
0.438939 0.829482 -0.345386
0.561672 0.710913 -0.423233
0.551209 0.708875 -0.440074
0.621004 0.752863 0.218062
0.589818 0.76804 0.249456
0.718464 0.644467 -0.261671
0.790556 0.387022 0.47459
0.76917 0.386563 0.508868
0.913068 0.060555 -0.403286
0.721608 0.449241 -0.526749
0.725362 0.455953 -0.51571
0.735943 0.455742 -0.500688
0.895622 -0.23653 -0.376717
0.796939 0.573278 -0.190371
0.903851 0.404659 -0.138943
0.965487 -0.00158 -0.260448
0.972218 -0.036135 -0.231271
0.9587 0.016401 -0.283946
0.662719 0.746921 -0.053968
0.646958 0.758695 -0.076335
0.663474 0.747599 -0.029955
-0.041122 0.869652 0.491949
0.732805 0.478007 -0.484258
0.776184 0.316508 -0.545309
0.738193 0.41606 -0.531003
0.729811 0.417584 -0.541294
0.782062 0.222491 -0.582131
0.772933 0.246615 -0.584598
0.806242 0.495983 -0.322452
0.527673 0.742734 0.412197
0.549834 0.727894 0.409699
0.540244 0.737356 0.405514
0.557104 0.733764 0.388877
0.565766 0.704425 0.428596
0.520253 0.748422 0.411341
0.512915 0.761938 0.395435
0.596721 0.695694 0.399916
0.56543 0.741774 0.360639
0.709137 0.538198 -0.455486
0.719039 0.522608 -0.45811
0.906462 0.289679 -0.307267
0.903725 0.296101 -0.309202
-0.791045 -0.610177 -0.043959
0.431326 0.892116 0.134486
0.940347 0.21469 0.263925
0.948033 0.230669 0.219145
0.292608 0.952662 0.082557
0.484237 0.089325 -0.870365
0.507793 0.085414 -0.857234
0.511636 0.061342 -0.85701
0.807884 0.520427 -0.276549
0.800678 0.525876 -0.287001
0.661293 0.58001 -0.47569
0.824771 0.274898 -0.49415
0.531685 0.794243 0.29409
0.969547 0.127208 0.209278
0.967876 0.145269 0.205216
0.967394 0.164343 0.192719
0.958554 0.190515 0.211845
0.403104 0.177752 -0.897726
0.380848 0.21361 -0.899625
0.500657 0.039749 -0.864733
0.831221 0.373361 0.411914
0.845037 0.35132 0.403096
0.867419 0.337377 0.365735
0.880505 0.284509 0.379166
0.614701 0.574792 -0.540145
0.769211 0.638776 -0.016732
0.756812 0.006088 0.653605
0.76115 0.032831 0.647744
0.750275 -0.009898 0.661052
0.732771 -0.00773 0.680431
0.68666 -0.010776 0.726899
0.712917 -0.029735 0.700618
0.618274 0.006411 0.785937
0.539908 0.146746 0.828833
0.545535 0.669964 -0.503527
0.821742 0.551699 -0.142715
0.805791 0.534384 -0.255213
0.693837 0.700987 -0.164943
0.696465 0.700716 -0.154705
0.698357 0.701497 -0.142127
0.694005 0.708869 -0.125944
0.902919 0.01992 -0.429349
0.895024 -0.012813 -0.445835
0.884476 0.024373 -0.465948
0.360604 0.9196 0.155889
0.191534 0.603005 0.774402
0.146684 0.544342 0.825939
0.909147 0.414812 0.037178
0.924395 0.378336 0.048537
0.89972 0.435975 0.020728
-0.102275 0.057008 -0.993121
-0.053803 0.051442 -0.997226
0.933143 0.103492 -0.344286
0.931728 0.110697 -0.345875
0.930147 0.112667 -0.349476
0.932425 0.104825 -0.345824
0.931476 0.10863 -0.347206
0.927347 0.11967 -0.354552
0.928092 0.129517 -0.3491
0.926927 0.143527 -0.346707
0.93258 0.10841 -0.3443
-0.011471 -0.314544 -0.949174
0.064509 -0.455373 -0.887961
0.98977 0.137547 0.037885
0.777301 -0.490252 -0.394278
0.733557 -0.558047 -0.387915
0.782231 -0.524513 -0.336156
0.759703 0.135674 0.635959
0.725349 0.630083 -0.277243
0.726088 0.633974 -0.266221
0.73027 0.635916 -0.24963
0.682367 0.239354 0.690713
0.620884 0.184584 0.76186
0.432633 0.159787 -0.887297
0.407708 0.161898 -0.898645
0.447145 0.156907 -0.880592
0.633323 0.707431 -0.313758
0.526914 0.0987 -0.844168
0.557027 0.111913 -0.822919
0.513835 0.825556 -0.233305
0.663028 0.713806 -0.225557
0.815108 -0.319788 -0.483046
0.656495 -0.366111 -0.659528
0.711543 -0.308923 -0.631089
-0.123265 0.227641 -0.965912
-0.128367 0.308681 -0.942464
0.659864 0.702373 -0.266931
0.975279 0.217794 -0.037361
0.79019 0.34864 -0.504034
0.66709 0.443783 -0.598371
0.999242 0.024344 0.030362
0.376576 0.688433 -0.619879
0.326493 0.709807 -0.624161
0.817923 0.479128 -0.318493
0.822623 0.465937 -0.325875
-0.546056 -0.830298 -0.111481
-0.491427 -0.859652 0.139637
-0.401948 -0.915591 -0.011465
0.64674 0.113204 -0.754263
0.033767 0.959265 -0.280484
0.610998 0.700608 -0.368552
0.944434 -0.208404 -0.254188
0.779219 0.624848 -0.048812
0.780116 0.622143 -0.066002
0.798089 0.316361 -0.512806
0.853713 0.406397 -0.325599
0.858512 0.391984 -0.330615
0.853872 0.413941 -0.315524
0.861662 0.407658 -0.302247
0.965655 0.237809 -0.104675
0.917758 -0.324731 0.228627
0.958977 0.281984 -0.02912
0.966687 0.254306 -0.029059
0.934005 0.079708 -0.348254
0.705304 0.691936 -0.15418
0.674416 0.552251 -0.490083
0.664761 0.556577 -0.498311
0.682147 0.54517 -0.487305
0.778879 0.587877 -0.218512
0.562397 0.818427 -0.117842
0.557629 0.826886 -0.07287
0.707221 0.465707 -0.531936
0.865521 -0.000367 0.500873
0.634623 -0.005054 -0.772805
-0.074232 0.075555 -0.994375
0.791427 0.334208 -0.511809
0.793856 0.339818 -0.504297
0.353489 0.703623 -0.616409
0.354138 0.724474 -0.591374
0.031493 0.191647 -0.980959
0.304761 0.402871 -0.863027
0.238066 0.443094 -0.864287
0.165869 0.394725 -0.903703
0.13084 0.793261 -0.594658
0.129518 0.783254 -0.608061
0.133815 0.800362 -0.584392
0.120281 0.809439 -0.574754
0.111765 0.834716 -0.539219
0.151355 0.776213 -0.612033
0.1918 0.753924 -0.628341
0.112566 0.77487 -0.622017
0.108275 0.787093 -0.607257
0.152178 0.797442 -0.583891
0.462541 0.126554 -0.877519
0.81128 0.523778 -0.259771
0.838561 0.538126 0.085069
0.83415 0.538686 0.118372
-0.717418 0.565664 -0.406614
0.895007 0.335039 -0.294469
0.887689 0.347213 -0.302408
0.975364 0.181586 0.125268
0.341694 0.022973 -0.93953
0.951543 0.102047 -0.290091
0.516144 0.013668 -0.856393
0.489117 -0.015148 -0.872086
0.878687 0.263012 -0.398414
0.882959 -0.108678 0.456696
0.660778 0.65115 -0.373331
0.660119 0.648462 -0.379131
0.758896 0.56337 -0.326635
-0.075618 0.433857 -0.897803
0.673448 0.733527 -0.09168
0.679145 0.733793 -0.017603
0.679724 0.729048 0.080401
0.96973 0.244167 0.002699
0.943199 -0.331738 0.018014
0.588918 0.684584 -0.429558
0.521661 0.621877 -0.584071
0.516558 0.755782 0.402446
0.884349 0.341783 -0.31798
0.872003 0.359407 -0.332321
0.88859 0.328427 -0.320225
0.728327 0.683746 0.045072
0.891581 0.363367 -0.270273
0.717274 0.400223 -0.570385
0.835042 0.547164 -0.057578
0.674645 0.465648 -0.572736
-0.455898 0.336438 0.823995
-0.060249 0.169635 -0.983664
0.106158 0.806346 -0.581838
0.884262 0.41126 -0.221237
0.896407 0.38441 -0.220644
0.100589 0.602797 -0.791529
0.174491 0.593198 -0.785919
-0.527308 0.824985 0.20334
0.735624 0.630375 0.247961
0.776722 0.601264 -0.187574
-0.276931 0.918933 -0.280839
-0.295958 0.884069 -0.361705
-0.234642 0.912937 -0.333901
-0.164706 0.937275 -0.307225
-0.263966 0.935752 -0.23386
0.803666 0.490257 -0.337297
0.867604 0.40769 -0.284696
0.482255 0.809039 0.335986
-0.050922 0.986522 0.155501
-0.200148 0.028136 -0.979362
-0.243512 0.035587 -0.969245
0.680989 0.683942 -0.261683
0.42972 0.112047 -0.895983
0.785262 0.589271 -0.190062
0.792551 0.580379 -0.187146
0.795096 0.581844 -0.171112
0.783792 0.593364 -0.183273
0.788946 0.58912 -0.174646
0.783856 0.595959 -0.174364
0.787562 0.593374 -0.166291
0.792712 0.58851 -0.158942
0.793845 0.590998 -0.143288
0.782792 0.607027 -0.136947
0.924891 0.296001 -0.238663
0.688692 0.62883 -0.360938
0.683583 0.63488 -0.360057
0.693181 0.623268 -0.36199
0.959367 0.135837 0.247313
0.951539 0.127049 0.280057
-0.068313 0.997635 0.007624
0.935382 0.324293 -0.14105
0.803836 0.530218 -0.269662
0.802085 0.528279 -0.278534
-0.286035 0.48164 -0.828376
0.929625 0.223998 0.292613
0.913854 0.233486 0.332197
0.918879 0.261563 0.295375
0.73938 0.624325 -0.252062
0.618572 0.121476 -0.776281
0.714357 0.602617 -0.355734
0.581819 0.624035 0.5216
0.950763 0.038463 -0.307523
0.25839 -0.822802 -0.506193
0.231952 -0.778177 -0.583642
0.105914 -0.787188 -0.607551
0.061364 -0.665821 -0.743584
0.17478 -0.854112 -0.489842
0.309969 -0.721938 -0.618648
0.288061 -0.624826 -0.725681
0.728176 0.652446 -0.209937
0.74033 0.529866 -0.413706
0.743717 0.533153 -0.403278
0.737049 0.547052 -0.396854
0.808443 0.5637 -0.169296
-0.382354 0.889288 -0.250943
-0.37052 0.867982 -0.330638
0.992797 0.101867 0.06307
0.380508 -0.828215 -0.411428
0.378774 -0.815028 -0.438474
0.368197 -0.839445 -0.399703
0.375125 -0.850526 -0.368628
0.336329 -0.844947 -0.415869
0.333385 -0.870204 -0.362767
0.266051 -0.900716 -0.343405
0.406546 -0.80608 -0.430065
0.393538 -0.788968 -0.471866
0.430372 -0.78422 -0.446966
0.917955 -0.023902 -0.395965
0.527876 0.804531 0.272171
0.942839 0.098183 -0.318456
0.948037 0.093711 -0.304045
0.940639 0.103324 -0.323298
0.94314 0.108535 -0.314177
0.946034 0.123418 -0.299647
0.964461 -0.186608 0.187062
0.64338 0.68684 -0.338103
0.791526 0.416386 0.447336
0.775455 0.431117 0.461311
0.750119 0.460055 0.475048
0.625735 0.686002 -0.371291
0.634272 0.675695 -0.37568
0.907738 0.390635 0.153024
0.914505 0.379992 0.138874
0.327675 0.882663 0.336949
0.326786 0.887131 0.325898
0.335918 0.888592 0.312351
0.331176 0.897977 0.289759
0.325946 0.879443 0.346901
0.339658 0.869593 0.358387
0.340453 0.857681 0.385324
0.348654 0.870951 0.346245
-0.523049 0.517041 -0.67756
0.980368 -0.057018 -0.188751
0.793045 0.303142 -0.52838
0.798514 0.298594 -0.522701
0.820134 0.409877 -0.399226
0.846948 0.157066 -0.507947
0.604085 0.711476 -0.359004
0.784656 0.333427 -0.522629
0.782448 0.329914 -0.528141
0.774934 0.329997 -0.539054
0.909511 -0.016654 -0.415345
0.920499 0.019028 -0.390282
0.81159 0.525235 -0.25583
0.814735 0.522861 -0.250645
0.820272 0.519844 -0.238571
0.814466 0.5205 -0.25637
0.750496 0.492641 -0.440524
0.846995 0.419368 -0.326695
0.850633 0.415777 -0.321796
0.736722 0.663462 -0.130611
0.734285 0.668246 -0.119467
0.723206 0.679957 -0.120961
0.717054 0.689303 -0.103413
0.594088 0.617919 -0.51501
0.688274 0.674512 0.267045
0.798111 0.501492 -0.333953
0.878659 0.358873 -0.314911
0.661698 0.637505 -0.394643
0.658138 0.644783 -0.388728
0.773103 0.595766 -0.217657
0 0 1
-0.336006 0.48189 -0.809248
-0.349452 0.498186 -0.793532
-0.328324 0.466359 -0.821409
-0.363132 0.445489 -0.818337
-0.332383 0.396233 -0.855874
-0.384007 0.49286 -0.780786
-0.448373 0.503108 -0.738812
-0.454162 0.141488 -0.879613
-0.502846 0.25736 -0.825174
-0.97594 -0.028399 -0.216184
0.555014 0.086653 -0.827316
0.787526 0.524461 0.323642
0.766989 0.510463 0.388788
0.849543 0.47925 0.220447
0.846273 0.496244 0.193815
0.939195 0.150197 0.308795
-0.458075 0.806827 -0.373091
0.549455 0.727178 -0.411474
0.554924 0.731653 -0.395908
0.548144 0.751321 -0.367497
0.684886 0.5428 0.486106
0.600794 0.704492 -0.377806
0.588255 0.705945 -0.394459
0.946834 0.266069 0.180869
0.412008 0.871878 -0.264722
0.523939 0.639272 -0.562867
0.593035 0.72371 -0.352922
0.585537 0.727796 -0.357013
0.570705 0.735605 -0.36494
0.580823 0.72488 -0.370397
0.565077 0.749347 -0.345207
0.94144 0.298709 -0.156407
0.735188 0.617164 -0.280371
0.736817 0.61201 -0.287306
0.741164 0.601234 -0.298653
0.743439 0.603994 -0.28721
0.737593 0.617655 -0.27287
0.869084 -0.011648 -0.494528
0.479932 0.842095 0.246053
-0.207665 -0.967176 -0.146442
0.96089 0.046557 -0.272989
0 0 1
0.603302 0.45596 -0.654315
0.590985 0.466397 -0.658188
0.841381 -0.204719 -0.500168
0.546727 0.816575 0.185187
0.525458 0.826333 0.202651
0.864613 0.445844 0.231664
0.852734 0.464281 0.239347
0.193447 0.847403 0.494456
0.253978 0.819589 0.513584
0.335094 0.788528 0.51569
0.656069 0.654411 -0.375925
0.650241 0.657819 -0.38008
0.630865 0.457908 -0.626363
0.637846 0.452292 -0.623366
0.642249 0.442943 -0.625554
0.647097 0.451291 -0.614493
0.678734 0.438468 -0.589123
0.672483 0.453611 -0.584811
-0.036992 -0.996459 -0.07551
0.575953 0.479813 0.661859
0.63265 0.431344 0.643192
0.441694 -0.044699 -0.896051
0.436008 0.897845 -0.061413
0.435784 0.89501 -0.095129
0.697546 0.695734 -0.171417
0.705054 0.688937 -0.16812
0.71388 0.677463 -0.177254
0.611493 0.45619 -0.646503
0.82944 0.510733 -0.22623
0.473489 -0.370428 -0.799119
0.411818 -0.34902 -0.841778
-0.394631 0.329564 -0.857703
0.620875 0.351166 -0.700854
0.657806 0.726091 -0.20021
0.985366 -0.11482 0.125974
0.977014 -0.174052 0.123083
0.98478 -0.089798 0.14881
0.820715 0.384819 -0.422305
0.771328 0.594 -0.22851
0.687202 0.560422 -0.462255
0.685418 0.57055 -0.45241
0.695336 0.572109 -0.434971
0.709535 0.568658 -0.416158
0.794963 0.501851 -0.34085
0.737851 0.660057 -0.141066
0.745485 0.651161 -0.142269
0.738818 0.655664 -0.155732
0.661148 0.468371 -0.586098
0.924328 0.115666 -0.363648
0.91793 0.128196 -0.37546
0.924703 0.103876 -0.366243
0.915967 0.148075 -0.372932
0.015852 0.98977 0.141789
0.085207 0.98966 0.115379
0.78599 0.334249 -0.520094
0.783783 0.337516 -0.521313
0.780073 0.342412 -0.523679
0.77558 0.338658 -0.532716
0.779885 0.349291 -0.519399
0.773946 0.356871 -0.523116
0.763987 0.364199 -0.532619
0.478314 0.849559 -0.222408
0.484737 0.839883 -0.244185
0.460796 0.841481 -0.282096
0.341746 0.882434 0.323295
0.457571 0.826219 0.328618
-0.828156 -0.019656 0.560152
0.853332 -0.322961 -0.409294
0.670117 0.552358 -0.495827
0.659544 0.55424 -0.507759
0.663853 0.540961 -0.516391
0.084933 0.995672 0.037741
0.623236 0.559887 -0.545989
0.620206 0.56288 -0.546361
0.615767 0.566335 -0.54781
0.610009 0.568838 -0.551645
0.621823 0.558229 -0.549287
0 0 1
-0.177883 0.003101 -0.984047
0.796535 0.292493 -0.529131
0.799967 0.273754 -0.533958
0.789444 0.289594 -0.541214
0.803164 0.252212 -0.539738
0.961292 0.082394 -0.262925
0.09893 0.762052 -0.639914
0.112085 0.738431 -0.664948
0.079192 0.728135 -0.680843
0.023704 0.722952 -0.690491
0.122199 0.713439 -0.68998
0.15951 0.679706 -0.715931
0.015426 0.688593 -0.724984
0.760987 0.201488 -0.616685
0.95939 -0.111495 0.259115
-0.499781 0.863961 -0.061558
-0.442135 0.89485 -0.061322
-0.362343 0.930662 -0.050755
-0.426112 0.904363 0.023593
0.851061 0.495536 -0.173606
0.794585 0.419039 -0.439365
0.813887 0.500273 -0.29549
0.855041 0.259617 -0.448892
0.369534 -0.772448 -0.516497
0.352033 -0.742038 -0.570485
0.415255 -0.678658 -0.605795
0.475992 0.877664 -0.056016
0.497348 0.867067 -0.028985
0.472363 0.877155 -0.086436
0.702215 0.361792 -0.613189
0.666665 0.64702 -0.370031
0.668175 0.644223 -0.372181
-0.214866 0.950843 -0.223001
-0.178247 0.969761 -0.166706
-0.198394 0.975924 -0.090618
0.523971 0.758594 0.387285
0.51652 0.770833 0.372858
0.499996 0.773858 0.388777
0.469088 0.79213 0.390494
0.845617 0.20406 0.493246
0.769441 0.352661 -0.532533
0.811979 0.30045 -0.50042
0.428178 0.393089 -0.813723
0.409697 0.43208 -0.803402
0.437879 0.153307 -0.885866
0.423299 0.152964 -0.892984
0.907744 0.398581 0.130896
0.814626 0.33074 -0.476441
0.669868 0.592877 -0.446961
-0.833816 0.484851 -0.263951
-0.835225 0.4359 -0.335246
0.740981 0.434453 -0.512052
0.743074 0.441296 -0.503089
0 0 1
0.735798 0.432107 -0.521426
0.819044 0.389248 -0.421488
0.598997 0.691031 -0.404571
0.604698 0.694679 -0.389566
0.941819 0.039759 0.333761
0.73675 0.569475 -0.364553
0.237843 0.881847 -0.407156
0.69659 0.6068 -0.382827
0.703966 0.594701 -0.388281
0.533322 0.730123 0.427185
-0.163161 0.086282 -0.982819
0.119366 0.984169 -0.131007
0.098477 0.977516 -0.186454
0.972607 0.159308 0.169282
0.521356 0.633127 0.572135
0.753977 0.417715 -0.506984
0.931881 0.103337 -0.347734
0.9309 0.103594 -0.350277
0.008559 0.83055 -0.556878
-0.092641 0.80756 -0.582464
0 0 1
0.93555 0.099148 -0.338993
0.936788 0.100906 -0.335031
0.933804 0.10147 -0.343094
0.934091 0.103225 -0.341788
0.933991 0.106664 -0.341005
0.933245 0.113952 -0.340689
0.933035 0.123084 -0.338077
0.936576 0.124413 -0.327638
0.939656 0.131546 -0.315821
0.943236 0.144438 -0.299072
0.94749 0.160544 -0.276565
0.974315 0.161464 -0.156967
-0.708661 0.699874 -0.089312
0.779637 -0.626139 -0.010809
0.944977 -0.031033 0.325661
0.925557 -0.000402 0.378609
0.519209 0.772901 -0.364754
0.486647 0.797328 -0.356992
0.59813 0.045917 -0.800082
0.610876 0.075184 -0.788148
0.604108 0.571565 -0.555308
0.595349 0.576252 -0.559905
0.573347 0.589486 -0.569017
0.588501 0.565421 -0.577898
0.79069 0.49135 -0.36522
0.799779 0.480838 -0.359372
0.783814 0.499436 -0.369051
0.780787 0.509974 -0.360967
0.792671 0.493915 -0.35738
0.778462 0.499671 -0.379903
0.907058 0.071284 -0.414928
0.907972 0.091142 -0.408999
0.9806 -0.145148 0.131738
0.973719 -0.15451 0.167324
0.683007 -0.145526 -0.715768
0.886808 0.217704 -0.407647
0.890571 0.190151 -0.413189
0.897898 0.216891 -0.383064
0.909907 0.212691 -0.356134
0.94477 -0.119517 -0.305163
0.944289 -0.080721 -0.319064
0.950812 -0.039561 -0.307233
0.774952 0.401403 0.488186
0.276087 0.741452 -0.611576
0.076649 0.96199 0.262108
-0.001387 0.998063 0.062195
0.902972 0.292641 -0.314647
0.797798 0.308121 -0.518247
0.801135 0.304455 -0.515257
0.800053 0.302849 -0.517878
0.797282 0.312488 -0.516423
0.933375 0.067265 -0.352542
0.939011 0.043273 -0.341152
0.937841 0.057852 -0.342208
0.944692 0.051992 -0.323812
0.945012 0.030109 -0.325645
0.818399 -0.398889 -0.413655
0.447597 0.894176 -0.010315
-0.054514 0.998402 -0.014898
0.866313 0.208964 -0.453691
0.760305 0.464861 -0.453696
0.766685 0.466497 -0.441107
0.77297 0.471109 -0.424939
0.735987 0.396415 -0.548797
0.770052 0.398448 -0.498255
0.648336 -0.083765 0.756732
0.670113 0.547474 -0.501219
0.927758 0.327329 -0.179224
0.921432 0.336402 -0.194412
0.70138 0.464089 -0.541005
0.828317 0.068439 0.556064
0.682866 0.712017 -0.163478
0.969118 0.106427 0.222451
0.964849 0.120234 0.233687
0.483027 0.660178 -0.575195
0.501059 -0.624979 -0.598616
0.571979 -0.628635 -0.526933
0.458908 -0.762866 -0.455455
0.509133 -0.736768 -0.444923
0.465296 -0.731015 -0.499116
0.566891 -0.695158 -0.44203
0.702684 0.471673 -0.532691
0.707435 0.470289 -0.527602
-0.109669 0.958209 -0.264213
0.745785 0.50577 -0.433592
0.967802 -0.022852 -0.250675
0.965363 -0.049925 -0.256091
0.694293 0.603796 -0.391648
0.814017 0.383427 -0.436302
0.810546 0.382573 -0.443457
0.808162 0.378173 -0.451507
0.806186 0.388866 -0.445923
0.803619 0.396642 -0.443703
0.598299 0.71208 -0.367398
-0.007382 0.12648 -0.991942
0.773508 0.510793 -0.375201
0.754296 0.488093 0.439092
0.785318 0.469573 0.403456
-0.350525 0.840505 -0.413138
0.763871 0.447191 -0.465318
0.981913 0.186992 -0.029693
0.660161 0.006565 -0.751096
0.68177 0.005911 -0.731543
0.721669 -0.007805 -0.692194
0.775383 -0.014157 -0.631332
0.697827 -0.017516 -0.716052
0.669373 0.025773 -0.742479
0.678871 0.04985 -0.732563
0.670188 0.073463 -0.738546
0.711285 0.640424 -0.289708
0.943729 0.285988 -0.166091
0.781724 0.281849 -0.556299
0.915115 -0.397017 0.070294
0.910841 -0.392195 0.128651
0.878652 -0.454768 0.145453
0.932326 0.101537 -0.347071
0.921037 0.262727 -0.287515
0.931305 0.241625 -0.27256
0.941355 0.003877 0.337397
0.947594 -0.088564 0.306957
0.936251 -0.088463 0.340013
0.923469 -0.131178 0.360551
0.95305 -0.102057 0.285096
0.905915 0.377319 -0.192219
0.477032 0.669069 -0.569901
0.469238 0.674339 -0.57016
0.45571 0.678003 -0.576749
0.480784 0.664943 -0.571574
0.441136 0.682773 -0.582426
0.487162 0.664532 -0.566631
0.476812 0.663102 -0.577015
0.478503 0.657897 -0.581555
0.471562 0.680323 -0.561062
0.467397 0.694963 -0.546413
0.022709 0.869347 0.49368
-0.005865 0.855186 0.518288
0.441318 0.886921 -0.136416
0.414246 0.901484 -0.125408
0.578465 0.515079 -0.632512
0.727901 0.683968 -0.048463
0.468394 0.212097 -0.857684
0.637192 0.661882 -0.39484
0.627782 0.671129 -0.394305
0.618667 0.671753 -0.40743
0.640769 0.653613 -0.402746
0.639042 0.64375 -0.420965
0.758403 0.627578 0.175984
0.776 0.615651 0.137107
0.565499 0.80444 0.181899
0.583852 0.5976 -0.549536
0.771864 0.606579 -0.190494
0.76123 0.622535 -0.181602
0.790505 0.612061 -0.021982
0.027351 0.997089 -0.071168
0.001287 0.999092 -0.04259
0.04134 0.993479 -0.106253
0.026739 0.999571 -0.011911
0.734355 0.656339 -0.173037
0.765418 0.615308 -0.1885
0.757432 0.621311 -0.200673
0.784417 0.31683 -0.533206
0.782172 0.311623 -0.539535
0.786445 0.301025 -0.53934
0.779938 0.319261 -0.538302
-0.137179 0.908469 0.394798
-0.158534 0.869746 0.467342
-0.089722 0.931236 0.353199
-0.034167 0.947582 0.31768
0.484888 0.39741 -0.779069
0.461783 0.42802 -0.776888
0.798603 0.536669 -0.272434
0.787978 -0.600817 -0.134577
0.544614 0.72478 0.422007
0.560994 0.715502 0.416343
0.550855 0.711729 0.435891
0.562267 0.694285 0.449248
0.583592 0.701194 0.409571
0.608254 0.679674 0.409963
0.609557 0.658896 0.440792
0.780381 0.582375 -0.227694
0.760756 0.578339 -0.294573
0.872066 -0.487369 0.044425
0.7662 0.288678 -0.57411
0.938157 0.296667 0.178468
0.799646 0.283224 -0.529482
0.810217 0.275446 -0.517377
0.768065 0.326844 -0.550681
0.75784 0.337926 -0.558108
0.74526 0.348274 -0.568588
0.59085 0.780473 -0.204349
0.741326 -0.429204 -0.515964
0.724876 -0.385231 -0.571097
0.743053 0.422462 -0.519036
0.738834 0.424121 -0.523685
0.792429 0.315659 -0.521935
0.658324 0.662393 -0.357554
0.651399 0.666929 -0.361781
0.643251 0.675003 -0.361384
0.660519 0.664416 -0.349664
0.663302 0.666096 -0.341095
0.838366 -0.33 -0.433869
0.838455 -0.357486 -0.411335
0.860249 -0.354062 -0.366894
0.850384 -0.301471 -0.431234
-0.263498 0.21421 -0.940576
-0.277345 0.27612 -0.920238
0.554413 0.669202 -0.494768
0.41217 0.372663 -0.831407
0.661681 0.670908 -0.334755
0.598163 0.781853 -0.175804
0.603014 0.780502 -0.164898
0.024555 0.998804 0.042271
0.055715 0.996935 0.05492
0.086423 0.993357 0.07598
0.123199 0.987784 0.095423
0.065168 0.996415 -0.053938
0.060732 0.997651 -0.031703
0.572004 -0.021476 -0.81997
0.676958 0.412591 -0.609505
-0.873188 0.407938 -0.2667
-0.934311 0.326899 -0.142129
-0.918426 0.298932 -0.259099
-0.049293 0.824862 -0.563181
-0.102609 0.837512 -0.536699
-0.171304 0.819479 -0.546909
0.458633 0.861483 -0.217951
0.433973 0.868787 -0.238491
0.445085 0.87311 -0.198944
-0.47983 0.561857 -0.673855
-0.481608 0.620985 -0.61841
0.454627 0.83663 0.305557
-0.048333 0.786904 -0.615179
-0.126146 0.76699 -0.629137
0.93042 0.15019 -0.334308
0.81211 0.536768 -0.228818
0.920543 0.027025 -0.389706
0.924457 0.037384 -0.379449
0.931445 0.040339 -0.361638
0.33059 -0.336379 0.881793
0.70269 0.477284 -0.527662
0.698065 0.491929 -0.520298
0.699118 0.484344 -0.52597
0.711472 0.489452 -0.504227
0.685314 0.501846 -0.527726
-0.312654 -0.933413 0.176032
0.483029 0.833029 -0.269713
0.507115 0.812864 -0.286506
0.634494 0.432923 -0.640308
-0.413183 -0.138031 -0.900126
0.896791 0.409178 0.168342
0.893722 0.405561 0.191782
0.897028 0.387281 0.212967
0.322502 0.250166 -0.912913
0.294312 0.315197 -0.902237
0.843437 0.513337 -0.158428
0.841448 0.519857 -0.147354
0.738035 0.381982 -0.556232
0.748254 0.370465 -0.550338
0.449403 -0.89122 -0.061351
0.934691 -0.196238 -0.296386
0.926362 -0.194044 -0.322801
0.115455 0.822293 -0.557229
-0.532679 0.841771 -0.087605
0.964877 0.255069 0.062863
0.504682 0.76307 0.403759
0.832215 -0.02676 0.553806
0.823732 -0.070804 0.562541
0.844863 0.008336 0.534917
0.691999 0.619542 -0.370546
0.640486 0.182539 -0.745961
0.983121 0.120245 0.137895
0.985553 0.093629 0.141136
0.98627 0.110158 0.123031
0.98855 0.090128 0.121023
0.993535 0.072219 0.087592
-0.210437 0.310938 -0.926841
0.60176 0.020108 -0.798424
0.586905 0.025401 -0.809257
0.565995 0.030472 -0.823845
-0.145302 0.048458 -0.9882
-0.139563 0.067719 -0.987895
0 0 1
-0.151169 0.041119 -0.987652
-0.147326 0.022779 -0.988826
0.930664 0.003735 -0.365855
0.875012 0.323908 -0.359774
0.834116 -0.051714 0.54916
0.850001 -0.063634 0.522923
0.863521 -0.095335 0.49522
0.82796 0.367368 -0.423701
0.827342 0.36047 -0.430774
0.831941 0.347965 -0.432198
0.273329 0.948919 -0.157617
0.645339 0.663751 -0.378116
0.589767 0.79512 -0.14128
0.572554 0.807369 -0.142605
0.683444 0.537009 -0.494494
0.693973 0.527524 -0.49002
0.684349 0.526358 -0.504592
0.695703 0.513568 -0.50224
0.674254 0.527789 -0.516547
0.746419 0.652916 -0.128684
0.7518 0.645325 -0.135473
0.763601 0.631087 -0.136537
0.746618 0.654663 -0.11823
0.460296 0.437867 0.772269
0.52363 0.395001 0.754841
0.616194 0.770544 -0.162994
0.636806 0.753047 -0.165521
0.897518 0.434998 0.072371
0.886307 0.458419 0.06566
0.900467 0.4242 0.095991
0.876818 0.472366 0.089776
-0.421928 0.489661 -0.763026
-0.463639 0.451724 -0.762223
0.859756 0.201287 -0.469365
0.857348 0.175555 -0.483876
0.685267 0.486671 -0.541812
0.667326 0.502145 -0.550024
0.479439 0.826111 -0.296108
0.459952 0.828144 -0.320346
0.704711 0.458461 -0.541476
0 0 1
0.705084 0.460055 -0.539635
0.707119 0.459581 -0.537371
0.703015 0.462068 -0.540614
0.700732 0.462371 -0.543311
0.708905 0.461489 -0.533369
0.711535 0.46288 -0.52864
0.89528 0.422206 0.142183
0.888759 0.431389 0.154958
0.934046 0.110258 -0.339708
0.935574 0.110896 -0.335266
0.938049 0.112564 -0.327709
0.487812 0.70611 -0.513272
0.824703 0.416793 -0.382293
0.906552 0.279452 -0.316338
0.90987 0.272298 -0.313035
0.913003 0.255478 -0.318052
0.903513 0.279317 -0.325034
0.898717 0.271678 -0.344236
0.901346 0.275122 -0.33449
0.898176 0.285437 -0.334373
0.281488 0.935109 0.215259
0.336763 0.91833 0.207994
0.724189 0.613246 0.315404
0.912089 0.263711 -0.313927
0.917572 0.256351 -0.303884
-0.085476 0.942081 -0.32431
0.749848 0.48328 -0.45185
0.742942 0.494234 -0.451408
0.848158 0.503668 -0.164155
0.858054 0.488871 -0.157315
0.861575 0.476454 -0.175156
0.908965 -0.176072 0.377863
-0.298492 0.899792 -0.318241
0.446798 0.668967 -0.594015
0.457649 0.654494 -0.601826
0.450291 0.643974 -0.618495
0.448489 0.623545 -0.640351
0.475404 0.597221 -0.646002
0.424914 0.64896 -0.631109
0.472204 0.642012 -0.604023
0.531528 0.686229 -0.496556
0.769633 0.570246 -0.287202
0.665833 0.603002 -0.43938
0.6837 0.593728 -0.424313
-0.561094 0.825899 -0.055367
-0.538733 0.842434 -0.008476
-0.600206 0.796182 -0.076466
0.877713 0.103492 -0.467878
0.942349 0.248598 -0.224005
0.465447 0.074676 -0.88192
0.918835 0.231496 -0.319613
0.928997 0.219122 -0.298246
0.312882 0.882195 0.351905
-0.901373 -0.425834 -0.078691
0.654959 0.676706 -0.3363
0.65296 0.683671 -0.32594
0.660249 0.683454 -0.311387
0.673948 0.669736 -0.311844
0.649007 0.691932 -0.31626
0.606234 0.591542 -0.531563
0.605484 0.598132 -0.525002
0.612379 0.595896 -0.519519
0.727186 0.276015 -0.628503
0.842561 0.535392 0.058706
0.864019 0.329248 -0.380876
0 0 1
-0.553613 0.825255 -0.111657
-0.580145 0.80813 -0.101775
0.698499 0.685954 -0.203877
0.678547 0.633865 -0.3712
0.727432 0.326158 -0.603708
0.739034 0.309532 -0.598347
0.711297 0.334198 -0.61836
0.843493 0.506978 -0.177464
0.149522 0.980549 0.127145
0.930169 0.106796 -0.351256
0.927457 0.106253 -0.358515
0.931396 0.106203 -0.348169
-0.542655 0.828746 -0.136764
0.843279 0.473662 -0.254019
0.808136 0.526113 -0.264805
0.260911 0.231039 -0.937308
0.575363 -0.518718 -0.632368
0.675912 0.68633 -0.268503
0.675622 0.681693 -0.280766
0.686089 0.670708 -0.281837
0.665544 0.687629 -0.290204
0.680861 0.710399 0.178219
0.741138 0.661036 -0.11724
0.532216 0.717174 0.449898
0.294116 0.468657 -0.83298
0.297453 0.505484 -0.809943
0.23854 0.536456 -0.809514
0.393967 0.3356 -0.855665
0.344831 0.33307 -0.877585
0.772206 0.546766 -0.323645
0.949932 -0.133194 0.282646
0.595774 0.401082 -0.695835
0.62794 0.377445 -0.680608
0.640635 0.628379 -0.441278
0.392378 0.821868 0.413003
0.946275 -0.167548 -0.27657
0.707767 0.502829 -0.496214
0.990485 0.107014 -0.086532
0.988193 0.086072 -0.126749
0.00102 0.995718 0.092442
-0.022692 0.747589 -0.663774
0.705896 0.045663 -0.706842
0.745623 0.074523 -0.662188
0.702599 0.082212 -0.706821
0.733297 0.050132 -0.678058
0.770616 0.038992 -0.636106
0.748064 0.013301 -0.663494
0.295545 0.899899 0.32068
0.266119 0.917898 0.294354
0.846902 0.465508 -0.25702
0.846025 0.469014 -0.253511
0.582973 -0.164362 0.795693
-0.07751 0.868994 -0.488714
-0.116884 0.89219 -0.436274
-0.0428 0.901403 -0.43086
0.859296 0.483578 0.16662
-0.189906 0.963206 0.190181
0.968166 0.120337 0.219486
0.731415 0.617486 -0.289386
0.995514 0.091527 -0.02399
0.998097 0.061335 0.006394
0.938392 -0.009299 -0.345447
0.939165 0.177163 0.29425
0.748885 -0.022238 -0.662326
0.7575 -0.062664 -0.649821
0.483405 0.87452 -0.039166
0.47803 0.878232 -0.014013
0.493201 0.86978 0.015343
0.519313 0.853758 0.037569
0.554851 0.831789 0.01637
0.473045 0.879943 0.043908
0.755194 0.461276 -0.465733
0.630426 0.67293 0.386947
0.577202 0.546858 0.606453
0.626447 0.529899 0.571639
0.53239 0.583399 0.613356
0.489795 0.864682 -0.111468
0.627168 0.538674 -0.562575
0.669221 0.645554 -0.367973
0.397365 0.699385 -0.594106
0.384524 0.715942 -0.582725
0.84932 0.464658 -0.250495
0.852717 0.459999 -0.247537
0.850828 0.463558 -0.247398
0.84724 0.468575 -0.250246
0.850992 0.461668 -0.250351
0.85215 0.45787 -0.253369
0.855406 0.453944 -0.249429
0.843946 0.494749 -0.207312
0.854983 0.47802 -0.201247
0.834541 0.509346 -0.21002
0.960704 -0.136627 -0.241623
0 0 1
0.618373 0.556393 -0.555015
0.622587 0.55211 -0.554581
0.6219 0.548607 -0.558812
0.618643 0.554881 -0.556226
0.615025 0.558069 -0.557049
0.605989 0.556513 -0.568393
0.621101 0.543813 -0.564359
0.60965 0.563386 -0.557604
0.611428 0.543914 -0.57473
-0.590342 -0.386926 -0.708368
0.424714 0.489446 -0.761617
0.77785 0.359906 -0.515186
0.778539 0.367802 -0.508526
0.781712 0.375377 -0.498014
0.792059 0.370295 -0.485309
0.770972 0.379065 -0.511773
0.610532 0.531573 -0.587095
0.625434 0.515526 -0.585717
0.63219 0.496643 -0.594711
0.759523 -0.028343 0.649863
0.294596 0.882405 0.366844
0.256951 0.885772 0.386503
0.226186 0.906979 0.355288
0.168931 0.912828 0.371763
-0.849516 0.524855 0.05339
0.472945 0.670982 -0.571057
0.462563 0.677882 -0.571412
0.456698 0.682979 -0.570058
0.448322 0.690921 -0.567129
0.434109 0.701089 -0.565706
0.610464 0.579378 -0.540051
0.920972 0.366698 -0.131696
0.92398 0.366372 -0.109693
0.611682 0.769014 0.185638
0.853444 0.462268 -0.24071
0.857287 0.46075 -0.229715
0.983276 -0.153094 0.098644
0.977839 -0.189297 0.089432
0.047636 0.411456 -0.910184
0.186787 0.51318 -0.837709
0.104444 0.519242 -0.848221
0.076745 0.469461 -0.879611
0.584895 0.582511 -0.564427
0.614502 0.571536 -0.543814
0.901574 -0.335829 -0.272734
0.914816 -0.402311 0.035471
0.926874 -0.375102 -0.014234
0.904134 -0.421582 -0.069351
0 0 1
0.492883 0.66762 -0.557987
0.502875 0.667648 -0.548965
0.502268 0.660596 -0.557978
0.624345 0.588691 -0.513454
0.406632 0.146348 -0.901794
0.391749 0.157528 -0.906486
0.351902 0.138865 -0.925679
0.37091 0.150977 -0.916314
0.335501 0.167569 -0.927017
0.288026 0.184354 -0.93971
0.557435 0.573318 -0.600476
0.856585 0.229631 -0.462094
0.075846 0.572836 -0.816153
-0.004624 0.565768 -0.824552
0.789884 0.333322 -0.514762
0.503472 -0.861818 0.061533
0.609178 -0.791109 0.05522
0.992306 0.012184 -0.123205
0.378753 -0.822201 -0.424889
0.756991 0.612333 -0.228064
0.823821 0.358787 0.438851
0.836042 0.331513 0.437188
0.84173 0.299917 0.448933
0.82549 0.369465 0.426687
-0.299241 0.463823 -0.83386
-0.280747 0.436433 -0.854814
-0.232314 0.439192 -0.867837
-0.178647 0.422276 -0.888689
-0.134001 0.450226 -0.882803
-0.078322 0.492469 -0.866798
-0.148668 0.494179 -0.856554
-0.118383 0.403398 -0.907334
-0.113996 0.356215 -0.927424
0.392228 0.797588 0.45827
0.03016 0.993481 0.109932
0.055679 0.988174 0.142873
-0.007941 0.992601 0.121165
-0.014838 0.988033 0.153526
-0.022 0.979939 0.198082
-0.054861 0.967601 0.24645
0.010546 0.983864 0.178609
0.619231 0.557415 -0.55303
0.763969 0.398476 -0.507511
-0.533857 0.692763 -0.484847
-0.502365 0.753232 -0.424584
-0.607692 0.647596 -0.459706
0.515316 0.685204 -0.514728
0.50363 0.685648 -0.52559
0.805171 0.544312 0.235423
0.782966 0.566866 0.256179
0.777069 -0.61816 0.118499
0.784766 -0.579137 0.220777
0.745839 -0.560068 0.360623
0.996809 0.063994 0.04772
0.607153 0.612589 -0.506064
0.538729 0.05328 -0.840793
0.934349 0.320345 0.156108
0.34571 0.93023 -0.123112
0.524981 0.693244 -0.493769
0.33211 0.939865 -0.079729
0.279573 0.957792 -0.066884
0.333069 0.942415 -0.030303
0.228022 0.972753 -0.041934
0.353818 0.840397 0.410544
0.316813 0.846667 0.427533
0.301675 0.826346 0.475546
0.267901 0.851991 0.449822
0.321335 0.368381 -0.872375
0.518404 0.83332 -0.191925
0.519535 0.839414 -0.159583
0.792643 0.501056 -0.347362
-0.824147 0.394766 -0.406129
-0.765772 0.35797 -0.534276
-0.851716 0.293928 -0.433805
0.593568 0.597968 -0.53862
0.583715 0.606585 -0.539751
0.979598 0.086296 0.181495
0.983425 0.062957 0.170035
0.980107 0.037864 0.194822
0.976208 1.3e-05 0.216836
0.987402 0.036667 0.153924
0.991723 -0.00046 0.128397
0.997285 -0.01627 0.071825
0.982529 0.091995 0.161782
0.630153 0.226293 -0.742764
0.753379 0.647526 -0.114586
0.760488 0.640487 -0.106937
0.769279 0.629053 -0.111812
0.599795 0.605631 -0.522931
0.593769 0.611735 -0.522703
0.586045 0.610392 -0.532891
0.584844 0.61844 -0.524871
0.579216 0.631199 -0.515846
0.600704 0.61039 -0.516313
0.73827 0.52312 -0.425797
0.726386 0.530928 -0.436439
0.743605 0.515907 -0.425313
0.732026 0.526785 -0.432013
0.728669 0.521963 -0.443391
0.788989 0.503151 -0.352612
0.83464 0.524136 -0.169287
0.980235 0.155951 0.121729
0.485874 0.074962 -0.870808
0.465993 0.178143 -0.866669
0.46479 0.166914 -0.869546
0.76463 0.642489 -0.050486
0.76326 0.645387 -0.030175
0.767932 0.637511 -0.062121
0.093623 0.983946 0.151938
0.098141 0.976389 0.19244
0.145477 0.967068 0.208844
0.054197 0.762946 0.644186
0.114325 0.694138 0.710706
-0.859147 0.495812 -0.12664
-0.864413 0.501379 -0.037549
-0.900857 0.415175 -0.126833
-0.931324 0.363144 -0.027606
-0.120839 0.686794 0.716737
0.968256 -0.225125 -0.108623
0.977965 -0.204943 -0.039798
0.409928 0.245254 -0.878527
0.793739 0.181382 -0.580584
0.798553 0.162174 -0.579667
0.812548 0.157766 -0.561138
0.820013 0.133285 -0.556609
0.83948 0.129623 -0.527703
0.803626 0.141662 -0.578029
0.822413 0.104427 -0.559225
0.823232 0.053706 -0.565159
0.806464 0.084258 -0.585249
0.797043 0.046082 -0.602162
0.627886 -0.767093 -0.131636
0.964772 0.236853 0.114525
0.963588 0.226301 0.142428
0.200757 0.67763 0.707471
-0.046229 0.985567 -0.162851
-0.700065 0.471943 -0.535891
0.436846 0.897411 0.061793
0.389769 0.919325 0.054052
0.894055 0.199841 0.400911
0.908632 0.206994 0.362688
0.922356 0.171003 0.346436
0.746938 -0.581987 -0.321521
0.74701 -0.625731 -0.224582
0.986428 -0.033485 0.160747
0.352001 0.554004 0.754437
0.450369 -0.195278 -0.871226
0.461208 0.686212 0.562495
-0.109901 0.550494 0.827574
0.894462 -0.23054 0.383131
0.922018 -0.22653 0.313955
-0.105202 0.986744 -0.123565
0.901787 -0.190502 -0.387929
0.933518 -0.342036 0.107495
0.947096 -0.29951 0.115338
0.945543 -0.275059 0.174045
0.969604 -0.229026 0.086107
0.967227 -0.250093 0.043873
0.975411 -0.220295 0.006629
0.907146 0.331045 0.259799
0.887647 -0.101382 -0.449227
0.829206 0.52378 0.19512
0.861061 0.402846 0.310304
0.862016 0.377226 0.338569
0.879787 0.344087 0.327993
0.886868 0.307872 0.344499
0.918799 0.324982 0.224043
0.892467 0.17037 0.417704
0.90061 0.116221 0.418802
0.84883 -0.528142 -0.023526
-0.671297 -0.59122 0.447011
-0.591718 -0.53515 0.602897
-0.383393 -0.609079 0.694285
-0.151227 -0.463763 0.872957
-0.710388 -0.37131 0.597894
0.954319 0.256032 -0.154019
0.962417 0.230767 -0.143179
0.947834 0.316701 0.036199
0.945133 0.326569 0.008755
0.71549 0.0815 0.693853
0.752603 0.656593 0.049748
0.592355 0.803267 -0.062271
0.390529 0.914509 0.105642
0.099165 0.459382 0.882686
0.117158 0.321468 0.939645
0.292036 0.292148 0.910695
0.34376 0.403565 0.847917
0.228459 0.499651 0.835557
0.770215 0.090197 0.631374
0.644724 0.478111 0.59644
0.175007 -0.221783 0.959263
0.358691 -0.148153 0.921624
0.979407 -0.005882 -0.201808
0.898044 0.062555 0.435435
0.558044 -0.459665 -0.690865
0.804481 0.2662 0.530987
0.820221 0.217773 0.528973
0.798997 0.196221 0.56842
0.79582 0.142739 0.588469
0.54052 0.474114 0.695021
0.530729 0.43805 0.725561
0.846151 -0.436722 0.305454
0.79709 -0.488446 0.35506
0.748923 -0.501025 0.433692
0.717976 -0.465643 0.517385
0.626631 -0.518068 0.582184
0.412344 0.42882 0.803794
0.922999 -0.098854 0.371889
-0.472308 -0.766735 -0.434791
0.821857 -0.106993 -0.559557
0.794272 -0.139289 -0.591381
0.823287 -0.061164 -0.56432
0.799968 -0.037954 -0.598841
0.414924 0.183877 0.891082
-0.110548 -0.970284 0.21524
0.970754 0.151248 -0.186441
0.974554 0.118897 -0.19002
0.982013 0.101227 -0.159385
0.143714 0.964523 -0.221452
0.165039 0.948784 -0.269391
0.377432 0.898032 0.226017
0.994296 -0.065391 0.08426
0.596814 -0.61979 0.509582
0.84763 0.407979 0.339229
0.931303 0.345714 0.114699
0.908797 -0.374501 -0.183947
0.884011 -0.438934 -0.160813
0.965156 -0.254995 -0.058747
-0.015876 -0.55778 -0.829837
-0.207381 -0.509152 -0.835319
-0.347051 -0.56873 -0.745722
0.82666 0.030308 0.561884
-0.330533 0.808503 -0.486899
0.319371 0.939191 0.126185
0.681718 0.632383 0.367902
0.65532 0.649019 0.386432
0.659651 0.623829 0.419164
0.691401 0.602168 0.399197
0.723886 0.560103 0.402831
0.753286 0.55427 0.35404
0.649271 0.609124 0.455429
0.631298 0.598564 0.493137
0.666253 0.576894 0.472546
0.770532 0.217408 0.599177
0.759845 0.177923 0.625283
0.748332 0.267151 0.607148
0.71363 0.261694 0.649807
0.734352 0.160665 0.65948
0.735737 0.11416 0.667577
0.508977 -0.601777 0.615473
0.344845 -0.681799 0.64516
0.971099 0.232496 0.053973
0.97729 0.209354 0.032781
0.983227 0.180514 0.026079
0.669644 0.407948 0.620609
0.93987 0.336427 -0.058831
0.960315 -0.084315 0.265868
0.968901 -0.090381 0.230351
0.994428 -0.035098 0.099403
0.992658 0.074534 -0.09526
0.243703 0.140711 0.959588
0.135573 -0.034757 0.990157
0.873872 -0.248585 -0.417796
-0.680888 -0.179781 0.709979
-0.471955 -0.154181 0.868036
-0.327777 -0.342775 0.880379
0.936857 0.348033 -0.034223
0.960994 0.272825 0.045359
0.962573 0.270465 0.017404
0.977066 0.202959 -0.064424
0.737848 -0.607856 0.293412
0.71129 -0.246236 0.658357
0.904264 0.144092 0.401926
0.916278 0.114011 0.383974
-0.138178 0.980431 0.140219
-0.051853 0.629346 0.775393
-0.205147 0.814495 0.54269
0.401258 0.379534 0.833634
0.455945 0.282335 0.844039
0.356972 0.333458 0.872569
0.377346 0.255314 0.890182
0.466134 0.108579 0.878026
0.536014 0.058737 0.842164
0.604632 0.090138 0.791388
0.577658 -0.441113 0.686826
0.505543 -0.369506 0.779674
0.717189 0.683619 0.135293
0.911448 -0.299766 0.281785
0.978359 0.084268 -0.18898
0.107989 0.338205 -0.934856
0.669902 -0.589335 -0.451569
0.992006 0.113622 -0.054902
0.998237 0.023108 -0.054665
0.999599 0.024173 -0.014765
0.921008 -0.103686 -0.375491
0.940952 -0.16444 0.295921
0.939498 -0.204202 0.275035
0.953437 -0.195563 0.229593
0.952916 -0.230371 0.197179
0.96369 -0.157816 0.215395
0.928509 -0.188132 0.32012
0.91229 -0.20912 0.35213
0.922735 -0.166881 0.347435
0.905456 -0.247622 0.344721
0.906277 -0.27789 0.318495
0.923097 -0.257581 0.28556
0.89084 -0.311652 0.330571
0.930422 0.302424 0.207015
0.916888 0.143918 0.372295
-0.420114 -0.85505 0.303965
0.820077 0.110469 0.561489
0.334032 0.747132 0.574645
0.350707 0.696258 0.626283
0.284924 0.734079 0.616398
-0.668798 0.071111 0.740036
-0.241573 0.866292 0.437242
-0.298627 0.816443 0.494209
-0.413912 0.783197 0.463983
-0.631884 -0.681854 0.368507
-0.518277 -0.766623 0.379049
-0.708127 -0.644261 0.288937
-0.72044 -0.672755 0.168422
-0.638863 -0.759788 0.120731
0.762999 -0.203415 0.613559
0.723382 -0.171723 0.668752
0.677891 -0.668402 0.306108
0.600038 -0.730773 0.325462
0.562676 -0.707602 0.427428
0.698897 -0.616183 0.363128
0.668687 -0.603104 0.434882
0.871342 -0.273086 0.407661
-0.751515 0.122513 -0.648241
0.782321 -0.545541 0.300597
-0.283603 -0.679212 -0.676934
0.928392 0.096964 0.358729
0.932769 0.063954 0.354757
0.922897 0.039893 0.382974
0.898676 0.24377 0.364633
0.941897 0.230858 0.243998
0.93499 0.261223 0.239907
-0.192608 0.727149 -0.658905
-0.135773 0.698114 -0.702995
0.650604 -0.758758 -0.03162
0.991429 0.06208 0.114955
0.288345 0.609531 -0.738464
-0.576921 -0.64416 -0.502215
-0.236652 -0.908372 0.344756
-0.155481 -0.846476 0.50922
0.056601 0.971577 -0.229859
0.844758 -0.141862 0.516003
0.821398 -0.140327 0.552823
0.798121 -0.129965 0.588313
0.952474 0.246612 -0.178817
0.282415 0.449638 0.847388
0.341467 0.463798 0.817491
0.349647 0.510334 0.785688
0.983406 -0.180428 0.018922
0.650131 -0.749181 0.126719
0.711381 -0.68938 0.136722
0.662435 -0.720102 0.206476
0.473084 0.550736 0.687664
-0.035239 0.449783 0.892443
0.989139 0.122903 0.080617
0.798103 0.58503 0.144124
0.942564 0.067809 0.327071
0.950706 0.048861 0.30622
0.957795 0.063558 0.280338
0.949814 0.021159 0.312099
-0.442515 0.453475 0.773654
0.855974 -0.205874 0.474261
0.822535 -0.242679 0.514338
0.812744 -0.315541 0.489776
0.03976 -0.633424 0.772783
-0.040686 -0.010945 0.999112
0.817604 -0.105054 0.566115
0.899996 0.425827 -0.093159
0.911039 0.400768 -0.096919
0.840503 0.018595 -0.541488
0.473553 0.021357 0.880507
0.451841 -0.085046 0.888035
0.529356 -0.120142 0.83985
0.59055 -0.074029 0.803598
0.464974 -0.177462 0.867356
0.429008 -0.276651 0.859893
0.420211 -0.377893 0.824997
0.327194 -0.461964 0.824338
0.203347 -0.40469 0.891558
0.339553 -0.568986 0.748972
0.433601 -0.591419 0.679863
0.517998 -0.525403 0.675004
0.439823 -0.663061 0.605728
0.383074 -0.74186 0.550362
0.239483 -0.786584 0.569151
0.165355 -0.697845 0.696901
0.431017 -0.779021 0.455358
0.5113 -0.655168 0.556173
0.547661 -0.675716 0.493431
0.603582 -0.65456 0.455236
0.562643 -0.604046 0.564412
0.569353 -0.54849 0.612369
0.616607 -0.569177 0.543906
0.660829 -0.530362 0.531057
0.675861 -0.477743 0.561225
0.712532 -0.417454 0.563941
0.734401 -0.335878 0.589781
0.640864 -0.456927 0.616856
0.643735 -0.584155 0.494337
0.392472 -0.838718 0.377515
0.341975 -0.894445 0.288136
0.271683 -0.947394 0.169215
0.630847 -0.407868 0.660057
0.665059 -0.337239 0.666309
0.580524 -0.359955 0.730359
0.556855 -0.294531 0.776636
0.453239 -0.842527 0.291072
0.540633 -0.791381 0.285363
0.342278 -0.814376 0.468655
0.956857 0.011363 0.290337
0.966611 0.012828 0.255928
0.147543 -0.587619 -0.795572
0.885237 -0.02443 0.464498
0.905673 -0.031776 0.422784
0.991423 0.05424 -0.118904
0.926151 0.36937 0.076219
0.864237 0.497315 -0.075973
0.963242 -0.215753 0.16005
0.971214 -0.182458 0.153144
0.9705 -0.20465 0.127464
0.697863 -0.508612 0.504282
0.716724 -0.523485 0.460728
0.729076 -0.546724 0.411753
0.764497 -0.516639 0.385523
0.784354 -0.469409 0.405517
0.766202 -0.443342 0.465169
0.735878 -0.482628 0.474924
0.698904 -0.561905 0.442487
0.704152 -0.585658 0.401465
0.805138 -0.395004 0.442408
0.974536 -0.127204 0.184657
0.975206 -0.099701 0.197569
0.979608 -0.104953 0.17133
-0.267292 0.960468 -0.077825
0.958546 -0.265556 0.103298
0.952946 -0.26968 0.138446
0.955982 -0.246077 0.159824
0.996731 -0.061013 0.052961
0.996787 -0.075957 0.025417
0.998008 -0.060292 -0.018559
0.998218 -0.032321 0.05017
0.999687 -0.01018 0.022871
0.996395 -0.044509 0.072221
-0.888853 -0.433885 0.147255
0.197029 0.778964 0.59531
0.237805 0.74926 0.618109
0.936713 -0.329363 -0.118697
0.928519 -0.362193 -0.081662
0.97542 -0.071711 0.208357
0.980766 -0.045911 0.189711
0.982726 -0.015041 0.184455
-0.48967 0.786762 0.375805
0.883943 -0.066445 0.462849
0.992451 -0.025547 -0.119955
0.988103 -0.049823 -0.145499
0.984687 0.01572 -0.173621
-0.197598 0.042683 0.979353
-0.999898 -0.012651 -0.006601
-0.978717 -0.176954 0.103922
-0.940691 -0.324835 0.09789
-0.456339 -0.740536 0.493316
-0.486361 -0.643107 0.591494
-0.349438 -0.723608 0.595218
0.879473 0.110387 0.462971
0.858119 0.147105 0.491927
0.446271 0.592134 0.670984
0.408798 0.632977 0.657437
0.462504 0.621093 0.632719
0.479148 0.644765 0.595563
0.432275 0.563098 0.704314
0.499788 0.612514 0.612404
0.29511 0.36582 0.882658
0.230748 0.342891 0.910594
0.203307 0.264583 0.942689
0.089353 0.187512 0.97819
-0.195047 -0.798866 -0.569008
0.728995 0.457563 0.509119
0.702536 0.466244 0.537642
0.98091 -0.128074 -0.146329
0.989339 -0.100771 -0.105135
0.804773 0.568247 0.171571
0.861111 -0.057 -0.505212
0.961717 -0.052056 0.269056
0.094103 -0.995524 0.008747
-0.041505 -0.995931 0.079996
-0.569243 0.596387 -0.565938
0.677007 -0.676462 -0.289932
0.696021 -0.687134 -0.20833
0.742209 -0.65225 -0.153932
0.762498 -0.642056 -0.079762
0.803816 -0.591097 -0.066955
0.824268 -0.5552 -0.111064
0.817228 -0.544634 -0.188448
0.818101 -0.575022 -0.007824
0.797952 -0.600952 0.046148
0.751851 -0.657298 0.051757
0.812493 -0.574927 0.096513
0.848427 -0.518966 0.10414
0.806791 -0.569432 0.157595
0.733129 -0.679823 -0.019044
0.683927 0.116992 0.720109
0.836202 0.237343 0.494404
0.857709 0.222589 0.463453
0.864224 0.184193 0.468177
0.843955 0.26093 0.468674
0.871142 0.245442 0.425289
0.871717 0.271889 0.407659
0.538515 0.841716 -0.038922
0.946976 0.25004 0.201781
0.836331 0.18069 0.517591
0.838918 0.142571 0.525253
0.996586 -0.082556 -0.001278
0.993967 -0.108134 -0.018369
0.989571 -0.137055 -0.04432
0.974969 0.065586 -0.212447
0.989746 -0.07215 -0.123276
0.999564 -0.029462 -0.001999
0.999992 -0.001774 -0.003556
0.997392 -0.043488 -0.057606
0.777332 -0.52729 0.343104
0.804286 -0.505298 0.312727
0.82217 -0.467809 0.324332
0.81605 -0.447637 0.365628
0.839748 -0.42049 0.343527
0.853501 -0.379762 0.356815
0.841843 -0.369275 0.39362
0.827274 -0.363489 0.428361
0.807673 -0.35654 0.469621
0.831458 -0.326541 0.449499
0.851704 -0.298693 0.430561
0.835878 -0.291817 0.46492
0.821569 -0.276941 0.498325
0.790078 -0.295812 0.53691
0.789373 -0.34607 0.507076
0.756391 -0.361256 0.545313
0.805668 -0.433956 0.403214
0.87442 -0.174537 0.452687
0.893658 -0.164254 0.417607
0.876543 -0.140646 0.460316
0.86345 -0.127249 0.48812
0.891766 -0.128554 0.433852
0.896707 -0.0985 0.431525
0.339023 0.179729 0.923451
0.401348 0.123398 0.907575
0.989775 -0.121187 -0.075231
0.98521 -0.134495 -0.106172
0.985635 -0.153428 -0.070589
0.984779 -0.169406 -0.038874
0.979806 -0.187254 -0.070113
0.972676 -0.221282 -0.070257
0.982176 -0.187569 -0.012149
0.957278 0.190228 -0.217788
-0.535811 -0.803813 0.258441
0.51392 0.548211 0.659811
0.745093 -0.07845 0.662331
0.727719 -0.121297 0.675065
0.689203 -0.121778 0.714262
0.768245 -0.095786 0.632949
0.937497 0.347127 0.024537
0.92713 0.374207 0.01999
-0.620847 0.270241 -0.73588
-0.947011 -0.203353 -0.248633
-0.919621 -0.339319 -0.197888
-0.897593 -0.172573 -0.405642
-0.813168 -0.320717 -0.485693
-0.75142 -0.239325 -0.614891
0.943618 -0.296013 -0.148192
0.941166 -0.281223 -0.187402
-0.680869 0.031885 -0.731711
0.990847 -0.034755 0.130439
0.870147 -0.089236 -0.484646
-0.646511 -0.108898 -0.755093
0.798484 -0.251942 0.546762
0.813168 -0.210856 0.542492
0.913624 0.017433 0.406187
0.91044 0.048346 0.410806
0.942962 -0.297962 0.148461
0.932926 -0.311874 0.179952
0.935221 -0.286694 0.20777
0.919634 -0.349992 0.178266
0.176098 -0.93984 0.292729
0.12149 -0.899321 0.420073
0.037031 -0.955767 0.291783
-0.569827 -0.820106 0.052191
0.945894 -0.314069 -0.08152
0.954653 -0.294093 -0.046333
0.309723 0.670151 0.674514
0.788677 -0.247375 -0.562845
0.753178 -0.268281 -0.600623
0.824991 0.469031 0.315277
0.824556 0.449012 0.344232
0.809786 0.44747 0.379496
0.926007 0.267927 0.265945
0.913596 0.291968 0.283014
0.511212 -0.459216 0.726487
0.45528 -0.434104 0.77735
0.864311 -0.305668 0.399416
0.369307 0.621068 0.691293
0.323644 0.638021 0.698701
0.98601 -0.06167 0.154858
0.612752 0.788332 0.055396
0.549566 -0.406077 0.730122
0.646724 0.106835 0.755205
0.615842 0.139263 0.775464
0.505045 -0.745848 0.434327
0.378352 0.753854 0.537171
0.095022 -0.503444 0.858787
-0.679352 -0.511551 0.526115
0.351284 -0.241217 0.904662
0.27507 -0.190348 0.942393
0.270292 -0.066264 0.960495
0.256142 -0.281034 0.924885
0.166666 -0.316815 0.933729
0.02374 -0.252149 0.967397
0.049868 -0.115236 0.992086
0.038921 -0.014038 0.999144
-0.004135 0.041511 0.999129
-0.090829 0.076518 0.992922
-0.038765 0.084804 0.995643
-0.038744 0.160599 0.986259
-0.074084 -0.102358 0.991985
-0.118175 -0.00152 0.992992
0.093594 0.063586 0.993578
0.203826 0.039314 0.978217
0.295175 0.053342 0.953953
-0.06071 0.039725 0.997365
-0.058884 0.25635 0.964789
0.215087 -0.135186 0.967193
0.037682 0.279843 0.959306
0.036286 0.368763 0.928815
0.934824 -0.021465 0.354462
0.92283 -0.034942 0.383618
0.914433 -0.011706 0.404569
0.379198 -0.558513 -0.737748
-0.851501 -0.522053 0.049053
-0.769493 -0.634764 0.070389
0.997328 0.032124 0.065608
0.961079 -0.136994 0.239917
0.99872 0.002052 0.050538
0.763557 -0.320127 0.560802
0.813918 -0.545266 0.200555
0.837077 -0.500547 0.220808
0.803729 -0.538532 0.252987
0.858649 -0.477318 0.186787
0.87966 -0.43495 0.192398
0.775545 -0.572136 0.266816
0.753699 -0.609416 0.246069
0.76134 -0.620446 0.188168
0.609484 -0.228957 0.759018
0.907599 0.080896 0.411972
0.991207 0.037945 0.126764
-0.298745 -0.509345 0.807044
-0.152071 -0.599302 0.785946
0.756352 0.642348 0.123779
0.938429 -0.057346 0.340679
0.987592 -0.137378 0.076094
0.991266 -0.12049 0.053609
0.983539 -0.164977 0.073712
0.990948 -0.13143 0.027362
0.963418 0.047408 0.263777
0.891937 0.382255 0.241515
0.740152 0.583806 0.333686
0.943613 0.119386 0.308776
0.955021 -0.294662 0.033322
0.494257 -0.304544 0.814226
-0.334464 -0.010705 0.942348
-0.285535 0.954411 0.087006
0.99521 -0.004843 0.097644
0.977106 -0.026227 0.21113
0.971739 -0.015845 0.235525
0.96561 -0.023658 0.258917
0.480523 0.179046 0.858511
0.534403 0.237366 0.811216
0.581005 0.176061 0.794629
0.593631 0.232016 0.770565
0.63387 0.234096 0.737162
0.597292 0.275688 0.753152
0.661301 0.186055 0.72668
0.510821 0.305576 0.803545
0.96458 0.161433 -0.208627
0.981102 0.135953 -0.137678
0.8781 -0.475414 -0.054047
0.883591 -0.45614 -0.105841
0.598936 -0.498002 0.627112
0.076332 0.943456 -0.322589
-0.199296 0.408713 0.890637
0.139638 -0.364306 -0.920751
-0.314978 0.655113 0.686743
0.99641 0.053948 -0.06525
0.819796 -0.17593 0.544962
-0.106214 0.130205 0.985782
-0.143976 0.083077 0.986088
-0.200623 0.117936 0.972544
0.933414 0.024669 0.357953
0.216013 -0.94844 -0.23195
0.975131 0.05499 0.214698
0.97438 0.028013 0.223157
0.259697 0.965684 -0.003292
0.78222 0.117075 0.611903
0.69517 -0.163924 0.699906
0.658664 -0.229124 0.716704
0.700581 -0.207964 0.682596
0.734043 -0.204679 0.647524
0.748876 -0.170023 0.640529
0.741446 -0.241484 0.626053
0.717857 -0.295983 0.630139
0.677345 -0.265557 0.686064
0.69955 -0.343066 0.626845
0.743753 -0.42109 0.519148
0.997062 0.008956 0.076078
0.459583 0.872183 0.167571
0.788472 -0.214188 0.576573
0.390817 0.666875 0.63446
0.942204 0.334709 -0.014915
0.711996 0.125945 0.690797
0.703359 0.55876 0.4394
0.895311 -0.414831 0.162279
0.882025 0.012437 0.471038
0.868728 0.029885 0.494387
0.889492 0.038605 0.455317
0.915594 0.345881 0.20507
0.979932 0.193145 0.04927
0.97504 0.221737 0.011364
0.974253 0.225075 -0.013137
0.895337 0.091295 0.435933
0.569254 0.369538 0.734432
0.598279 0.391035 0.699395
0.637629 0.366514 0.677567
0.375703 -0.058452 0.924895
0.863974 -0.211226 -0.457092
0.697432 -0.261154 -0.667373
0.984598 0.111113 -0.134983
-0.358652 0.907122 0.220224
0.88536 0.080741 0.457842
-0.244237 0.942015 0.230124
0.991332 0.131033 0.009509
0.993966 0.10955 -0.005568
0.996261 0.086302 0.003905
0.996226 0.08196 0.028581
0.994875 -0.07285 -0.070117
0.868809 -0.405226 0.284541
0.995361 -0.028692 -0.091837
0.876034 -0.472717 0.095408
0.839361 0.046185 0.541609
0.845589 0.074879 0.528557
0.860443 0.08442 0.502505
0.8623 0.114371 0.493313
0.834405 0.094706 0.542955
0.942907 -0.226392 0.244282
0.998449 -0.004238 -0.055506
0.656187 0.529032 0.538093
0.686337 0.513531 0.515002
0.836534 -0.21479 0.504059
0.536245 -0.181539 0.824309
0.564105 -0.228037 0.79359
0.971045 -0.237577 -0.025096
0.967118 -0.254225 0.007303
-0.713093 -0.614781 -0.336961
-0.90856 -0.210126 0.361061
-0.865232 -0.337176 0.37106
-0.801515 -0.380715 0.461118
0.571474 0.012774 0.820521
0.745027 -0.29578 0.59787
0.367822 -0.4757 -0.79901
0.265865 -0.636522 0.723986
0.903678 0.296431 0.309022
-0.033433 -0.535452 0.843904
0.269551 0.890248 -0.367153
0.194723 0.904327 -0.379836
0.711263 -0.376992 0.59328
0.965901 -0.21063 -0.150569
-0.041326 0.344593 0.937842
0.873022 -0.236272 0.426625
-0.818186 0.025171 -0.574403
-0.794079 -0.186881 0.578372
-0.156782 -0.278179 0.947648
0.900607 -0.337858 0.273419
0.743825 0.528641 0.408978
0.894062 -0.044878 0.445689
0.683139 -0.081884 0.725683
0.615025 -0.120696 0.779216
0.980386 0.013884 0.196599
0.626527 -0.044476 0.77813
0.610467 0.565016 0.555055
0.60906 0.593327 0.526317
-0.319692 -0.187404 0.928804
0.946221 0.295691 0.131271
0.947331 0.302769 0.104373
0.778704 0.551676 0.298787
0.548731 0.65821 0.515417
0.988512 0.139769 -0.057527
0.793682 0.064186 0.604937
0.810767 0.067733 0.581437
0.979213 -0.086323 -0.18355
0.966948 -0.070258 0.245103
-0.56413 -0.031948 0.825068
0.858716 -0.486364 -0.161421
0.884543 -0.404287 0.23267
0.813029 0.019638 0.581892
0.965274 -0.112128 0.235952
-0.032492 -0.390207 0.920154
0.600348 -0.278514 0.749675
0.193716 0.955918 -0.22067
0.62554 -0.338097 0.703129
0.599925 -0.39137 0.697796
0.774012 0.523245 0.356538
0.85364 -0.013075 0.5207
0.951617 -0.236301 -0.196434
0.878739 0.4771 0.013915
0.85789 0.497396 0.128928
-0.496141 -0.521094 0.694482
0.233339 -0.489663 0.840109
0.882652 -0.470016 -0.00318
0.636417 0.053939 0.769457
0.657211 0.013379 0.753588
0.997455 0.069328 -0.01664
0.956207 0.214347 0.199307
0.87985 0.064522 -0.470851
0.982704 -0.028696 -0.182944
0.702435 0.047744 0.710145
0.807427 -0.064666 0.586413
0.971392 0.230381 -0.057639
0.619348 -0.180799 0.764015
0.823019 -0.503747 -0.262447
-0.838042 0.150618 0.524404
0.004359 -0.717795 0.696241
0.262076 -0.718292 0.644494
0.951536 0.215889 -0.219024
0.157799 -0.841968 0.515935
0.815217 0.139843 0.562019
0.955619 0.294603 -0.001034
0.783939 0.176125 0.595332
0.885745 0.449415 0.116115
0.933203 -0.137103 0.332167
0.558094 0.614768 0.557308
0.647425 -0.710557 0.275591
0.343993 0.938432 0.031837
0.730112 -0.593785 0.338165
0.87133 -0.025347 0.490043
0.957804 0.256489 0.129713
0.962013 0.215715 -0.167327
0.999334 0.035845 0.006827
0.669802 -0.627678 0.396719
-0.221288 0.974863 -0.025957
0.712401 -0.647803 0.269884
0.911656 -0.102045 0.398083
0.552573 -0.744519 0.37464
0.981973 0.16149 -0.098229
0.912286 -0.147144 0.382207
0.895681 -0.199112 0.397631
0.064881 0.63197 0.772272
0.846527 -0.458622 0.270294
0.987909 -0.007543 0.154851
0.797559 0.410523 -0.442007
0.637617 0.565368 -0.523262
0.638444 0.574365 -0.512342
0.061003 -0.349548 0.934931
3 228 3316 3659
3 219 702 2286
3 219 2286 2365
3 2485 2486 3436
3 443 2485 3436
3 950 984 3466
3 348 3490 4318
3 445 556 617
3 872 2192 2732
3 569 2915 2998
3 569 2996 2998
3 522 1362 2896
3 944 1478 3116
3 944 1292 3116
3 196 554 2592
3 133 320 581
3 295 378 580
3 295 378 1978
3 1181 1830 2641
3 1181 1831 2641
3 767 906 2386
3 1385 1790 3537
3 1064 1252 2068
3 712 1219 3668
3 2287 2688 3621
3 738 2688 3621
3 288 1719 2104
3 288 1230 2104
3 1214 2051 2565
3 1214 2051 2052
3 263 1600 1845
3 1665 3760 4056
3 328 375 4374
3 1758 2171 3046
3 1422 1758 2171
3 1141 1885 3184
3 1977 1978 2497
3 1977 2276 2497
3 3244 3253 3422
3 302 852 3633
3 1720 2652 2653
3 653 1720 2652
3 739 790 1941
3 698 1931 3587
3 150 3310 3331
3 150 3311 3331
3 540 1746 2469
3 540 2468 2469
3 1104 1397 1866
3 1153 1600 3446
3 1283 2453 2519
3 835 2724 3460
3 835 3460 3566
3 1105 3341 3343
3 3341 3342 3343
3 136 342 4352
3 645 824 3273
3 645 3273 3274
3 2736 3612 3613
3 1201 1877 3280
3 1422 1758 3049
3 1466 2231 2233
3 73 2118 3677
3 2820 4038 4402
3 823 1158 2876
3 113 683 2074
3 113 683 1779
3 1269 2014 2015
3 590 2619 2860
3 549 2292 2293
3 2292 2293 2372
3 363 1504 1672
3 333 363 1504
3 2596 3040 3445
3 62 568 633
3 304 1627 3728
3 443 1092 1354
3 732 1003 1005
3 2246 3700 3702
3 1237 2191 2734
3 615 1237 2191
3 124 315 3944
3 343 1808 2291
3 343 2134 2291
3 896 1864 2751
3 512 1864 2751
3 268 1967 1968
3 1511 3797 4021
3 148 861 3785
3 543 1200 2691
3 123 469 1735
3 63 81 1414
3 78 911 3017
3 911 1697 3017
3 962 998 2576
3 843 962 2576
3 1913 2369 3155
3 618 1913 3155
3 41 92 140
3 1639 1670 1715
3 1639 1670 2042
3 1287 1674 2568
3 2019 2539 3091
3 309 1586 2551
3 958 2084 2085
3 108 958 2084
3 579 1571 1804
3 579 1475 1804
3 515 1631 3231
3 515 2522 3231
3 3285 3287 3470
3 256 3287 3470
3 560 2307 2704
3 9 454 525
3 9 241 454
3 165 1999 4351
3 244 1723 2934
3 90 1181 2825
3 90 363 2825
3 246 363 2825
3 246 333 363
3 333 1707 1783
3 246 333 1707
3 1090 1318 2426
3 1318 2424 2426
3 1758 3048 3049
3 2248 3561 3562
3 377 2248 3562
3 405 1664 2378
3 934 1494 3061
3 1494 2869 3061
3 824 1286 1429
3 824 1365 1429
3 1216 1676 2609
3 1014 3589 3605
3 1014 1813 3589
3 221 549 2292
3 7 334 4316
3 2529 2530 2531
3 2529 2531 3218
3 532 1518 1934
3 1098 1816 2645
3 561 2475 2476
3 597 1203 1958
3 1203 1957 1958
3 133 143 390
3 133 143 224
3 198 611 1405
3 198 1405 3502
3 444 2484 2488
3 1873 2011 2382
3 2532 3218 3219
3 3217 3218 3219
3 27 2516 2769
3 169 322 2275
3 169 2275 2521
3 1291 3915 4176
3 483 736 1596
3 182 736 1596
3 832 919 4311
3 287 1931 2454
3 287 1932 2454
3 229 2653 2705
3 229 2705 3844
3 2465 3544 3545
3 765 2465 3545
3 378 580 2499
3 3871 3872 3876
3 1123 3871 3876
3 1017 1040 1612
3 1017 1040 2919
3 197 322 3394
3 2016 2676 2677
3 803 829 2410
3 829 1940 2410
3 1357 2195 2196
3 347 1702 3909
3 347 1702 3784
3 1436 2280 2740
3 366 1509 2416
3 366 2238 2416
3 1136 1621 3175
3 1136 1744 3175
3 803 2138 2648
3 803 1069 2648
3 151 514 2091
3 151 2091 2092
3 803 829 2138
3 1213 1843 1928
3 1383 3357 4416
3 2479 3357 4416
3 191 3736 4154
3 542 1232 1764
3 254 320 581
3 384 2724 3460
3 1328 2425 3118
3 1328 2425 2427
3 791 2285 3551
3 791 2285 2456
3 873 1564 2152
3 1564 2152 2202
3 453 1514 2085
3 438 1055 1811
3 922 4037 4325
3 922 3593 4037
3 1481 1886 3550
3 585 1699 2524
3 1406 1919 2199
3 1607 1919 2199
3 763 3121 3125
3 889 1129 1940
3 2436 3909 4059
3 1855 2436 3909
3 481 2143 2404
3 314 2143 2404
3 280 2882 3492
3 280 1847 3492
3 2179 2508 2509
3 2179 2509 2510
3 1303 3366 3368
3 1256 1747 2489
3 269 1256 1747
3 715 904 1608
3 715 904 1532
3 715 1532 1608
3 3767 4192 4193
3 4192 4193 4195
3 267 1176 1913
3 1176 1829 1913
3 2565 3557 3570
3 958 1615 1762
3 1442 1921 2502
3 1921 2097 2502
3 1075 1923 1924
3 1075 1299 1923
3 1643 2903 3338
3 1643 2902 2903
3 1655 1656 3090
3 1205 1655 3090
3 157 697 3787
3 1368 2997 3499
3 953 3147 3150
3 1093 1979 1980
3 66 3748 4236
3 831 2905 2906
3 222 2617 3426
3 1685 1687 1772
3 1072 1687 1772
3 362 1983 3084
3 1983 3084 3085
3 1777 2129 2707
3 1719 1777 2129
3 42 3198 3199
3 841 1704 3295
3 861 3785 3787
3 166 734 840
3 153 166 734
3 930 1656 2736
3 49 964 1926
3 3854 4256 4262
3 1027 1079 3547
3 3733 3734 4340
3 3733 4247 4340
3 1010 1023 2467
3 1010 1023 2986
3 449 512 1301
3 1385 2135 3537
3 1047 1146 2683
3 1146 1377 2683
3 894 3024 3238
3 894 3237 3238
3 1373 2009 2010
3 1621 3169 3552
3 975 3979 3981
3 975 3981 3986
3 650 2351 3559
3 441 650 2351
3 355 894 3237
3 216 243 1161
3 216 1161 2320
3 1273 1735 3455
3 1273 1611 3455
3 94 2209 2210
3 3958 3959 4192
3 1290 3339 3340
3 1703 3265 3266
3 3860 4178 4185
3 1360 1768 2523
3 1768 1803 2523
3 1281 2554 2555
3 877 1412 1468
3 877 1468 2667
3 264 651 1728
3 264 651 2716
3 143 452 663
3 426 474 1433
3 955 3148 3150
3 955 2373 3498
3 541 1538 2655
3 541 684 1538
3 1322 2859 4041
3 3059 3163 4214
3 8 1754 3431
3 1353 1790 3214
3 262 1353 1790
3 203 1841 1870
3 847 2092 2344
3 1127 1795 1935
3 1127 1518 1935
3 428 1902 3140
3 303 428 3140
3 27 32 3100
3 27 32 3495
3 892 1310 2112
3 429 1138 3722
3 1546 3515 3518
3 1352 3745 4077
3 778 891 1805
3 378 1978 2497
3 1099 2183 2645
3 877 1099 2183
3 1953 4370 4371
3 2012 4165 4412
3 2012 4164 4165
3 837 1902 3074
3 3652 3653 3659
3 726 3652 3659
3 2312 4228 4381
3 2312 4227 4228
3 349 1361 3193
3 349 1361 1599
3 2958 3839 3890
3 3839 3890 4379
3 2573 3859 4397
3 602 1594 1866
3 1217 1595 1845
3 1235 2202 2712
3 1725 1726 2538
3 85 1725 1726
3 1124 3517 3561
3 1042 1124 3561
3 2232 2234 2236
3 2232 2234 2235
3 123 285 1442
3 123 285 1611
3 1509 1695 2983
3 1695 1890 2983
3 298 472 756
3 472 756 3525
3 1263 1599 1966
3 349 1599 1966
3 996 3769 4159
3 2119 3538 3539
3 2119 2951 3538
3 900 945 2295
3 900 2295 2296
3 195 878 2173
3 1508 2349 2415
3 2653 2705 4307
3 1934 3136 3137
3 532 1934 3137
3 1549 2384 2385
3 425 1549 2384
3 728 1284 2407
3 1284 2406 2407
3 1007 1012 1871
3 51 1292 1632
3 1292 1632 1893
3 571 2303 2305
3 1255 1433 3468
3 204 704 1846
3 602 1397 1866
3 451 1060 3242
3 3627 4230 4231
3 81 3801 3802
3 81 1414 3801
3 1212 2850 2851
3 1212 2851 2855
3 2797 2799 2800
3 1510 3633 3635
3 1417 2672 3458
3 475 493 2671
3 912 991 2408
3 912 2408 2409
3 680 833 2700
3 772 833 2700
3 207 4124 4125
3 740 1570 1996
3 557 1637 3042
3 371 916 3338
3 1926 3174 3576
3 49 1926 3174
3 1012 1033 2438
3 1012 2438 2439
3 290 3997 4362
3 966 2334 2551
3 1525 2334 2551
3 950 1558 2999
3 1244 1512 2204
3 1063 1244 1512
3 1072 1313 1690
3 1072 1687 1690
3 1897 2787 2788
3 586 2787 2788
3 121 931 1849
3 121 1849 3483
3 2452 3895 4136
3 3885 3895 4136
3 1398 3235 3236
3 767 906 2194
3 906 2194 2513
3 751 1563 1811
3 402 552 1529
3 402 1529 3019
3 426 1064 2068
3 420 2371 4371
3 420 2370 2371
3 724 1189 1227
3 176 2660 3340
3 176 278 2660
3 1578 1824 3275
3 1130 1578 3275
3 781 2700 3463
3 1013 1025 2127
3 57 1956 2568
3 57 1674 2568
3 1191 2053 3579
3 1191 2053 3429
3 716 724 1518
3 532 716 1518
3 450 1581 2397
3 1515 1851 2318
3 1234 1851 2318
3 92 354 2704
3 737 2250 3845
3 706 1618 2332
3 706 1616 2332
3 2095 2826 2947
3 2095 2826 2827
3 1375 2009 2010
3 144 2109 2110
3 1221 2018 2767
3 462 1848 2261
3 644 1531 1679
3 1037 1107 1481
3 1107 1479 1481
3 814 976 1517
3 668 1679 2407
3 622 1525 2932
3 774 1638 1670
3 923 2706 3573
3 114 1157 2934
3 0 12 1701
3 0 306 1701
3 597 1956 1959
3 1052 3045 3046
3 1019 1052 3046
3 123 1442 1921
3 123 469 1921
3 697 3704 3706
3 697 3704 3953
3 731 1777 2156
3 1305 2615 3015
3 1305 2558 2615
3 4105 4106 4107
3 972 2516 2890
3 2145 2355 3001
3 2145 3001 3512
3 1326 2370 2371
3 1819 1822 2343
3 553 1221 1503
3 90 363 1672
3 90 1672 2067
3 1494 2869 2880
3 241 454 548
3 357 636 943
3 211 357 943
3 1010 1220 2987
3 1927 3553 3554
3 1053 1880 2045
3 1999 2326 2491
3 165 1999 2491
3 67 2931 2932
3 1525 2931 2932
3 2179 3021 3022
3 1450 1863 2714
3 1450 1863 2689
3 583 4058 4203
3 591 847 3088
3 365 862 2758
3 365 441 2758
3 1582 1784 2696
3 1184 1582 1784
3 151 847 870
3 847 870 3088
3 690 2675 2682
3 2675 2681 2682
3 511 1589 2227
3 611 660 1681
3 1116 2548 3678
3 153 969 3523
3 877 1697 3017
3 1225 2057 3571
3 294 2129 2500
3 1758 3045 3046
3 1061 3391 3392
3 1061 3161 3392
3 185 243 1161
3 183 588 693
3 183 588 3197
3 1086 3662 3663
3 519 707 1743
3 58 2092 2344
3 58 234 2092
3 418 1729 3254
3 965 1866 3235
3 1167 1868 2795
3 29 637 3209
3 11 657 2781
3 887 3071 3074
3 2418 3071 3074
3 264 2383 2716
3 264 1418 2383
3 511 1526 3035
3 1284 1940 2635
3 2392 2393 3687
3 643 2392 3687
3 886 997 1946
3 997 1946 1947
3 830 3690 3692
3 830 3551 3690
3 1338 2368 2766
3 367 1226 2577
3 119 413 686
3 447 3941 3942
3 2179 3021 3024
3 1364 3597 3598
3 169 256 2521
3 1621 3169 3172
3 1327 4028 4029
3 1474 3063 3322
3 1474 3321 3322
3 2442 2548 3631
3 789 1857 3560
3 631 789 1857
3 173 215 467
3 172 215 467
3 286 2290 2642
3 221 286 2290
3 262 991 2408
3 391 1725 2538
3 391 2537 2538
3 354 560 1441
3 354 560 2704
3 4232 4284 4406
3 174 4284 4406
3 310 997 1583
3 886 997 1583
3 616 690 2674
3 1246 2128 2707
3 494 932 2843
3 469 494 2843
3 281 1214 2052
3 1657 3580 3583
3 2313 4224 4225
3 2313 4225 4227
3 3826 3966 3967
3 14 586 1739
3 218 522 2896
3 218 522 2888
3 726 1745 2305
3 1281 1745 2305
3 996 4158 4216
3 996 4158 4159
3 2094 2951 3010
3 2882 2883 3492
3 967 2411 3633
3 302 2411 3633
3 362 1809 3084
3 3412 3414 3435
3 1601 3412 3435
3 3762 3855 4055
3 3762 3853 3855
3 310 1583 1858
3 322 3394 3395
3 230 649 3595
3 189 230 3595
3 611 1362 1681
3 791 807 1528
3 402 807 1528
3 402 807 1584
3 3947 4115 4116
3 208 1603 2796
3 208 2553 2796
3 1812 4049 4051
3 607 1501 2198
3 1499 1501 2198
3 1157 3032 3132
3 1157 1669 3132
3 205 1749 2273
3 4284 4285 4290
3 174 4284 4285
3 215 978 1790
3 215 1790 3537
3 1285 1904 2552
3 1904 2552 3230
3 488 648 2342
3 2826 2946 2947
3 6 935 3693
3 6 935 4271
3 967 1530 2174
3 49 3169 3172
3 958 1762 2085
3 1571 2274 3585
3 454 525 1063
3 1948 2110 2111
3 1037 3549 3550
3 102 1057 2255
3 1057 1463 2255
3 891 3190 3467
3 668 1679 3070
3 644 1679 3070
3 156 776 1771
3 1166 1607 1949
3 592 2328 3618
3 131 399 2588
3 399 2588 2590
3 161 1213 2455
3 1206 1686 2101
3 1639 2042 2368
3 491 932 2843
3 491 1734 2843
3 121 931 3519
3 121 3515 3519
3 362 1809 3525
3 706 1830 2641
3 319 2265 2533
3 319 2263 2265
3 296 2824 3701
3 134 296 2824
3 612 631 2307
3 216 368 773
3 216 368 1771
3 3826 3963 4348
3 1437 2165 2632
3 499 1437 2165
3 2585 3389 3796
3 424 1545 2778
3 1268 2268 2270
3 1474 2389 3321
3 1474 2389 2390
3 749 3358 3359
3 646 2865 3717
3 3149 3498 3788
3 1458 3498 3788
3 1590 2241 3191
3 2304 2554 3491
3 2304 3118 3491
3 917 1213 2455
3 917 1213 2992
3 1026 2215 2217
3 1128 1457 2043
3 109 1283 2518
3 109 1283 2453
3 2049 2600 3278
3 558 2049 3278
3 65 2396 2992
3 136 152 342
3 1067 1281 2555
3 1067 2555 2556
3 247 1620 1815
3 1095 2538 3674
3 966 1166 2199
3 2065 2447 4070
3 2065 2446 2447
3 1328 2755 3118
3 2802 4001 4002
3 1195 1637 1716
3 2651 3863 4360
3 89 1906 2715
3 1202 1906 2715
3 355 888 2180
3 453 1761 3291
3 686 1903 2141
3 555 904 1562
3 383 2380 2382
3 133 390 2627
3 133 320 2627
3 28 3750 4191
3 28 3746 4191
3 825 1256 2141
3 269 825 1256
3 1777 2404 2707
3 895 4221 4383
3 895 3833 4383
3 197 802 3105
3 28 800 2206
3 306 1701 2123
3 3901 4419 4428
3 1536 1768 1803
3 535 1909 2007
3 535 2007 2196
3 1059 2093 2466
3 4197 4359 4384
3 4197 4204 4359
3 566 853 1995
3 152 342 2161
3 152 234 2161
3 642 4157 4295
3 893 1496 2046
3 923 3157 3572
3 1351 3157 3572
3 148 2159 2894
3 148 861 2159
3 150 330 3310
3 981 1262 2302
3 660 981 1262
3 1036 2952 3302
3 278 2661 3757
3 868 977 1389
3 493 2672 3458
3 493 2671 2672
3 1793 1794 2328
3 995 3619 3620
3 1846 3619 3620
3 338 2282 2733
3 1952 3827 3828
3 1272 3322 3323
3 908 2122 2139
3 766 2122 2139
3 1184 3082 3083
3 1184 1582 3082
3 2125 2505 2506
3 647 2544 3914
3 647 2543 3914
3 818 1942 3822
3 398 918 2040
3 1101 1319 3510
3 1101 1368 3510
3 1643 3240 3241
3 292 475 990
3 292 475 493
3 391 928 1725
3 391 928 2335
3 107 618 1829
3 1115 1248 2654
3 134 2824 3361
3 2812 2813 2956
3 337 2812 2956
3 1532 1534 1608
3 1534 1608 1998
3 355 1135 1360
3 355 1360 3237
3 1299 1591 1923
3 1137 1605 1827
3 2177 3196 3204
3 1311 2753 3437
3 321 1655 1656
3 2352 3737 4064
3 2352 3624 3737
3 537 2403 2518
3 537 2403 2702
3 283 735 1805
3 283 735 3410
3 280 1676 2882
3 995 2306 2365
3 708 2136 3632
3 444 2211 2611
3 429 1138 1645
3 1142 2010 2011
3 1797 1798 2440
3 359 1798 2440
3 744 1824 2888
3 744 1824 2225
3 75 1532 2299
3 1618 2641 3027
3 1521 1643 3241
3 1421 1948 3045
3 65 1613 2131
3 65 209 2131
3 587 876 2189
3 587 694 876
3 1167 2795 2829
3 2193 2718 3944
3 945 2718 3944
3 1018 1048 1556
3 2114 3303 3591
3 4139 4140 4283
3 174 4140 4283
3 239 774 3679
3 239 1416 3679
3 541 684 1722
3 2670 2719 3139
3 259 2048 2600
3 605 3733 4247
3 605 3733 4018
3 1122 1478 3116
3 39 623 3843
3 39 3843 3844
3 1330 2596 3040
3 1051 1136 1744
3 2095 2827 2949
3 2095 2948 2949
3 669 799 1860
3 669 799 1390
3 175 3906 4180
3 175 656 4180
3 1551 1640 3185
3 1040 1072 2919
3 531 1723 2780
3 531 750 1723
3 535 776 1357
3 0 1449 2889
3 0 12 1449
3 2112 2844 2935
3 365 862 2881
3 365 1508 2881
3 413 686 2140
3 686 2140 2141
3 1275 2392 2393
3 3473 3610 3612
3 141 3473 3610
3 1298 2295 2296
3 1302 2514 3130
3 1302 3130 3131
3 422 573 3431
3 422 573 2130
3 294 1246 2872
3 3833 4032 4378
3 129 1510 1993
3 1540 2531 2536
3 733 965 2253
3 733 2253 2605
3 1465 2492 3194
3 2492 3194 3650
3 137 2303 2554
3 137 571 2303
3 260 1667 1971
3 131 399 3354
3 399 3354 3355
3 76 2543 2762
3 76 2762 3496
3 1170 1791 2199
3 966 1791 2199
3 2945 3259 3442
3 607 649 1501
3 535 1357 2196
3 3173 3555 3556
3 351 1501 2440
3 359 1501 2440
3 1717 1718 3380
3 889 1854 2138
3 1237 1854 2138
3 801 1974 2381
3 801 1883 2381
3 1103 2066 2236
3 985 1748 2399
3 3476 3478 3479
3 3478 3479 3480
3 655 1775 1871
3 655 1083 1871
3 1150 1504 1672
3 779 1673 3893
3 969 1042 3562
3 377 969 3562
3 12 652 1449
3 293 324 1837
3 293 324 3196
3 2153 3841 4235
3 1244 1736 1766
3 356 1244 1766
3 277 1596 2734
3 1596 2649 2734
3 164 966 1791
3 1183 3388 3389
3 754 3173 3401
3 1851 3447 3484
3 1851 3483 3484
3 1322 4145 4146
3 1322 3421 4146
3 162 1168 4416
3 1665 3929 4055
3 3759 3937 4213
3 3937 4213 4355
3 806 823 1158
3 806 1158 1783
3 4030 4031 4168
3 187 2166 2711
3 1237 2138 2648
3 189 2412 2930
3 1258 1528 3019
3 838 3128 3393
3 838 1420 3393
3 856 1407 2139
3 303 856 2139
3 448 2268 2270
3 448 1610 2270
3 2062 3129 3672
3 227 784 3003
3 265 680 833
3 258 417 503
3 1047 2344 2683
3 367 1666 2301
3 367 1666 2577
3 2476 2901 3609
3 1278 2178 2180
3 1066 2045 2507
3 1430 3600 3601
3 596 3600 3601
3 1831 2871 3138
3 2192 3003 3004
3 1424 1425 2526
3 1190 1424 2526
3 1152 3697 3698
3 225 849 2184
3 470 849 2184
3 1174 1628 2630
3 2597 3443 3445
3 1069 2836 2837
3 436 3584 3585
3 2673 3565 3865
3 118 3565 3865
3 1272 1840 2860
3 2429 4067 4068
3 46 2623 2624
3 3962 4190 4440
3 1188 1499 3195
3 1188 1499 2198
3 259 853 1838
3 259 1838 2600
3 450 2423 3104
3 450 1581 2423
3 2784 3319 3629
3 3853 3854 3855
3 775 2567 2569
3 96 775 2567
3 582 2031 3103
3 582 2757 3103
3 988 3522 3523
3 969 988 3523
3 447 3940 3941
3 1245 3427 3428
3 2053 3427 3428
3 1361 1681 2895
3 8 201 620
3 489 805 3334
3 489 805 2149
3 61 114 3032
3 1296 1651 2093
3 864 994 1889
3 1143 4316 4318
3 1668 2953 3270
3 247 1126 3184
3 140 247 1126
3 508 1886 3550
3 671 3885 3895
3 949 2666 3590
3 10 2743 2781
3 50 67 1997
3 726 2305 2426
3 571 2305 2426
3 577 962 1418
3 1630 1671 2462
3 1831 2825 3138
3 2214 2215 2664
3 314 414 2143
3 124 945 3944
3 124 945 1431
3 646 2763 3716
3 646 2762 2763
3 1833 4066 4254
3 17 1833 4254
3 795 2022 3350
3 737 1858 2650
3 737 1720 1858
3 1348 2645 3095
3 1348 3092 3095
3 78 621 911
3 177 621 911
3 420 623 1951
3 904 1532 1562
3 1532 1562 2299
3 2374 3403 3404
3 2374 3402 3403
3 564 3742 4304
3 564 3742 3883
3 1705 3742 4304
3 2159 3736 4154
3 861 2159 4154
3 201 2024 2716
3 3978 3979 3981
3 1168 1780 3016
3 1168 1780 3356
3 1200 1930 2691
3 392 1930 2691
3 1235 2710 2712
3 113 2075 3375
3 113 2075 3294
3 25 1126 1469
3 1421 3047 3048
3 1224 1863 1864
3 1569 1863 1864
3 2186 3243 3244
3 1975 2186 3243
3 453 1165 2620
3 453 1761 2620
3 1332 2394 2395
3 1332 2390 2395
3 90 1181 2067
3 511 943 3035
3 511 943 2227
3 277 2191 2734
3 277 1239 2191
3 2542 3713 3758
3 1037 2899 3642
3 1098 1410 1816
3 889 1129 2237
3 1050 3249 3250
3 1168 1779 3016
3 3748 4045 4046
3 4044 4045 4046
3 611 1362 1675
3 61 490 3032
3 490 3031 3032
3 608 3165 4238
3 608 3164 3165
3 161 698 1931
3 1160 2654 3096
3 3781 3975 4267
3 472 2293 3525
3 2745 2746 2747
3 3846 3908 4229
3 3908 4226 4229
3 628 1627 3870
3 1058 1207 2252
3 1207 2252 2789
3 3119 3172 3174
3 1592 3119 3174
3 1265 2336 4341
3 2336 3921 4341
3 898 3212 3615
3 1624 3723 4052
3 1624 4051 4052
3 267 854 1913
3 854 1913 2369
3 298 2820 4377
3 1336 3481 3482
3 444 2488 2611
3 2488 2504 2611
3 725 1565 2144
3 650 725 2144
3 1046 1391 2311
3 195 2173 2411
3 201 651 2716
3 201 620 651
3 1081 1342 2220
3 1342 2220 3200
3 268 1696 1968
3 268 357 1696
3 1610 2212 2270
3 1985 3577 3578
3 55 2358 2946
3 307 2347 2348
3 35 317 723
3 753 3144 3505
3 765 1156 2939
3 405 873 2378
3 1915 2575 3251
3 1078 1297 2666
3 2871 2872 3027
3 1832 2871 2872
3 30 3266 3649
3 2259 3266 3649
3 1084 2154 2508
3 2173 2174 2411
3 64 2173 2174
3 1259 1847 1905
3 1970 2510 3022
3 1970 2179 3022
3 1970 2179 2510
3 1659 3404 3405
3 1147 2364 3249
3 1139 1671 3183
3 1139 1630 1671
3 794 2542 2585
3 794 2585 3796
3 380 1657 3582
3 1167 1482 1868
3 1482 1868 2080
3 566 3082 3083
3 467 717 2329
3 717 2329 3920
3 1472 1483 3495
3 2114 3707 3918
3 172 978 2409
3 1068 2570 2572
3 1055 1162 3005
3 1162 1439 3005
3 600 2677 3306
3 600 2678 3306
3 669 1860 1861
3 669 1861 2982
3 629 1553 2508
3 289 1860 2723
3 536 908 2139
3 303 536 2139
3 734 840 2386
3 767 840 2386
3 1046 2510 2521
3 256 1046 2521
3 709 2604 3938
3 1254 2224 2225
3 426 2224 2225
3 25 863 1965
3 25 1469 1965
3 589 3190 3467
3 4198 4199 4204
3 3949 4199 4204
3 246 1707 2876
3 742 993 2473
3 742 993 1625
3 1477 2670 2719
3 654 795 1507
3 654 1507 3936
3 255 2584 4401
3 255 2582 2584
3 2029 2213 3850
3 1542 2029 2213
3 724 1189 1763
3 507 1062 2360
3 1062 2339 2360
3 739 1376 2506
3 1205 1862 2030
3 584 1167 2829
3 1106 1461 2651
3 1106 1461 4381
3 323 548 3213
3 645 824 1286
3 270 645 1286
3 186 3768 4039
3 2285 2376 3551
3 3780 3978 4004
3 994 1890 2525
3 994 1695 1890
3 932 1549 2385
3 1887 4039 4402
3 1887 4038 4402
3 1195 1789 2682
3 2945 3258 3259
3 92 2308 2704
3 2307 2308 2704
3 618 1829 1913
3 517 645 1826
3 619 645 1826
3 1614 1647 2922
3 711 1614 1647
3 35 890 4000
3 733 2605 2606
3 2605 2606 2607
3 330 597 4382
3 330 3807 4382
3 1213 1928 2992
3 41 2453 2519
3 1133 3240 3241
3 30 1767 3649
3 1767 3648 3649
3 59 517 992
3 442 792 3223
3 444 2484 2777
3 1337 1740 2071
3 147 224 581
3 147 254 581
3 133 224 581
3 880 3624 3625
3 880 2240 3625
3 1599 1603 2503
3 1050 1147 3249
3 1050 1147 2343
3 1354 1355 1893
3 1092 1354 1893
3 562 879 2706
3 879 2706 3573
3 1386 3791 3792
3 1386 3056 3791
3 172 550 639
3 1186 1312 2035
3 1186 2035 2962
3 361 474 1433
3 733 965 1443
3 95 601 1748
3 95 601 2749
3 1064 2223 2224
3 1064 1252 2223
3 1223 2428 3681
3 8 422 3431
3 170 2324 3482
3 170 3482 3549
3 2492 2493 3557
3 2129 2500 2501
3 1719 2129 2501
3 2021 3382 3391
3 533 1550 3192
3 806 1494 2333
3 1473 2391 2511
3 1395 2391 2511
3 40 180 1660
3 180 1660 3487
3 1686 2906 3292
3 1685 2906 3292
3 1258 3019 3264
3 341 884 1671
3 884 1671 3183
3 1132 1589 1973
3 2419 2510 3022
3 4 446 478
3 396 2553 2796
3 396 1578 2796
3 1275 2392 2520
3 221 286 1807
3 1077 2868 2869
3 204 619 1846
3 1497 2046 2309
3 1497 2309 2310
3 475 990 1876
3 475 1876 3643
3 469 1734 1735
3 1035 1579 3372
3 1015 1035 1579
3 2003 4021 4024
3 2003 4021 4022
3 2802 3873 3875
3 1394 3370 3371
3 1394 3366 3370
3 1 2587 4434
3 816 2106 2593
3 816 2106 3047
3 3718 3719 4070
3 1444 3718 4070
3 950 1835 3466
3 950 1206 1835
3 1738 2995 3120
3 323 786 1512
3 323 548 1512
3 1062 3597 3598
3 1417 3460 3566
3 1116 2548 2560
3 2266 3564 3732
3 2900 2901 3641
3 1103 1515 1981
3 447 1328 2427
3 447 1328 2756
3 381 2640 3924
3 381 3036 3924
3 2117 3424 3454
3 431 628 1627
3 220 1653 2000
3 111 932 2385
3 541 2580 2581
3 2000 3661 3662
3 1086 3661 3662
3 1376 2125 2506
3 242 2854 2923
3 101 2854 2923
3 766 783 3029
3 8 213 620
3 8 213 422
3 723 1728 4392
3 35 723 1728
3 1285 1932 2455
3 136 1420 2325
3 914 2282 2844
3 914 2112 2844
3 1490 3206 3207
3 2493 3065 3066
3 2493 2967 3065
3 1185 2035 2331
3 1312 2035 2331
3 253 351 1797
3 2112 2113 2935
3 1615 2660 3340
3 2266 3932 4241
3 1381 2989 3441
3 564 3228 3632
3 253 1797 2741
3 1155 1683 1865
3 2422 2846 2847
3 1118 2422 2847
3 3836 4126 4208
3 4126 4127 4208
3 143 224 663
3 1278 2178 3021
3 1278 3021 3022
3 1077 1320 2868
3 1320 2867 2868
3 820 2323 3388
3 3825 3974 3975
3 1023 1059 2466
3 1023 2466 2467
3 48 3211 3212
3 293 2727 3195
3 1466 2230 2480
3 1215 3308 3827
3 1223 1619 3682
3 1223 1619 3681
3 772 833 2086
3 1015 2494 3126
3 1015 2494 3114
3 829 889 2138
3 2958 3890 4408
3 200 2026 3215
3 1000 2026 3215
3 3149 3479 3706
3 2047 3050 3051
3 306 2123 2636
3 61 783 2018
3 61 2018 2767
3 542 1350 2464
3 542 1189 1350
3 428 856 921
3 428 921 1902
3 170 508 2324
3 62 555 1562
3 829 889 1940
3 662 2289 4264
3 2606 2607 3718
3 1482 2078 2080
3 1367 2929 3025
3 1347 1367 3025
3 2231 2233 2991
3 1094 1390 1813
3 289 1390 1813
3 585 745 2200
3 585 745 1699
3 890 1506 2387
3 1506 2387 3951
3 2275 2510 2521
3 1496 2046 3738
3 704 2866 3620
3 954 1209 2245
3 1261 2027 2028
3 1261 2027 2757
3 995 2306 3620
3 2306 2866 3620
3 1484 3281 3282
3 1544 3925 3926
3 3779 4009 4010
3 3780 4009 4010
3 994 1889 2525
3 1001 1003 1666
3 1003 1666 2577
3 515 844 1631
3 515 844 3227
3 950 1206 2101
3 1342 2031 3199
3 1081 1342 2031
3 240 263 1600
3 822 866 1626
3 822 1626 2836
3 395 827 1522
3 827 1522 1912
3 395 827 1912
3 2972 2973 3229
3 348 637 1635
3 526 3095 3239
3 492 2063 2086
3 1030 1982 2142
3 2259 3647 3649
3 177 1127 1934
3 729 2383 2716
3 1782 2570 2572
3 1782 2569 2570
3 1582 3080 3082
3 1165 1760 2620
3 1165 1760 3644
3 1050 2857 2858
3 1823 2857 2858
3 744 794 2225
3 1398 1866 3235
3 1398 1594 1866
3 965 1443 3235
3 1443 2004 3235
3 724 926 1518
3 1055 2531 2536
3 747 980 2207
3 280 718 1676
3 2286 2287 2365
3 552 2286 2287
3 2628 2653 4307
3 961 1773 2323
3 820 961 2323
3 1752 4181 4182
3 1752 4170 4182
3 559 3089 3685
3 858 1536 1802
3 858 1802 1803
3 858 1536 1803
3 53 818 1942
3 1383 3354 3355
3 2201 2759 2760
3 115 808 2623
3 58 2016 2677
3 58 2677 3306
3 258 625 2329
3 1037 3548 3642
3 1037 3548 3549
3 2117 3452 3454
3 66 3748 4046
3 66 3923 4046
3 1002 1004 2026
3 1004 2026 2759
3 352 1693 2777
3 1904 1932 2244
3 1285 1904 1932
3 231 696 1629
3 541 2580 2655
3 175 656 3882
3 1226 2025 2026
3 1923 1924 3178
3 819 1399 1541
3 894 3021 3024
3 1979 2929 3025
3 1347 1979 3025
3 531 2779 2780
3 1166 1586 2551
3 4115 4116 4156
3 3946 4115 4156
3 1592 3576 3578
3 996 3997 4216
3 1370 2264 2475
3 1648 2264 2475
3 371 1516 2847
3 308 371 2847
3 2936 2937 2938
3 103 1649 2644
3 1649 2069 2644
3 237 2616 3014
3 237 2168 2616
3 1663 1960 2482
3 1142 1663 2482
3 1814 3567 3589
3 3567 3588 3589
3 389 1658 2975
3 335 389 1658
3 1396 3670 3673
3 1103 1981 2236
3 1267 1435 2215
3 1267 2215 2216
3 1069 1769 2836
3 201 588 2024
3 201 588 1438
3 1489 2279 2546
3 668 2406 2407
3 1135 1360 1536
3 1360 1536 1768
3 374 2638 3289
3 673 1998 3556
3 1085 1357 2195
3 333 1504 1783
3 770 1504 1783
3 182 736 1450
3 182 1450 2714
3 681 1438 2330
3 251 681 1438
3 533 1145 2330
3 893 1704 4244
3 1704 3296 4244
3 692 1550 1872
3 692 1872 2687
3 1989 1990 4281
3 1334 1989 4281
3 1403 3602 3603
3 1199 2168 2684
3 1199 1714 2684
3 27 1302 3086
3 1302 3086 3131
3 3119 3172 3175
3 560 612 1441
3 560 612 2307
3 937 2821 2971
3 2821 2822 2971
3 740 1475 2670
3 1108 1475 2670
3 191 2366 3736
3 191 1317 2366
3 2242 2617 3426
3 1118 1314 2355
3 1604 2815 2816
3 270 517 645
3 846 1644 1646
3 697 3787 3788
3 697 3149 3788
3 2059 2060 2942
3 1104 1397 3101
3 1112 2152 2202
3 515 3156 3227
3 515 1490 3156
3 482 3868 4333
3 482 4102 4333
3 512 1224 1301
3 847 1047 2344
3 1159 3961 4179
3 1159 3961 3963
3 1327 1480 2900
3 1327 1480 4028
3 77 1619 3681
3 77 1619 3682
3 1505 3928 4424
3 946 3258 3259
3 201 1438 1754
3 8 201 1754
3 3826 3963 3964
3 1517 1643 3240
3 916 3186 3187
3 144 1421 2110
3 144 1421 3047
3 24 1867 4400
3 145 3507 3508
3 3507 3508 4367
3 1380 3507 4367
3 1219 1622 3668
3 268 1967 2377
3 195 1967 2377
3 3694 3803 4133
3 3694 4132 4133
3 125 408 4302
3 1091 1234 1852
3 2603 3804 3995
3 10 601 657
3 10 601 2749
3 385 2417 4150
3 385 2417 3694
3 286 2291 2642
3 286 1808 2291
3 1558 2101 3263
3 1486 1517 2470
3 814 1517 2470
3 11 657 2576
3 11 398 2576
3 712 941 1986
3 712 1986 2105
3 98 326 329
3 1107 1961 2899
3 1107 1479 1961
3 1990 3636 3637
3 1802 1900 2327
3 1579 3368 3370
3 7 271 2988
3 1391 3127 3284
3 3126 3127 3284
3 458 3951 3952
3 484 2409 2893
3 1017 2409 2893
3 1199 1714 1715
3 689 1714 1715
3 2046 2309 4244
3 1705 2309 4244
3 1334 1973 3638
3 1964 3693 3851
3 260 1971 3644
3 3285 3344 3470
3 1020 3532 3534
3 1384 3533 3535
3 737 2250 2650
3 1515 1981 2318
3 1029 1981 2318
3 2662 3126 3127
3 2114 3591 3592
3 2114 3592 3918
3 3816 3817 3818
3 1287 2567 2568
3 96 2567 2568
3 173 215 3537
3 1331 2110 2111
3 251 496 761
3 496 692 761
3 466 2469 2861
3 2248 3516 3561
3 3516 3517 3561
3 466 2862 3142
3 466 2862 4389
3 2107 2109 3160
3 1330 2109 3160
3 706 1618 2641
3 845 857 1493
3 3948 4236 4350
3 538 1202 1557
3 228 487 1745
3 1706 2625 2626
3 1477 2625 2626
3 1430 2761 3600
3 767 840 2218
3 166 840 2218
3 596 2852 3600
3 248 595 1794
3 248 1794 3039
3 915 959 3728
3 915 1627 3728
3 1199 1670 1715
3 1376 2360 2362
3 2360 2362 3771
3 516 1632 2925
3 1306 2558 2559
3 436 1306 2559
3 589 1197 2341
3 589 1197 2404
3 529 3151 3152
3 2265 2533 2709
3 2265 2709 3309
3 751 1576 2735
3 1470 2264 3457
3 1138 1646 3722
3 1614 1646 3722
3 700 719 2367
3 484 719 2367
3 1130 2957 3275
3 474 2957 3275
3 1510 1993 2915
3 1510 2915 3182
3 1665 3759 3760
3 18 51 1632
3 996 3996 4301
3 483 2166 2711
3 483 2166 2647
3 2861 3815 4372
3 2861 3815 4389
3 662 812 3471
3 662 3471 3472
3 60 2124 2338
3 793 1545 2778
3 3738 3739 3799
3 1053 1115 2045
3 1115 2045 2060
3 477 524 3513
3 477 524 2632
3 1840 2547 2618
3 857 1733 2412
3 1268 1733 2412
3 174 4364 4406
3 155 2450 3845
3 582 1542 2249
3 1160 3096 3098
3 1160 2100 3098
3 2277 2278 2451
3 514 568 2083
3 514 2083 2150
3 580 2874 2955
3 1367 2149 2929
3 3655 4280 4365
3 2242 3424 3426
3 690 1789 2682
3 371 916 3186
3 1235 1564 2202
3 1235 1564 2689
3 420 623 2370
3 1895 2655 2917
3 1964 3851 4434
3 1 3851 4434
3 12 1701 1702
3 1701 1702 3784
3 1565 2144 3112
3 1822 2343 2857
3 1050 2343 2857
3 1618 2332 2807
3 379 3403 3406
3 3403 3404 3406
3 802 2835 3394
3 701 1909 2007
3 688 880 1249
3 857 1493 1732
3 857 1732 1733
3 1975 2157 2158
3 4147 4148 4149
3 1368 2996 2998
3 2157 2470 3512
3 194 1298 2297
3 221 2290 2292
3 1527 3035 3036
3 247 1620 3184
3 1747 2376 2489
3 1747 2376 3551
3 1795 1935 3109
3 1477 2625 2719
3 997 2350 3831
3 1129 2634 2635
3 1002 2025 2026
3 816 3047 3048
3 816 2593 3048
3 1113 1374 2621
3 1269 1654 1781
3 1014 3605 3606
3 71 127 309
3 3962 4195 4196
3 3962 4196 4440
3 960 961 1987
3 632 2713 3756
3 1027 3547 3548
3 1027 3548 3549
3 1121 1278 3022
3 1314 2353 2698
3 2418 3074 3140
3 1902 3074 3140
3 26 407 2103
3 26 407 2162
3 509 2782 2783
3 127 309 836
3 309 836 1586
3 1133 3240 3243
3 61 83 2767
3 37 2155 2913
3 37 2155 2692
3 9 307 624
3 2066 2232 2236
3 1018 3414 3435
3 1709 2398 2721
3 377 1709 2398
3 960 1987 1989
3 70 1699 2524
3 26 2162 3622
3 26 2164 3622
3 878 1968 2326
3 878 2173 2326
3 1533 2299 2300
3 75 2299 2300
3 1396 3129 3672
3 1095 1396 3129
3 1778 3958 3959
3 1778 3959 4248
3 193 4060 4061
3 193 2806 4060
3 1227 1350 1408
3 3980 4289 4291
3 2033 3533 3535
3 685 1307 2739
3 1307 2380 2739
3 387 403 1543
3 1469 1885 3184
3 1126 1469 3184
3 1818 2737 2738
3 601 985 998
3 601 985 1748
3 1128 1457 2235
3 1457 2235 2634
3 1165 1762 2085
3 1165 1762 3644
3 3874 4001 4020
3 3731 3874 4020
3 499 625 1659
3 258 499 625
3 25 863 2517
3 25 2517 2519
3 1742 2794 3122
3 1880 3281 3282
3 1053 1880 3282
3 3276 3277 3474
3 1454 3277 3474
3 212 1298 2296
3 438 666 1580
3 1415 2449 3801
3 1414 2449 3801
3 2831 2832 2834
3 759 2515 3768
3 1393 3715 3716
3 782 3715 3716
3 2977 2978 2980
3 463 2977 2980
3 443 1092 1373
3 22 2979 2982
3 1454 2979 2982
3 1695 3697 3698
3 1695 2247 3698
3 119 686 1848
3 686 1848 1903
3 3720 4153 4183
3 885 4153 4183
3 1318 2425 3117
3 1318 2424 3117
3 451 1060 1617
3 1551 1598 3696
3 914 1088 2527
3 1179 1860 2723
3 1179 2723 2724
3 1181 1831 2825
3 156 1771 2320
3 643 1238 2392
3 1238 2392 3180
3 98 473 1469
3 3097 3098 3099
3 3097 3098 3282
3 1356 3327 3328
3 819 1541 2058
3 975 4291 4353
3 3980 4291 4353
3 3515 3517 3519
3 1062 1233 2339
3 1062 1233 3597
3 1923 3177 3178
3 1927 3177 3178
3 59 992 3916
3 59 3916 3917
3 797 3211 3212
3 797 1340 3211
3 3852 3891 3892
3 1673 3891 3892
3 1928 2423 3587
3 1581 1928 2423
3 2792 2793 2794
3 902 936 1696
3 2628 3145 3845
3 2107 3040 3160
3 1330 3040 3160
3 1458 3787 3788
3 460 851 1538
3 851 1538 2655
3 516 1113 2925
3 516 1113 1374
3 22 2978 2980
3 4084 4186 4261
3 1293 4084 4261
3 1515 1851 3447
3 1141 1653 1885
3 120 1481 1886
3 120 1609 1886
3 462 2261 3893
3 135 2261 3893
3 370 2229 2277
3 1396 3670 3672
3 1665 3759 3763
3 763 3123 3125
3 2945 3258 3610
3 616 2676 2677
3 311 401 2251
3 311 372 2251
3 601 657 998
3 644 887 1531
3 728 1717 1718
3 2532 3218 3221
3 247 2713 3756
3 247 1815 3756
3 297 757 3346
3 757 2937 3346
3 652 2435 2436
3 2435 2436 2772
3 477 2165 3513
3 477 2165 2632
3 673 754 2165
3 673 2165 3513
3 746 2363 3225
3 140 247 2713
3 826 4071 4072
3 826 3707 4071
3 970 3906 4356
3 135 3852 3892
3 135 3892 3893
3 692 761 1550
3 951 1445 2066
3 52 951 1445
3 285 631 1611
3 1260 2290 2292
3 1260 2290 2642
3 1071 3665 3667
3 1071 3666 3667
3 239 1073 1416
3 239 1073 3185
3 98 1965 2702
3 1068 1287 2570
3 1287 2569 2570
3 1081 2220 3711
3 1205 3201 3256
3 416 3299 3300
3 279 928 2414
3 279 2414 2658
3 546 923 3157
3 640 2742 2745
3 1093 1346 2142
3 609 1276 2804
3 2160 2804 2805
3 609 1451 2804
3 1451 2804 2805
3 655 1083 2717
3 105 2279 2546
3 105 689 2546
3 1245 3428 3664
3 992 2001 2496
3 2001 2496 3808
3 281 2052 4438
3 301 1937 2725
3 995 3619 3621
3 3619 3621 4069
3 590 2860 3064
3 1272 2860 3064
3 202 505 1457
3 202 338 1457
3 637 3209 3211
3 48 637 3211
3 494 1921 2097
3 469 494 1921
3 539 3187 3188
3 102 2256 2446
3 2065 2256 2446
3 720 1649 1748
3 1016 3443 3444
3 1123 3876 3878
3 285 789 1442
3 285 631 789
3 842 2691 3677
3 543 842 2691
3 141 3090 3473
3 894 2178 3021
3 1597 1598 1766
3 356 1597 1766
3 564 3228 3883
3 98 329 473
3 108 418 1452
3 3767 3955 4312
3 1129 1940 2635
3 96 1956 2568
3 1590 1735 2241
3 1590 1735 3862
3 1287 2567 2569
3 159 3746 3747
3 1356 3324 3327
3 1356 3324 3325
3 1147 1652 2364
3 523 1652 2364
3 1085 1356 2195
3 1356 2195 3328
3 1387 2926 2928
3 1387 2926 3077
3 609 2088 2458
3 2088 2458 2561
3 356 758 2204
3 105 689 1714
3 1363 3331 3332
3 1221 2017 2767
3 1832 2871 3138
3 233 3827 3828
3 2147 3041 3443
3 3041 3443 3445
3 3744 4047 4308
3 971 3744 4047
3 1285 2102 2552
3 1181 1830 2067
3 200 2175 3215
3 1215 1951 3308
3 1341 3694 4354
3 1341 1491 4354
3 1466 2230 2231
3 1183 1254 3389
3 1254 3389 3796
3 3318 3319 3919
3 79 3319 3919
3 121 3515 3518
3 1489 2279 3417
3 1554 2111 2654
3 538 1202 1775
3 382 3343 3345
3 382 3343 3344
3 1588 3201 3256
3 1588 3201 3261
3 535 1908 1909
3 2769 3099 3100
3 220 613 1653
3 1369 3966 3971
3 2472 2728 2732
3 2314 2728 2732
3 1315 2132 4143
3 869 2132 4143
3 55 1410 1785
3 55 1785 2827
3 1669 1805 3411
3 1337 2071 2446
3 1326 2589 3999
3 910 2117 3453
3 1060 1210 1617
3 1253 3468 3639
3 1255 3468 3639
3 586 2785 2787
3 1526 1527 3200
3 551 1760 2620
3 187 3330 3432
3 1555 2807 2808
3 1555 1618 2807
3 316 2673 3298
3 316 3298 3643
3 1212 2850 2852
3 580 2499 3365
3 505 1457 2634
3 251 681 761
3 681 761 1550
3 1279 2468 3624
3 1279 3624 3625
3 1241 2175 2550
3 2175 2550 2760
3 452 663 1504
3 1440 2265 3309
3 1440 1648 2265
3 914 1088 2112
3 1299 1591 3576
3 615 2190 2191
3 763 2995 3120
3 1480 1961 1963
3 1961 1963 2056
3 199 845 2315
3 1078 2948 2950
3 1379 3299 3300
3 577 1379 3300
3 1785 2463 3239
3 1785 2463 3205
3 954 1994 3504
3 954 3504 3713
3 197 802 3394
3 664 906 2513
3 1971 3644 3645
3 1762 3644 3645
3 22 2978 2979
3 1915 2105 2575
3 1487 1975 2186
3 1487 2186 3244
3 64 2326 2491
3 850 1907 2999
3 1558 1907 2999
3 592 2119 3542
3 592 2119 2952
3 523 1870 2364
3 3860 3981 3986
3 3860 3981 4267
3 1662 2298 2582
3 2912 3830 4311
3 572 934 1494
3 572 933 934
3 628 3084 3085
3 909 1508 2415
3 909 1508 3751
3 1421 1758 3045
3 1421 1758 3048
3 1171 1807 3304
3 298 2515 3131
3 1059 1217 1595
3 2022 3350 3782
3 172 215 978
3 1118 2145 2355
3 325 360 1877
3 1467 2152 2540
3 704 1846 3620
3 1560 4086 4089
3 935 1275 2393
3 935 2393 3693
3 4 3061 3062
3 4 1077 3061
3 1076 1700 1803
3 1677 1905 2609
3 265 2018 3029
3 783 2018 3029
3 2021 3381 3382
3 1462 2651 3863
3 1462 3863 3881
3 1401 2145 3437
3 1052 1948 2041
3 1019 1052 2041
3 672 865 982
3 3986 3987 4387
3 1500 2744 2746
3 1500 2727 2744
3 2615 3580 3581
3 205 846 1644
3 205 846 1749
3 877 1697 2667
3 1715 2618 2619
3 2618 2619 2860
3 500 678 2552
3 222 594 3422
3 222 594 2803
3 3837 4198 4199
3 2091 2092 2161
3 1820 2196 2970
3 2246 2247 3702
3 178 3285 3286
3 445 899 2116
3 445 2062 2116
3 1486 3240 3243
3 1285 2102 2455
3 313 961 1773
3 313 961 1987
3 1215 3708 4423
3 1887 3593 4037
3 1887 4037 4038
3 688 3939 4064
3 688 3192 3939
3 963 1903 2141
3 963 1903 2193
3 1468 1816 2666
3 1412 1468 1816
3 1203 1955 1957
3 98 1469 1965
3 344 1242 3763
3 711 1647 4270
3 1336 1874 2814
3 1874 2813 2814
3 1078 2356 2947
3 1078 2947 2948
3 1239 2190 2191
3 364 925 2363
3 925 2363 3225
3 930 1656 2028
3 321 1656 2028
3 1726 1810 2538
3 1141 1223 2428
3 221 549 3469
3 549 1809 3469
3 1191 1916 3429
3 1191 1916 3579
3 254 1113 2621
3 1149 1633 4042
3 1149 4042 4043
3 396 751 1563
3 396 1563 2553
3 584 1167 2079
3 584 2079 2298
3 896 1176 3113
3 641 896 3113
3 892 1466 2233
3 1059 1217 2093
3 2051 2052 2053
3 1987 1988 1989
3 1334 1988 1989
3 30 1703 2859
3 30 859 2859
3 1003 1005 2577
3 1005 2025 2577
3 413 1936 2489
3 1936 2376 2489
3 604 1366 1456
3 1374 2009 2621
3 1373 1374 2009
3 1951 1953 4371
3 1158 1707 1783
3 811 2809 2810
3 811 2136 2810
3 540 1746 2898
3 1115 2059 2060
3 438 1563 1811
3 949 1816 2666
3 949 1410 1816
3 130 1991 4061
3 130 1991 3765
3 1298 2295 2297
3 796 2288 2289
3 1206 1612 1835
3 156 776 1357
3 802 3105 3106
3 283 336 3410
3 1245 2492 3650
3 1043 1131 2345
3 682 2428 3681
3 3152 3153 3477
3 1127 1518 1934
3 1356 2591 3325
3 1355 1894 1896
3 851 2655 2917
3 1272 3323 3631
3 2442 3323 3631
3 1688 1865 2904
3 1155 1688 1865
3 701 1819 2738
3 1819 1821 2738
3 1479 1481 2082
3 1028 1090 2427
3 1325 1684 1691
3 1684 1688 1691
3 1080 1154 1295
3 990 1876 3252
3 244 2933 2934
3 671 3895 4044
3 735 1805 3411
3 3780 3978 3979
3 288 1777 2156
3 288 1719 1777
3 553 787 2063
3 787 1259 2063
3 459 3984 3990
3 2417 3694 4354
3 183 2566 3197
3 692 2686 2687
3 64 2173 2326
3 302 2377 2411
3 1994 3102 3500
3 394 3102 3500
3 1139 1630 1844
3 456 1598 3696
3 3948 3969 4409
3 393 3969 4409
3 962 998 2383
3 962 1418 2383
3 473 1469 1885
3 1400 2197 3475
3 1400 2197 3148
3 602 1593 2622
3 602 1594 2622
3 864 994 1694
3 864 1694 2474
3 702 1018 2421
3 1018 2421 3414
3 879 3573 4031
3 640 2744 2745
3 2744 2745 2746
3 2547 2548 3678
3 1091 1852 1853
3 1029 1091 1853
3 371 1516 3189
3 371 3186 3189
3 1279 2861 4372
3 286 1807 3304
3 1637 1716 1898
3 300 883 1977
3 300 638 883
3 345 1719 2104
3 1060 1210 2807
3 361 1433 3008
3 1433 3008 3468
3 1585 3714 4420
3 1838 2600 3278
3 558 1838 3278
3 1922 3872 3873
3 1922 3871 3872
3 1189 1227 1350
3 1508 2881 3155
3 1417 2672 3566
3 15 2672 3566
3 716 724 1763
3 532 716 1763
3 384 3459 3460
3 384 717 3459
3 834 1425 2526
3 498 834 2526
3 1010 2986 2987
3 1964 3687 3688
3 2160 2805 3087
3 1277 2805 3087
3 958 1290 3340
3 958 1615 3340
3 196 1085 2592
3 1233 2338 2339
3 2125 2338 2339
3 1215 2359 3827
3 233 2359 3827
3 77 2566 3197
3 3528 3530 3617
3 1976 2157 2753
3 1976 2157 2158
3 1150 1617 1672
3 897 2081 2082
3 897 1479 2082
3 1990 3636 4281
3 381 3036 3794
3 2266 3733 3734
3 558 1838 2437
3 558 2437 3054
3 1424 2972 2973
3 1424 2973 3156
3 332 3898 4219
3 1321 2863 2898
3 1321 2897 2898
3 1198 1802 1803
3 1076 1198 1803
3 110 2962 3345
3 2659 2848 2930
3 160 459 3991
3 459 3990 3991
3 1174 2906 2907
3 1174 1628 2907
3 1800 1982 2127
3 976 2353 2698
3 655 2908 2909
3 2630 2908 2909
3 1036 1076 3108
3 1036 3108 3301
3 1210 1616 2332
3 1210 2332 2807
3 3009 3772 4093
3 705 967 3182
3 1300 1515 3447
3 1300 1547 3447
3 75 2300 2461
3 33 75 2461
3 324 1404 1710
3 2522 2828 3231
3 2522 2828 3208
3 888 1793 3039
3 1942 2362 3821
3 1942 3821 3822
3 1256 2140 2141
3 1792 2013 3467
3 1041 1119 1724
3 489 2149 2430
3 658 2319 3558
3 658 3558 3559
3 486 1041 1724
3 1708 2825 3138
3 246 1708 2825
3 1012 1033 1524
3 278 2660 2661
3 1566 2223 2224
3 1566 2223 2813
3 172 1139 2409
3 484 1139 2409
3 4194 4208 4312
3 875 4208 4312
3 1840 2618 2860
3 836 2656 2657
3 127 836 2656
3 1042 1124 1547
3 930 2028 2029
3 2028 2029 2249
3 2862 3141 3142
3 2862 3141 4361
3 1516 2846 2847
3 2126 2561 3599
3 2458 2561 3599
3 596 2852 2853
3 1376 2339 2360
3 1200 1930 2359
3 266 1930 2359
3 526 3092 3095
3 2418 3072 3140
3 303 3072 3140
3 1788 2677 2720
3 616 1788 2677
3 1737 1742 2993
3 1595 1845 3307
3 3647 3648 3649
3 1322 2859 4145
3 1044 1116 2281
3 36 4156 4295
3 1370 1471 1623
3 1778 3958 4337
3 117 974 3413
3 974 1602 3413
3 595 926 2420
3 1223 1620 3682
3 1223 1620 3184
3 529 1120 1332
3 1120 1332 2390
3 1012 1524 1871
3 24 543 1867
3 63 81 819
3 81 819 1399
3 226 1867 2873
3 1708 1832 3138
3 536 924 1310
3 924 1310 3463
3 1426 1841 3034
3 155 3145 3845
3 155 328 3145
3 1207 1574 2789
3 1574 2787 2789
3 517 1826 2496
3 204 1826 2496
3 898 3614 3615
3 1229 2019 3381
3 1229 3381 3382
3 926 1518 1935
3 1014 1561 1813
3 1014 1034 1561
3 181 952 1625
3 1020 3066 3068
3 1020 3068 3532
3 264 1418 4000
3 44 642 3927
3 335 389 1548
3 942 1666 2301
3 942 1001 1666
3 66 393 4409
3 3970 3983 3992
3 187 504 2711
3 187 504 3330
3 915 2366 3736
3 915 2366 3870
3 255 2072 3075
3 163 255 3075
3 483 1344 2647
3 3216 4075 4076
3 3216 4074 4075
3 1174 2101 3263
3 1174 1686 2101
3 360 1877 1881
3 1201 1877 1881
3 1700 1803 2523
3 99 881 2170
3 1453 3255 3352
3 1453 2182 3255
3 1296 2093 2466
3 223 1526 3260
3 223 3260 3261
3 1196 1716 1898
3 674 3324 3325
3 674 3324 3327
3 1111 1488 3334
3 1488 3334 3335
3 1111 1488 3335
3 1302 2514 2516
3 289 799 1390
3 289 799 1860
3 718 1905 2609
3 718 1676 2609
3 1166 1586 1949
3 245 2964 2968
3 1577 1811 3006
3 1837 2747 2748
3 1837 2748 2749
3 1513 3784 3921
3 1513 2123 3784
3 219 702 1018
3 1639 1715 2619
3 590 1639 2619
3 1521 3241 3242
3 2247 3698 3702
3 195 2377 2411
3 2066 2232 2991
3 2231 2232 2991
3 917 2038 2102
3 209 917 2038
3 1878 2080 2830
3 1878 2830 3280
3 684 1722 2840
3 1722 2840 2841
3 1408 3105 3505
3 1408 3144 3505
3 65 209 2992
3 973 1395 2391
3 989 991 1353
3 548 989 1353
3 664 3951 3952
3 819 2057 2058
3 63 819 2057
3 1313 1691 2919
3 1325 1691 2919
3 1514 2084 2085
3 1514 2084 3234
3 1230 2575 3251
3 3769 4308 4317
3 130 3765 3830
3 299 514 2091
3 299 2091 2161
3 1135 1536 2327
3 1536 1802 2327
3 69 649 3204
3 69 2177 3204
3 672 839 982
3 839 982 2040
3 883 2229 2276
3 638 883 2229
3 266 275 1727
3 1237 2649 2734
3 1174 1743 3263
3 1174 1743 2630
3 180 421 3487
3 944 1292 1893
3 944 1892 1893
3 465 624 2348
3 465 624 1972
3 57 1956 1959
3 2563 3740 3741
3 2310 3740 3741
3 1566 2813 2814
3 1254 1566 2814
3 602 999 1593
3 602 999 1397
3 528 1428 2851
3 1428 1954 2851
3 307 624 2348
3 929 1901 2116
3 1996 2670 3139
3 554 1996 3139
3 251 1438 1754
3 251 496 1754
3 1162 2530 2531
3 1055 1162 2531
3 172 639 1844
3 172 1139 1844
3 1556 1651 3446
3 288 2156 3251
3 1381 2989 3523
3 1381 3522 3523
3 2361 2362 3771
3 597 1203 1956
3 1203 1955 1956
3 603 3950 4404
3 3311 3950 4404
3 1330 2106 2109
3 689 1715 2618
3 689 2547 2618
3 872 2076 2192
3 1220 2076 2192
3 590 2766 3064
3 179 2766 3064
3 801 1883 3453
3 801 1974 3453
3 2117 3452 3453
3 2121 3015 3580
3 351 1499 1501
3 253 351 1499
3 64 295 2491
3 295 1978 2491
3 498 1890 2983
3 62 633 1562
3 633 1533 1562
3 731 1776 1777
3 616 690 1789
3 72 972 1884
3 72 972 2890
3 1250 2070 2463
3 1250 2463 3205
3 132 1976 2753
3 1342 3198 3200
3 1342 3198 3199
3 1471 3219 3220
3 2532 3219 3220
3 897 2054 2081
3 811 1243 1731
3 33 578 2461
3 188 1573 3293
3 271 779 2725
3 117 271 2725
3 301 974 2725
3 785 2828 2949
3 785 2828 3231
3 460 851 2918
3 460 1693 2918
3 376 3233 3302
3 1113 1920 2925
3 254 1113 1920
3 767 2194 2218
3 166 1929 2218
3 758 2204 2205
3 758 2205 2221
3 685 1307 2382
3 1307 2380 2382
3 838 1420 2640
3 1183 2324 3388
3 1183 2324 3482
3 575 2340 2341
3 712 1915 2105
3 712 1219 1915
3 1037 1481 3550
3 55 949 2358
3 3781 3981 4267
3 3781 3978 3981
3 509 2728 3400
3 509 2472 2728
3 7 2987 2988
3 219 1154 1556
3 219 1018 1556
3 297 3349 3456
3 297 3346 3349
3 852 3635 3636
3 307 984 2924
3 307 984 2347
3 283 891 3467
3 1182 1218 2985
3 2697 4124 4125
3 854 2413 3416
3 321 2027 2028
3 2534 3005 3007
3 2534 3007 3309
3 2534 2709 3005
3 2534 2709 3309
3 588 693 1438
3 40 2729 3143
3 810 1718 2407
3 810 1679 2407
3 1402 3502 3503
3 458 1506 3951
3 231 458 1506
3 236 575 1622
3 236 575 1776
3 538 707 1557
3 519 707 1557
3 784 3003 3727
3 1371 3464 3871
3 663 806 1504
3 770 806 1504
3 105 817 2684
3 105 1714 2684
3 268 357 3337
3 268 2377 3337
3 21 612 1441
3 314 2404 2707
3 314 2128 2707
3 1090 1318 2425
3 1021 2252 2770
3 1021 1058 2252
3 27 1302 2516
3 1928 2396 2992
3 1581 1928 2396
3 941 1986 2875
3 700 1231 1325
3 2267 3970 3983
3 798 988 3522
3 766 1407 2139
3 347 3536 3806
3 80 3536 3806
3 168 796 2250
3 1582 2397 3080
3 1582 2397 2696
3 337 659 2811
3 659 2811 2815
3 1437 2632 2668
3 524 2632 2668
3 179 2639 2766
3 1338 2639 2766
3 1040 1612 1772
3 1040 1072 1772
3 4156 4157 4295
3 383 920 1960
3 920 1960 2482
3 540 2863 2898
3 235 540 2863
3 1617 1672 2067
3 892 1241 1310
3 1034 1286 1429
3 2608 3823 3824
3 3823 3824 4298
3 425 867 1549
3 905 1616 2067
3 1386 3793 4315
3 1386 4264 4315
3 2153 3747 3750
3 2153 3747 4394
3 968 1599 1603
3 52 1208 1642
3 52 506 1642
3 551 1667 2953
3 260 551 1667
3 1080 2306 2866
3 1080 1154 2306
3 1030 1093 2142
3 673 754 3173
3 673 3173 3556
3 876 2187 2189
3 3861 4178 4185
3 3861 3988 4185
3 785 2949 3010
3 1557 1907 3263
3 1558 1907 3263
3 920 2098 2482
3 13 2098 2482
3 1350 3106 3107
3 294 1498 2872
3 1498 1832 2872
3 556 617 2835
3 1205 1655 2030
3 1799 2832 2834
3 506 1799 2834
3 138 2940 2942
3 2940 2942 3444
3 38 3764 4375
3 717 2135 3459
3 485 720 1649
3 485 1649 2069
3 947 2488 2504
3 848 3165 4238
3 1753 3030 4351
3 153 734 3398
3 921 1901 1902
3 1654 1781 2646
3 1654 2646 2647
3 127 279 2658
3 2522 3206 3208
3 580 2955 3365
3 2955 3364 3365
3 1176 1829 3112
3 693 1438 2330
3 2499 3062 3365
3 933 3062 3365
3 1614 1646 2922
3 112 2230 2231
3 112 1128 2230
3 1401 2157 2753
3 1065 1269 1654
3 1025 1065 1654
3 1038 2580 2581
3 467 625 2329
3 467 550 625
3 1155 1683 1688
3 2637 3289 3885
3 1026 2394 2664
3 706 905 1616
3 327 3739 3799
3 327 2563 3739
3 1240 2319 2513
3 497 885 2928
3 497 2926 2928
3 108 958 1452
3 958 1290 1452
3 409 615 2190
3 409 615 1853
3 353 491 2726
3 523 648 1841
3 523 1841 1870
3 860 2850 2852
3 106 456 1598
3 1343 1527 2220
3 1343 2220 2257
3 889 1029 2237
3 1029 1981 2237
3 262 978 2408
3 978 2408 2409
3 2 639 1844
3 2 1630 1844
3 1009 1554 2100
3 1009 1019 1554
3 338 914 2282
3 338 914 2527
3 426 1433 2068
3 1255 1433 2068
3 449 512 1945
3 1687 1690 1865
3 1683 1690 1865
3 132 1503 1650
3 533 632 3756
3 533 1145 3756
3 818 2612 3822
3 818 832 2612
3 1151 2351 3831
3 1151 2137 2351
3 611 660 1405
3 1989 1990 2545
3 312 1503 2017
3 1221 1503 2017
3 457 2873 3228
3 226 457 2873
3 1446 2736 3850
3 1446 2736 3614
3 535 776 1908
3 1594 2345 2622
3 3980 4118 4223
3 246 1708 2876
3 1158 1707 2876
3 657 998 2576
3 359 1501 2848
3 891 1516 3190
3 230 649 1501
3 230 1501 2848
3 2842 3667 3668
3 972 2514 2516
3 2631 4101 4425
3 2631 3494 4425
3 780 2883 3492
3 780 1259 3492
3 582 598 2031
3 529 1120 3064
3 1120 3063 3064
3 2126 3596 3599
3 87 3596 3599
3 700 1156 1231
3 1156 1231 1308
3 2637 3898 4136
3 1284 1770 2410
3 1284 1940 2410
3 1310 2112 2113
3 736 1450 2690
3 736 2690 2845
3 9 624 3660
3 9 525 3660
3 933 3364 3365
3 812 3471 3867
3 284 3471 3867
3 2984 3167 3464
3 1371 3167 3464
3 1185 2034 2035
3 683 1779 3016
3 292 990 3013
3 1417 3458 3459
3 242 743 2036
3 233 266 2359
3 990 3012 3013
3 1521 1643 3338
3 727 1406 1919
3 727 1406 1916
3 727 1916 1919
3 905 1830 2067
3 494 867 1549
3 494 867 2097
3 785 2096 3010
3 1182 2985 2986
3 20 2486 3436
3 214 341 3068
3 1180 1797 1798
3 1232 1347 1764
3 1232 1347 1980
3 500 678 3011
3 1021 1058 2993
3 1058 2793 2993
3 1296 1556 1651
3 1154 1296 1556
3 433 3619 4069
3 536 1310 2113
3 536 2113 3072
3 1401 2157 3512
3 1006 1009 2100
3 261 1187 2035
3 1365 1429 1954
3 158 992 2001
3 158 2001 3269
3 96 775 1955
3 946 1132 1973
3 869 4142 4143
3 2425 3117 3118
3 1006 1009 2798
3 2108 2593 3048
3 2108 2593 2596
3 1272 3063 3064
3 1128 1456 2230
3 584 2583 2829
3 1242 2187 2189
3 329 1722 2841
3 1520 2389 2395
3 2389 2390 2395
3 1473 2260 2391
3 47 3888 4170
3 1324 2032 2034
3 1187 1324 2034
3 976 2354 2698
3 2394 2395 2664
3 1070 2395 2664
3 1505 3416 4411
3 2185 3416 4411
3 898 1609 3212
3 797 1609 3212
3 1260 2291 2642
3 1260 1492 2291
3 1492 2134 2291
3 1340 3209 3211
3 946 1132 2963
3 1132 2258 2963
3 292 3458 3459
3 292 2135 3459
3 1657 2121 2740
3 1657 2121 3580
3 805 1346 2142
3 805 2142 3334
3 622 3018 3411
3 2052 2053 3579
3 1918 2052 3579
3 498 1890 2526
3 1890 2525 2526
3 2432 3932 4242
3 3730 4019 4160
3 294 1246 2129
3 1246 2129 2707
3 1068 1287 1674
3 1422 3376 3377
3 476 1724 2214
3 476 1520 1724
3 1009 2797 2798
3 1231 1325 1684
3 154 3225 3409
3 154 2269 3409
3 156 1085 1357
3 156 196 1085
3 1091 1234 2318
3 1029 1091 2318
3 1068 3755 4403
3 1024 3755 4403
3 1028 1090 4279
3 89 850 1906
3 71 1525 2931
3 71 309 1525
3 1211 3754 4414
3 39 3754 4414
3 2350 2351 3831
3 3840 3841 4369
3 4116 4117 4223
3 603 1958 4404
3 492 553 2063
3 492 553 1221
3 934 3061 3062
3 576 2870 4334
3 2870 4334 4335
3 1019 2172 3046
3 542 1764 2990
3 898 1609 3089
3 559 898 3089
3 1358 3186 3187
3 1358 3187 3188
3 309 1525 2551
3 1030 1093 1980
3 1013 1030 1980
3 974 2285 2421
3 421 3487 3488
3 591 1378 2680
3 1499 2727 3195
3 253 1499 2727
3 1326 2589 4142
3 427 1565 3168
3 2347 2999 3440
3 977 2999 3440
3 221 1807 3469
3 443 1373 2010
3 100 3563 4239
3 82 1491 4062
3 82 1491 2294
3 1057 1463 2788
3 1057 1739 2788
3 965 1866 2253
3 1104 1866 2253
3 739 1942 2362
3 739 1376 2362
3 1058 1207 2786
3 2786 2792 2793
3 1897 2787 2789
3 392 1727 2118
3 266 392 1727
3 194 3890 4379
3 463 591 1378
3 463 503 591
3 1820 2737 2970
3 1820 2737 2738
3 504 2710 2711
3 1730 3352 3353
3 145 2911 2912
3 1540 2531 3218
3 1540 3218 3221
3 1665 3763 3929
3 2984 3464 4221
3 2222 2223 2956
3 1252 2222 2223
3 785 2096 3232
3 2096 3232 3233
3 89 376 1389
3 89 850 1389
3 1211 1947 4297
3 1947 3842 4297
3 236 731 1776
3 236 731 1914
3 1842 3284 3286
3 178 1842 3286
3 117 974 2725
3 437 910 2002
3 3171 3553 3554
3 4196 4197 4440
3 213 1460 4392
3 213 422 1460
3 343 1395 1808
3 677 3933 3934
3 677 3934 4079
3 2597 2601 3445
3 808 2273 2623
3 808 1204 2273
3 64 2174 2874
3 1058 2786 2793
3 505 2634 2635
3 1742 2793 2794
3 46 2273 2623
3 296 439 606
3 529 1332 3151
3 604 1456 2043
3 1128 1456 2043
3 5 872 2472
3 165 1977 1978
3 1407 2779 2780
3 10 657 2781
3 199 839 2512
3 3270 3271 3272
3 1530 3271 3272
3 1354 1355 1896
3 1245 2492 3427
3 1468 2666 2667
3 304 1395 2511
3 1317 2795 2829
3 1210 1617 2067
3 1210 1616 2067
3 415 1487 2316
3 1487 2316 3244
3 1201 1879 3280
3 1372 2556 2557
3 647 1372 2557
3 1473 2959 3248
3 2959 3245 3248
3 1415 3801 3802
3 1417 3459 3460
3 1227 1408 3144
3 1007 1775 1871
3 1108 1477 2626
3 118 1108 2626
3 3640 3641 3642
3 165 1978 2491
3 1111 1982 2142
3 156 196 554
3 156 554 2320
3 146 2120 2121
3 683 2809 2810
3 683 2810 3016
3 964 3169 3552
3 618 2881 3155
3 398 843 918
3 499 3404 3406
3 850 1906 1907
3 454 1063 1512
3 454 548 1512
3 537 863 1965
3 537 1965 2702
3 4048 4093 4094
3 279 928 2335
3 1823 3907 4152
3 3907 4152 4357
3 236 1622 1914
3 42 3260 3261
3 1435 2214 2215
3 258 499 1437
3 258 417 1437
3 1713 2490 3279
3 672 1713 2490
3 1712 4117 4118
3 4117 4118 4223
3 355 888 1135
3 1780 2228 3356
3 131 2228 3356
3 1030 1982 2127
3 1013 1030 2127
3 1879 3280 3281
3 1066 1879 3281
3 4190 4384 4440
3 1129 2234 2634
3 2234 2235 2634
3 974 1602 2421
3 1602 2421 3414
3 55 2826 2946
3 55 2826 2827
3 1371 3164 3167
3 814 976 2353
3 189 1268 2412
3 1981 2236 2237
3 1129 2236 2237
3 3947 4112 4114
3 488 674 3034
3 87 2124 3596
3 321 593 1655
3 593 1655 2030
3 1187 2034 2035
3 54 2687 4393
3 432 2687 4393
3 3726 3872 3876
3 97 245 2964
3 282 511 1526
3 223 282 1526
3 352 1693 3202
3 352 2177 3202
3 3264 3265 3266
3 240 1217 1651
3 1217 1651 2093
3 54 2479 3357
3 54 2479 4393
3 967 2174 2411
3 1065 1269 1717
3 1025 1065 1717
3 115 2623 2624
3 1090 2425 2427
3 1944 1945 3161
3 52 506 1445
3 211 943 2227
3 76 647 2543
3 46 205 2273
3 46 205 1645
3 1211 1946 2652
3 425 867 1580
3 691 867 1580
3 1934 3134 3136
3 1934 3134 3135
3 705 967 1530
3 967 1510 3182
3 967 1510 3633
3 437 947 1883
3 178 3285 3288
3 1993 2914 2915
3 2304 2755 3118
3 100 497 2926
3 176 2170 3339
3 176 278 2170
3 32 1484 3282
3 112 2231 2232
3 1233 2124 2338
3 499 2165 3406
3 1112 2202 2712
3 1112 2203 2712
3 2442 2548 2560
3 2442 2560 2694
3 1624 2477 3723
3 2033 3529 3533
3 2033 3528 3529
3 1688 1690 1691
3 184 2246 3705
3 1647 1750 2922
3 3965 3975 4267
3 3825 3965 3975
3 1242 2586 2587
3 1242 2187 2586
3 745 2200 2715
3 745 1202 2715
3 47 1962 4029
3 1962 4028 4029
3 212 2296 4210
3 866 1626 1769
3 1626 1769 2836
3 1112 1467 2152
3 1060 2808 3242
3 1060 2807 2808
3 317 1629 2590
3 1922 3873 3875
3 260 1760 3644
3 260 551 1760
3 619 645 3274
3 369 4015 4032
3 3833 4015 4032
3 1167 1482 2079
3 1482 2078 2079
3 17 495 1833
3 17 495 3993
3 1103 1445 2066
3 1600 1845 3434
3 1153 1600 3434
3 1876 2205 3252
3 1876 2205 3461
3 1490 2522 3206
3 1899 3134 3135
3 70 1007 1553
3 70 1007 1699
3 1293 1943 3823
3 1293 1943 2612
3 1136 3170 3552
3 1136 3170 3553
3 2003 4023 4100
3 311 778 2422
3 311 401 2422
3 3 405 1564
3 3 1564 2689
3 1083 1432 1871
3 1083 1097 1432
3 2094 2948 2949
3 2094 2949 3010
3 1411 3205 3208
3 1166 1607 2199
3 1157 2933 3411
3 1157 2933 2934
3 880 1249 2240
3 1249 2240 2726
3 104 3835 3998
3 104 3835 4272
3 1419 2228 3999
3 73 126 3317
3 73 126 2118
3 73 3315 3317
3 1143 1635 1673
3 779 1143 1673
3 1363 3310 3331
3 15 3566 3567
3 310 997 2350
3 786 3012 3252
3 786 2205 3252
3 865 2920 3524
3 877 1412 2183
3 383 2011 2382
3 1836 3813 4299
3 610 3863 4360
3 610 3863 3882
3 746 2884 2885
3 103 206 2024
3 275 709 1727
3 275 709 2604
3 3755 4084 4298
3 319 2528 2533
3 319 471 2528
3 1439 2528 2533
3 946 2963 3258
3 2963 3257 3258
3 751 1811 2735
3 1577 1811 2735
3 1106 4228 4300
3 1106 4228 4381
3 1850 1852 3520
3 1850 3520 3521
3 1380 3507 3509
3 276 3507 3509
3 460 1693 3202
3 460 2938 3202
3 87 2458 3599
3 1539 4170 4182
3 694 1539 4182
3 326 2403 2702
3 326 2401 2403
3 1118 2699 2847
3 308 2699 2847
3 996 4301 4303
3 101 2858 2923
3 578 1137 2461
3 578 1137 1605
3 1430 3601 3602
3 3906 4113 4180
3 788 4113 4180
3 84 1083 2717
3 137 571 2424
3 546 3158 3729
3 933 3291 3364
3 504 2710 2712
3 504 2203 2712
3 2033 3532 3535
3 636 3035 3036
3 390 2242 3454
3 2242 3424 3454
3 381 3794 3795
3 282 1587 1589
3 282 511 1589
3 556 802 3106
3 1225 2219 2260
3 670 705 1530
3 1157 1669 3411
3 1440 3007 3008
3 1434 1440 3008
3 61 83 490
3 771 1985 3577
3 1591 1923 1926
3 62 568 870
3 536 908 924
3 915 959 3736
3 456 2559 3297
3 436 2559 3297
3 1080 2782 2783
3 2259 3264 3266
3 1545 3670 3672
3 793 1545 3670
3 2591 2592 2665
3 250 2537 2538
3 1723 2780 2934
3 78 621 1636
3 321 593 2027
3 593 2027 2030
3 1938 2604 4319
3 1196 1898 2979
3 1196 2978 2979
3 1456 2230 2480
3 556 802 2835
3 35 231 1506
3 632 2308 3862
3 225 849 1548
3 969 988 1042
3 1124 1546 3518
3 1124 1547 3518
3 471 2530 3217
3 471 3033 3217
3 520 3987 4387
3 520 3987 4290
3 968 1361 1599
3 1222 2038 2102
3 1382 2347 3440
3 500 1222 2102
3 852 3633 3635
3 398 843 2576
3 731 1914 2156
3 1304 1634 2438
3 1304 2438 2439
3 1110 1304 2439
3 1110 2154 2439
3 29 637 1635
3 1364 2562 2563
3 650 3558 3559
3 609 2088 2089
3 2971 2973 3229
3 729 2024 2399
3 729 2024 2716
3 831 1865 2904
3 1684 1689 2904
3 1684 1688 2904
3 347 3784 3921
3 3447 3484 3518
3 3283 3962 4195
3 2429 3985 4067
3 147 254 1920
3 2094 2948 2950
3 2094 2950 2951
3 1067 1281 1745
3 740 1996 2670
3 1533 2278 2300
3 446 2278 2300
3 669 1390 2982
3 792 1388 3223
3 792 1388 2768
3 447 2756 4246
3 2905 2906 2907
3 1308 2905 2907
3 292 493 3458
3 1234 1851 3483
3 579 740 1475
3 579 740 1570
3 579 1570 1571
3 1444 2447 2448
3 1444 2448 3866
3 15 2672 2673
3 316 2672 2673
3 316 2671 2672
3 359 2659 2848
3 2048 2940 2941
3 138 2940 2941
3 728 1718 2407
3 1656 3473 3612
3 1656 3090 3473
3 1268 1733 2269
3 1733 2176 2269
3 553 1650 2002
3 553 1503 1650
3 1006 2693 2975
3 1006 2693 2798
3 358 2253 2605
3 396 751 1576
3 396 1576 1578
3 295 580 2874
3 64 295 2874
3 222 1150 2617
3 109 2453 2481
3 109 122 2481
3 1190 1889 2243
3 563 1190 2243
3 513 2240 3625
3 368 773 1614
3 368 711 1614
3 1075 1299 3576
3 1075 3576 3577
3 653 886 1583
3 792 1471 3220
3 1021 2993 2994
3 1547 3447 3518
3 211 3636 3638
3 2175 2760 3215
3 183 693 1661
3 223 282 1587
3 1588 3256 3257
3 913 4120 4121
3 149 2542 3713
3 149 3504 3713
3 1962 3687 3688
3 30 1703 3266
3 1022 3161 3162
3 661 2756 2865
3 2756 2865 4246
3 621 1899 2431
3 621 1636 2431
3 1066 1880 3281
3 1066 1880 2045
3 506 1642 2834
3 2663 3312 4302
3 125 3312 4302
3 296 606 4401
3 296 3415 4401
3 968 1361 2895
3 3114 3370 3371
3 660 981 1681
3 1248 1331 2059
3 1115 1248 2059
3 230 2848 2930
3 189 230 2930
3 1044 1116 2560
3 1044 2560 2694
3 1551 1736 1766
3 856 921 1407
3 921 1407 1901
3 1308 1628 2907
3 2012 3984 4164
3 433 619 1846
3 3657 3834 4153
3 3657 3834 4251
3 1018 1048 3435
3 184 3705 3706
3 184 3479 3706
3 365 441 2349
3 957 1703 4041
3 957 1633 4041
3 1678 2883 2885
3 1678 2882 2883
3 2 480 1274
3 2 1274 2462
3 1840 2548 3631
3 2493 3557 3570
3 2493 2967 3570
3 1214 1567 3570
3 1214 2565 3570
3 2153 3750 3839
3 1592 3174 3576
3 578 1523 1605
3 345 1523 1605
3 31 2867 2868
3 31 294 2868
3 364 772 2363
3 1148 2953 3270
3 534 919 4309
3 107 862 2881
3 107 618 2881
3 2542 2585 3758
3 1486 1517 3240
3 585 2200 3108
3 585 2524 3108
3 782 3716 3913
3 864 2243 2474
3 163 2445 2507
3 523 648 1652
3 3766 4193 4195
3 3766 4193 4211
3 704 3143 3808
3 1875 3255 3352
3 1875 3254 3255
3 675 2643 2644
3 1335 2811 2815
3 2108 2596 2601
3 35 231 317
3 231 317 1629
3 338 1457 2527
3 1457 2043 2527
3 2246 3700 3703
3 2267 3983 3990
3 516 1092 1374
3 516 1092 1632
3 1092 1373 1374
3 362 756 3525
3 1216 2209 2610
3 94 2209 2610
3 1186 2961 2962
3 395 926 2420
3 395 926 1912
3 265 2122 3029
3 766 2122 3029
3 999 3245 3246
3 999 1593 3245
3 41 2434 2453
3 489 3334 3335
3 1476 2673 3298
3 638 2083 2150
3 370 638 2083
3 1198 1802 1900
3 1076 1198 1900
3 88 936 4352
3 88 136 4352
3 878 1967 1968
3 195 878 1967
3 311 1669 1805
3 311 778 1805
3 662 4264 4315
3 344 3763 3929
3 925 1241 3463
3 925 1241 2176
3 575 1776 2341
3 485 2069 3663
3 2069 3662 3663
3 507 2360 3771
3 846 1646 2921
3 1646 2921 2922
3 1240 2194 2218
3 1240 1929 2218
3 846 1749 2921
3 670 1148 3272
3 1148 3270 3272
3 1485 3640 3642
3 391 2335 2537
3 438 1055 2536
3 438 1580 2536
3 241 307 2924
3 9 241 307
3 211 2227 3638
3 3089 3685 3686
3 508 3089 3686
3 145 276 3507
3 2869 2878 2880
3 2498 2499 3062
3 1471 3219 3457
3 949 2358 3590
3 190 2019 3091
3 3040 3041 3445
3 174 3110 4140
3 1542 2029 2249
3 1061 1944 3161
3 2613 4258 4259
3 2613 4259 4261
3 2123 2167 2636
3 299 1753 3030
3 299 342 3030
3 786 1512 2205
3 1512 2204 2205
3 337 659 2222
3 680 908 2122
3 680 781 908
3 265 680 2122
3 607 649 3204
3 119 462 1848
3 693 1661 2330
3 1145 1661 2330
3 1090 1502 4279
3 1090 1502 2426
3 172 467 550
3 554 1161 2320
3 1196 2977 2978
3 2797 2798 2800
3 1362 1681 2895
3 831 1685 1865
3 1315 1629 2590
3 1315 2588 2590
3 1250 2070 2821
3 54 573 2686
3 573 2686 3431
3 2223 2813 2956
3 114 1157 3032
3 3316 3317 3318
3 3315 3316 3317
3 228 487 3315
3 228 3315 3316
3 61 114 783
3 114 766 783
3 546 741 923
3 546 741 3729
3 796 2289 4431
3 1100 1428 1954
3 126 3317 3318
3 461 722 2005
3 1161 1570 1996
3 554 1161 1996
3 4 2498 3062
3 4 478 2498
3 1364 1560 4090
3 1393 3717 3884
3 1362 2895 2896
3 968 2895 2896
3 1174 1686 2906
3 1683 1688 1690
3 606 2584 2887
3 606 2584 4401
3 1313 1690 1691
3 831 1685 2906
3 3000 3001 3512
3 1314 3000 3001
3 814 2471 3000
3 2471 3000 3512
3 814 2353 3000
3 1231 1684 1689
3 1314 2353 3000
3 820 960 961
3 538 655 1775
3 181 952 2254
3 458 696 1692
3 231 458 696
3 113 1779 3374
3 3825 3964 3965
3 1440 3007 3309
3 3815 4245 4372
3 513 4245 4372
3 929 1545 2062
3 929 2062 2116
3 2596 2601 3445
3 2193 2297 2718
3 1378 1698 2679
3 1378 1698 2681
3 1377 2676 2683
3 1377 2674 2676
3 595 926 1935
3 595 1935 3109
3 1248 2111 2654
3 1248 1331 2111
3 3171 3554 3555
3 1859 3171 3555
3 1263 1599 2503
3 841 2075 2478
3 2075 2478 3375
3 1265 3421 4146
3 98 326 2702
3 743 3607 3608
3 118 3607 3608
3 118 2626 3608
3 1509 1695 2247
3 825 2958 4408
3 825 1633 2958
3 1708 1832 2879
3 1253 3468 3609
3 277 1239 2722
3 153 969 1709
3 377 969 1709
3 2095 2947 2948
3 1583 1720 1858
3 700 1156 1711
3 603 3927 4141
3 3900 4286 4287
3 3900 4285 4286
3 3283 3959 4192
3 3283 3959 3960
3 35 890 1506
3 732 1003 2685
3 732 2685 3448
3 3077 3078 4002
3 1551 1598 1766
3 1229 2019 2539
3 1061 1229 3382
3 1061 1229 1944
3 159 4044 4045
3 159 3895 4044
3 252 810 1718
3 252 542 1232
3 1508 2369 3155
3 345 599 1719
3 345 599 1605
3 3798 3976 3982
3 3976 3977 3982
3 1236 1414 3571
3 410 4104 4105
3 410 4104 4226
3 546 3157 3158
3 1351 3157 3158
3 971 3743 3848
3 971 3744 3848
3 1446 3614 3615
3 1812 3936 4049
3 1812 3936 4137
3 1391 3284 3286
3 1391 3285 3286
3 2449 4030 4150
3 2927 4002 4003
3 213 620 1728
3 817 1294 2684
3 1294 2120 2684
3 167 2271 2492
3 2271 2492 3427
3 167 2271 3427
3 1038 2402 2581
3 1038 2400 2402
3 313 1774 3442
3 313 1773 1774
3 2452 3896 3897
3 3042 3267 3276
3 1898 3042 3276
3 1799 2832 2833
3 568 633 2083
3 370 633 2083
3 50 67 2931
3 353 2239 2726
3 1551 1640 1736
3 1054 1640 1736
3 1411 2827 2828
3 2827 2828 2949
3 2032 3528 3617
3 1693 2486 2777
3 2435 2772 2774
3 1574 2785 2787
3 341 2462 3586
3 2023 3350 3351
3 2595 2597 3443
3 273 1496 1746
3 5 872 2076
3 582 598 1542
3 1002 1005 2025
3 189 1268 2270
3 189 2212 2270
3 205 1644 1645
3 1102 2004 3450
3 16 3934 3935
3 3933 3934 3935
3 265 833 2018
3 833 2018 2086
3 521 3915 4176
3 97 2964 2965
3 97 1567 2965
3 1435 1724 2214
3 559 898 3616
3 369 4033 4183
3 3720 4033 4183
3 1537 1793 3039
3 1537 1794 3039
3 1537 1793 1794
3 565 1938 3829
3 565 3828 3829
3 2442 2443 2694
3 670 1530 3272
3 434 1319 3645
3 416 918 3676
3 416 843 918
3 864 1889 2243
3 362 756 1983
3 298 756 1983
3 448 746 2885
3 1366 1456 2480
3 708 1731 4304
3 1436 2280 2281
3 2280 2281 3417
3 1190 2525 2526
3 360 2078 2079
3 325 360 2078
3 1105 1448 3111
3 1068 2571 2572
3 728 1717 2015
3 1269 1717 2015
3 240 1217 1806
3 1007 1699 1775
3 745 1699 1775
3 745 1202 1775
3 2267 4188 4430
3 2267 3970 4188
3 1660 3268 3486
3 1660 3268 3269
3 1147 1652 2342
3 648 1652 2342
3 892 1466 2480
3 155 812 4431
3 155 2450 4431
3 173 467 717
3 1344 2646 2647
3 1668 2955 3290
3 3858 3859 4345
3 58 234 2678
3 2631 4025 4222
3 983 2776 4217
3 983 2776 3995
3 2912 4310 4311
3 1711 3544 3545
3 556 3106 3107
3 430 3814 4361
3 430 3814 4299
3 1786 2464 3107
3 1350 2464 3107
3 1140 1531 1679
3 1140 1531 1786
3 810 1140 1679
3 2096 3233 3302
3 2096 2952 3302
3 837 1531 1786
3 281 1185 1856
3 281 1185 2331
3 1874 2812 2813
3 146 237 2120
3 146 237 3014
3 263 1217 1806
3 263 1217 1845
3 1170 1791 1792
3 822 1269 1781
3 822 1269 2014
3 533 681 2330
3 533 681 1550
3 784 2257 3711
3 640 2741 2742
3 1180 2741 2742
3 424 929 1901
3 424 929 1545
3 2529 2530 3217
3 2529 3217 3218
3 2835 3394 3395
3 1392 2835 3395
3 306 2638 2889
3 374 2638 2889
3 176 3339 3340
3 234 2092 2161
3 488 1821 2342
3 1604 2816 2817
3 112 2232 2235
3 112 1128 2235
3 1731 3295 3296
3 1243 1731 3295
3 1108 1475 1804
3 1168 1779 3374
3 1251 1680 2050
3 1251 2050 2061
3 1266 2214 2664
3 1070 1266 2664
3 2070 2463 3239
3 58 2678 3306
3 103 2024 2399
3 845 1641 3224
3 1641 2659 3224
3 2945 3611 3684
3 2113 3072 3675
3 169 322 1810
3 169 1726 1810
3 169 256 1726
3 4049 4050 4051
3 210 4049 4050
3 888 2180 3039
3 1278 2180 3039
3 1034 1286 1561
3 1100 1429 1954
3 1034 1100 1429
3 1 3759 3937
3 2337 4147 4148
3 182 277 1596
3 182 277 2714
3 1026 2215 2664
3 552 2287 2688
3 552 1529 2688
3 142 1630 2462
3 2 142 1630
3 2 142 2462
3 1870 2625 2719
3 930 2736 3850
3 798 988 1817
3 988 1042 1817
3 1778 3989 4248
3 1778 3989 4338
3 1042 1547 1817
3 1300 1547 1817
3 798 1765 1817
3 1300 1765 1817
3 889 1029 1854
3 1910 1911 2602
3 1208 2685 3448
3 1208 1642 2685
3 80 188 1573
3 701 1819 1822
3 959 2159 3736
3 1368 2996 3499
3 0 306 2889
3 1102 3121 3450
3 101 679 2858
3 101 679 2005
3 1386 3792 3793
3 1033 1089 2438
3 1089 1634 2438
3 3859 4186 4397
3 553 787 2002
3 204 619 1826
3 4 446 1137
3 4 1137 1827
3 4 1077 1827
3 227 2731 3128
3 1219 1622 1914
3 706 905 1830
3 1317 2583 2829
3 431 1627 3305
3 304 1627 3305
3 82 298 4377
3 82 298 472
3 1053 3096 3098
3 1275 3210 3852
3 228 726 3659
3 228 726 1745
3 1601 1845 3434
3 3626 3934 4079
3 252 1718 3380
3 252 2823 3380
3 2436 2772 2773
3 378 2498 2499
3 894 2178 2180
3 355 894 2180
3 327 2088 2561
3 327 2088 2089
3 158 3277 3916
3 158 3269 3277
3 1097 1432 1524
3 1432 1524 1871
3 371 2903 3338
3 308 371 2903
3 1419 2371 3800
3 1160 1554 2654
3 1160 1554 2100
3 45 3772 3773
3 2862 3815 4361
3 2862 3815 4389
3 673 1144 1998
3 673 1144 3513
3 280 718 1847
3 718 1847 1905
3 1367 2149 2430
3 161 698 1843
3 161 1213 1843
3 820 2585 3809
3 1673 3892 3893
3 3803 4133 4339
3 3695 4133 4339
3 653 1583 1720
3 267 896 2751
3 927 986 3067
3 310 1858 2415
3 909 1858 2415
3 909 1858 2650
3 1412 1816 2183
3 1816 2183 2645
3 868 977 3438
3 615 1853 1854
3 615 1237 1854
3 3485 4338 4406
3 3485 4337 4338
3 682 2069 2644
3 1029 1853 1854
3 483 736 2845
3 848 4214 4238
3 515 1490 2522
3 703 1503 2754
3 132 703 1503
3 69 352 2777
3 69 352 2177
3 687 3243 3244
3 687 1133 3243
3 21 612 1857
3 21 1109 1857
3 278 881 3757
3 278 881 2170
3 938 3905 3982
3 3698 3699 3702
3 1152 3698 3699
3 22 1861 2982
3 1698 2675 2679
3 1698 2675 2681
3 2107 2109 2110
3 1179 1860 1861
3 896 1569 1864
3 512 1224 1864
3 1685 1687 1865
3 2004 3235 3236
3 115 2004 3236
3 1087 4390 4422
3 1087 1363 4390
3 1204 1749 2273
3 960 1989 2545
3 1200 3708 3709
3 14 586 2785
3 635 907 3539
3 2304 2554 2555
3 1043 2345 2894
3 3749 4350 4384
3 3749 4359 4384
3 1541 2607 4407
3 945 2295 2718
3 2295 2297 2718
3 3760 4056 4057
3 3761 4056 4057
3 1383 3355 3357
3 446 2300 2461
3 1533 1562 2299
3 110 3288 3363
3 3288 3362 3363
3 351 1797 2440
3 562 3803 4339
3 906 2386 2387
3 890 2386 2387
3 577 1418 1882
3 1385 1790 3214
3 1276 2457 2459
3 60 2457 2459
3 1211 2652 4414
3 229 2652 4414
3 1952 3828 4306
3 1952 2705 4306
3 2944 3613 3616
3 2944 3612 3613
3 1325 2367 2893
3 484 2367 2893
3 429 1984 3722
3 773 1984 3722
3 1240 2194 2513
3 3861 3989 4248
3 1006 2890 2975
3 1006 2769 2890
3 1932 1933 2244
3 1899 2430 3133
3 1899 3133 3134
3 1092 1632 1893
3 3769 4159 4233
3 3769 4233 4308
3 1370 2264 3457
3 944 1478 1892
3 721 1478 1892
3 721 1892 1894
3 721 1478 1894
3 1390 1454 2982
3 151 568 870
3 491 2240 2726
3 1355 1892 1894
3 1355 1892 1893
3 851 2917 2918
3 1895 2916 2917
3 1895 2578 2916
3 837 899 1902
3 11 398 2040
3 11 2040 2781
3 839 2040 2781
3 56 839 2512
3 56 839 2781
3 303 428 856
3 2972 3229 3230
3 2032 2968 3617
3 84 765 2717
3 1591 1926 3576
3 346 2824 3701
3 2049 3052 3053
3 558 2049 3053
3 655 2717 2909
3 1557 1906 1907
3 1202 1557 1906
3 440 776 1908
3 440 776 1771
3 1483 1868 2795
3 915 1627 3870
3 113 3374 3375
3 701 1820 2007
3 1820 2007 2196
3 1974 2739 3451
3 1974 3451 3452
3 1704 3295 3296
3 1573 1910 1911
3 80 1573 1911
3 440 1908 1910
3 440 711 1771
3 368 711 1771
3 1908 1909 1910
3 4097 4128 4130
3 2008 4097 4128
3 502 525 1054
3 502 1054 2042
3 747 982 2040
3 1238 2054 2056
3 643 1238 2056
3 897 903 2054
3 897 903 1479
3 940 2051 2053
3 167 940 2051
3 77 206 2643
3 77 206 3197
3 939 1346 2149
3 939 1346 2929
3 939 2149 2929
3 1713 2833 2920
3 443 2010 2485
3 1142 2010 2485
3 277 1569 2714
3 277 1569 2722
3 2188 2586 2587
3 1314 2698 2699
3 1118 1314 2699
3 373 578 1523
3 373 1523 2164
3 871 1493 1732
3 33 1534 3178
3 1333 1534 3178
3 1175 1744 2433
3 129 1510 3635
3 1657 3582 3583
3 1136 1621 3552
3 1066 2445 2507
3 266 392 1930
3 380 1436 1657
3 438 666 1563
3 527 1152 3699
3 1281 2303 2554
3 1281 2303 2305
3 1061 3382 3391
3 301 1936 1937
3 119 1936 1937
3 803 1069 1769
3 739 790 1942
3 53 790 1942
3 2047 2599 3051
3 2047 2598 2599
3 2119 3539 3542
3 594 2151 3422
3 1226 2025 2577
3 147 1730 3353
3 18 147 3353
3 1305 2616 3014
3 981 1361 3193
3 981 1361 1681
3 1000 2026 2759
3 343 973 2133
3 343 973 1395
3 213 1728 4392
3 1586 1949 2657
3 1371 3871 4417
3 1123 3871 4417
3 2656 2657 2960
3 2656 2960 3111
3 2657 2960 3111
3 3695 3734 4339
3 1027 3481 3482
3 1027 3482 3549
3 1756 1957 1958
3 603 1756 1958
3 3060 4215 4216
3 2984 4221 4383
3 2984 3833 4383
3 1033 1089 2037
3 1033 1524 2037
3 749 1212 2855
3 2068 2816 2817
3 1335 1874 2812
3 370 638 2229
3 150 597 1958
3 150 330 597
3 848 3165 3783
3 1372 2555 2556
3 1372 2304 2555
3 203 1426 2665
3 1426 2591 2665
3 830 1703 3692
3 1458 2373 3498
3 29 3210 3891
3 3210 3852 3891
3 821 4204 4359
3 821 4204 4205
3 2354 2698 2902
3 1643 2354 2902
3 1238 3179 3180
3 769 1266 2395
3 769 1266 1520
3 769 1520 2395
3 2220 2257 3711
3 1385 3013 3214
3 194 2297 3890
3 2193 2297 3890
3 2663 3312 4390
3 1363 3312 4390
3 1453 2182 3339
3 1453 2170 3339
3 1231 1308 1689
3 1308 1689 2904
3 1577 3006 3007
3 612 631 1857
3 2544 3914 3915
3 1291 3914 3915
3 1109 1857 1966
3 1393 3848 3884
3 3848 3849 3884
3 1774 3685 3686
3 1084 2311 3373
3 1046 1084 2311
3 1117 3052 3378
3 1117 2800 3378
3 902 936 4352
3 1700 2523 2524
3 274 2523 2524
3 1290 1452 2182
3 418 1452 2182
3 1086 1359 3347
3 2434 2453 2481
3 636 3036 3794
3 434 670 1971
3 257 434 670
3 337 2222 2956
3 492 1221 2018
3 492 2018 2086
3 2229 2276 2277
3 460 1538 2317
3 1538 2317 2840
3 160 3933 3935
3 160 3935 4419
3 1258 3689 3691
3 576 3508 4334
3 521 987 3915
3 1192 1729 2084
3 1192 2084 3234
3 1045 1111 1800
3 1111 1800 1982
3 314 414 2128
3 711 2602 4270
3 1756 1957 3546
3 450 3080 3081
3 190 570 3381
3 570 3381 3384
3 450 2397 3080
3 1662 1881 2298
3 1662 1881 2445
3 129 1209 2245
3 2356 2946 2947
3 1526 1527 3035
3 2356 2358 2946
3 1705 3735 3742
3 521 3735 3742
3 2155 2695 2913
3 997 1947 3831
3 341 1671 2462
3 2380 2381 2739
3 1974 2381 2739
3 654 795 2022
3 1631 3232 3233
3 1631 3231 3232
3 1236 2133 2134
3 1292 2400 3116
3 2951 2952 3010
3 2119 2951 2952
3 2927 3077 3563
3 2927 3077 4002
3 1600 1651 3446
3 240 1600 1651
3 1451 2805 2806
3 183 1661 1815
3 183 1815 2566
3 566 1680 3081
3 1403 1430 3602
3 255 2072 4401
3 2072 3415 4401
3 1328 2755 2756
3 2452 3898 4136
3 383 1960 2011
3 1131 1593 2622
3 1131 2345 2622
3 320 1375 1873
3 1663 1960 2011
3 1142 1663 2011
3 1375 1873 2011
3 1375 2010 2011
3 2337 4145 4146
3 2337 4145 4147
3 1405 2481 4184
3 1778 4337 4338
3 1171 1809 3469
3 1171 1807 3469
3 1791 1792 2013
3 164 1791 2013
3 1170 1406 2340
3 1170 1406 2199
3 442 792 3220
3 442 2532 3220
3 193 2870 4335
3 999 1397 3246
3 1397 3101 3246
3 920 2098 2381
3 13 2098 2381
3 2515 3130 3131
3 928 2414 3342
3 2414 3341 3342
3 2323 2324 3388
3 1289 2185 3162
3 464 2822 3094
3 2048 2598 2940
3 200 1226 2026
3 3861 3988 3989
3 1615 1762 3645
3 1220 2076 2077
3 5 2076 2077
3 1001 1003 2831
3 518 1267 2216
3 446 2278 2451
3 446 478 2451
3 3626 4080 4082
3 3626 4082 4231
3 644 887 3069
3 887 3069 3071
3 545 1494 2333
3 663 806 2333
3 749 1212 2853
3 245 2032 2034
3 245 1185 2034
3 245 1185 1856
3 791 807 2456
3 807 1584 2456
3 1163 1638 3185
3 1163 1638 1670
3 469 1734 2843
3 2243 2244 2474
3 563 2243 2244
3 1045 1613 2131
3 1045 2131 2272
3 1222 2131 2272
3 1163 1670 2042
3 1054 1163 2042
3 3311 3331 3332
3 1161 1570 2044
3 185 1161 2044
3 1570 1571 2044
3 197 322 2275
3 2048 2599 2600
3 2048 2598 2599
3 2047 2595 2598
3 948 4018 4019
3 948 3732 4018
3 1529 3019 3020
3 3019 3020 3264
3 1680 1995 2050
3 566 1680 1995
3 903 1479 1961
3 903 1961 2056
3 441 2350 2351
3 445 617 2062
3 1276 2459 2804
3 2160 2459 2804
3 1703 2859 4041
3 1350 1408 3106
3 1408 3105 3106
3 903 2054 2056
3 388 1351 3572
3 388 3572 3573
3 587 2189 3721
3 435 3219 3457
3 3836 4206 4207
3 1415 4030 4031
3 394 1992 3102
3 173 717 2135
3 315 1903 2261
3 1848 1903 2261
3 1209 1992 3102
3 1472 3086 3495
3 27 3086 3495
3 1676 2209 2886
3 1216 1676 2209
3 2209 2210 2886
3 1678 2882 2886
3 306 2636 2638
3 1769 1770 2064
3 822 1781 2836
3 1781 2836 2837
3 866 2014 2064
3 822 866 2014
3 866 1769 2064
3 728 1770 2015
3 1770 2015 2064
3 2014 2015 2064
3 1121 1522 2419
3 473 1885 2841
3 329 473 2841
3 1057 1739 1741
3 1057 1741 2071
3 102 1057 2071
3 895 3833 4015
3 895 4014 4015
3 700 1325 2367
3 1228 1888 3931
3 1460 2130 3355
3 422 1460 2130
3 1721 3963 4395
3 3961 3963 4395
3 203 1426 1841
3 959 2159 4313
3 2159 2894 4313
3 1046 1084 2509
3 1046 2509 2510
3 587 694 1751
3 587 1751 3721
3 476 1266 2214
3 476 1266 1520
3 1682 4106 4107
3 1010 1220 2077
3 1010 2077 2467
3 120 2055 2082
3 120 797 2055
3 698 1843 3587
3 1843 1928 3587
3 120 797 1609
3 120 1481 2082
3 126 3318 3319
3 126 2784 3319
3 130 790 1941
3 130 1941 4061
3 1339 1398 3236
3 1339 1398 1594
3 3767 3958 4192
3 203 1870 2719
3 3009 4086 4087
3 882 4086 4087
3 70 629 1553
3 70 629 2115
3 1073 1305 1416
3 1073 1305 2558
3 1044 2694 2695
3 1316 1486 2470
3 1316 1486 1975
3 1316 1975 2157
3 1316 2157 2470
3 3058 4073 4083
3 3058 4073 4074
3 496 1754 3431
3 1339 1594 2345
3 774 3679 3680
3 1416 3679 3680
3 494 932 1549
3 785 3231 3232
3 292 1385 3013
3 292 1385 2135
3 1411 1785 2827
3 147 1056 1730
3 393 4165 4412
3 393 567 4165
3 177 911 1127
3 911 1127 3541
3 3689 3690 3691
3 791 3689 3690
3 1280 2252 2770
3 1737 2993 2994
3 1737 2994 2995
3 32 3097 3282
3 32 3097 3100
3 925 2176 3409
3 925 3225 3409
3 1610 2210 2212
3 407 2105 2163
3 407 2162 2163
3 1330 2106 2593
3 1421 1948 2110
3 1331 2107 2110
3 1554 2041 2111
3 1019 1554 2041
3 1948 2041 2111
3 1895 2579 2655
3 1895 2578 2579
3 2579 2580 2655
3 892 1088 2112
3 1235 2689 2690
3 2710 2711 2845
3 1235 2690 2710
3 2690 2710 2845
3 899 1902 2116
3 1901 1902 2116
3 2443 2694 2695
3 728 1284 1770
3 3873 3874 4332
3 1138 1644 1645
3 750 3670 3673
3 1723 3671 3673
3 750 1723 3673
3 346 527 3699
3 346 3699 3700
3 860 2852 3600
3 860 2761 3600
3 508 1178 3686
3 93 1883 2381
3 13 93 2381
3 1306 3581 3583
3 1152 1694 3697
3 1152 1694 2474
3 254 320 2621
3 434 1971 3645
3 994 1695 3697
3 1255 2817 3639
3 2817 3639 3640
3 299 342 2161
3 739 1941 2506
3 1277 1941 2506
3 62 667 870
3 667 870 3088
3 60 87 2124
3 2563 3739 3740
3 436 3449 3585
3 1222 2038 2131
3 209 2038 2131
3 1952 2705 3844
3 1371 3165 4417
3 1371 3164 3165
3 1315 1629 2132
3 696 1692 2132
3 696 1629 2132
3 104 3593 3998
3 343 2133 2134
3 319 2262 2263
3 319 471 2262
3 530 3593 3998
3 1096 1236 2134
3 1096 1236 1414
3 1096 1492 2134
3 1138 1644 1646
3 1283 2517 2519
3 658 2319 2513
3 658 664 2513
3 658 664 3952
3 1205 1862 3201
3 1716 2681 2976
3 1378 2681 2976
3 340 955 3150
3 99 881 2403
3 881 2403 2518
3 1544 3311 3950
3 1544 3926 3950
3 3926 3927 3950
3 759 972 2514
3 759 972 1884
3 613 1653 1885
3 613 1885 2841
3 1721 3963 4348
3 489 2430 2431
3 489 2431 3335
3 23 323 786
3 23 323 3213
3 1099 1348 2645
3 464 3092 3094
3 1331 2107 2147
3 1331 2059 2147
3 259 853 1995
3 259 1995 2943
3 1636 3335 3336
3 3746 3747 4191
3 514 1753 2150
3 299 514 1753
3 151 514 568
3 151 847 2092
3 937 2973 3207
3 1490 2973 3207
3 3749 4236 4350
3 3749 4235 4236
3 735 3018 3411
3 735 3018 3410
3 1211 1946 1947
3 1947 3831 3842
3 1842 3126 3284
3 1121 1522 2420
3 395 1522 2420
3 1914 1915 2156
3 1219 1914 1915
3 1376 2125 2339
3 647 661 1372
3 661 1372 2755
3 582 1261 2757
3 582 1261 2249
3 415 1650 2002
3 415 1650 2158
3 1650 1976 2158
3 132 1650 1976
3 415 1487 2158
3 1487 1975 2158
3 1498 2868 2869
3 1498 2869 2878
3 771 1986 2163
3 1986 2105 2163
3 771 1264 2163
3 1264 2162 2163
3 1607 1919 3579
3 1916 1919 3579
3 1607 1918 3579
3 345 1523 2104
3 771 1264 3623
3 1264 3622 3623
3 2176 2269 3409
3 771 1075 3577
3 771 1075 3623
3 2172 3377 3378
3 774 1670 2169
3 774 2169 3680
3 52 951 2549
3 376 3301 3302
3 1427 3360 3361
3 287 3360 3361
3 134 1427 1680
3 1427 1680 3081
3 3768 4039 4402
3 441 2349 2350
3 462 1937 4035
3 119 462 1937
3 1241 2175 2176
3 200 2175 2176
3 2289 3056 4264
3 1386 3056 4264
3 2434 2481 4184
3 200 1733 2176
3 324 1404 2177
3 95 2749 2750
3 3117 3118 3491
3 137 3117 3491
3 2219 2260 2391
3 758 1597 2221
3 356 758 1597
3 1026 2394 3146
3 116 384 2724
3 116 384 3920
3 588 2024 3197
3 206 2024 3197
3 252 810 2464
3 252 542 2464
3 810 1140 2464
3 1140 1786 2464
3 3908 4103 4104
3 3908 4104 4226
3 1348 3092 3094
3 72 2890 2975
3 747 982 2207
3 865 982 2207
3 1391 2311 3127
3 985 998 2383
3 1507 2911 3775
3 276 1507 2911
3 1097 1394 3371
3 1097 1394 1524
3 900 945 1431
3 913 4121 4433
3 3399 4121 4433
3 781 924 3463
3 781 908 924
3 1054 1163 1640
3 1163 1640 3185
3 1209 1992 2914
3 1067 1745 3037
3 1067 2556 3037
3 2759 2760 3215
3 1000 2759 3215
3 525 1054 1736
3 994 1694 3697
3 356 1244 2204
3 1063 1244 1736
3 525 1063 1736
3 83 312 2017
3 83 2017 2767
3 13 2483 2487
3 2484 2487 2488
3 2145 2422 3437
3 1118 2145 2422
3 1814 3589 3605
3 439 3704 3953
3 703 2752 2754
3 132 703 2752
3 69 444 2211
3 926 1227 1912
3 2125 2338 2505
3 60 2338 2505
3 455 1972 3314
3 3948 4236 4409
3 66 4236 4409
3 125 3312 4327
3 125 4327 4328
3 337 2811 2812
3 1335 2811 2812
3 426 1064 2224
3 366 1972 2238
3 633 1533 2278
3 370 633 2278
3 1419 1780 2228
3 2293 2294 2372
3 1074 2294 2372
3 131 3354 3356
3 1383 3354 3356
3 104 922 3868
3 104 3868 4272
3 370 2277 2278
3 524 2669 3514
3 524 3513 3514
3 2226 2276 2277
3 291 3955 3956
3 3955 3956 3958
3 2641 2871 3027
3 1056 1192 1730
3 1056 1192 3234
3 1070 1266 2395
3 427 1240 3168
3 427 1240 2319
3 917 2102 2455
3 209 917 2992
3 1116 2281 3417
3 830 1747 3551
3 269 830 1747
3 1129 2234 2236
3 479 2865 4246
3 479 2865 3717
3 543 1200 3709
3 543 1867 3709
3 86 353 2239
3 86 2239 2241
3 86 353 1734
3 86 1734 1735
3 86 1735 2241
3 2651 4161 4163
3 1387 3078 4014
3 1387 3077 3078
3 2802 3078 4002
3 353 491 1734
3 435 1470 3033
3 435 1470 3457
3 296 439 3701
3 346 3700 3701
3 719 884 3183
3 121 3483 3484
3 121 3484 3518
3 1497 2046 3738
3 3724 3937 4269
3 2087 3937 4269
3 603 1756 4141
3 1756 4138 4141
3 2226 2277 2451
3 478 2226 2451
3 2786 2792 3594
3 14 2792 3594
3 14 1741 2792
3 14 1739 1741
3 1280 1575 2252
3 1169 2435 2774
3 69 649 3595
3 460 1271 2317
3 1237 2648 2649
3 1184 1784 3385
3 570 1467 2254
3 1112 1467 2254
3 181 1112 2254
3 181 1112 2203
3 431 1171 1809
3 3485 4364 4406
3 763 3120 3121
3 1877 2830 3280
3 325 1877 2830
3 2697 3333 4036
3 2697 3333 4123
3 171 518 3262
3 1132 1587 2258
3 1132 1587 1589
3 382 3285 3344
3 382 3285 3288
3 106 3461 3462
3 106 456 3462
3 1141 1653 2428
3 1076 1700 3108
3 1648 2263 2264
3 892 1088 2480
3 1088 1366 2480
3 841 2075 3295
3 2075 3294 3295
3 656 788 4180
3 517 992 2496
3 768 2970 3328
3 1078 1297 2356
3 3582 3583 3584
3 1078 2666 2667
3 545 572 1494
3 1612 1772 3292
3 1685 1772 3292
3 429 1572 1984
3 1572 1984 2444
3 105 817 2279
3 324 2177 3196
3 496 692 2686
3 2443 2444 2695
3 533 632 4237
3 533 3192 4237
3 10 2748 2749
3 380 1436 2155
3 1436 2155 2281
3 171 1572 2444
3 171 2443 2444
3 973 2133 2219
3 973 2219 2391
3 552 2284 2286
3 702 2284 2286
3 298 1983 3131
3 405 873 1564
3 1359 3346 3347
3 3 1664 2689
3 3 405 1664
3 3149 3497 3498
3 2910 4067 4068
3 192 4217 4347
3 470 849 3055
3 470 2437 3055
3 472 2293 2294
3 1037 1107 2899
3 676 1767 3648
3 676 1767 3907
3 3836 4207 4208
3 360 2079 2298
3 360 1881 2298
3 3720 4033 4034
3 4033 4034 4252
3 102 2071 2446
3 687 3244 3422
3 2 480 639
3 1053 3098 3282
3 200 1732 1733
3 200 1226 1732
3 367 1226 1732
3 18 1632 2925
3 367 871 2301
3 367 871 1732
3 267 896 1176
3 1305 1416 2616
3 21 660 1405
3 21 660 1109
3 161 1931 2454
3 750 793 2778
3 531 750 2778
3 752 3985 4067
3 1937 2725 4035
3 779 2725 4035
3 1109 1262 1966
3 349 1262 1966
3 349 1262 2302
3 660 1109 1262
3 1472 3085 3086
3 317 723 2590
3 723 2590 4392
3 31 762 2867
3 31 762 2500
3 762 2500 2501
3 620 651 1728
3 599 762 2501
3 599 762 1827
3 1359 3346 3349
3 688 3191 3192
3 3704 3705 3706
3 1393 3715 3743
3 882 3715 3743
3 782 882 3715
3 1228 3782 3930
3 1228 3930 3931
3 1425 3156 3227
3 2729 2730 3400
3 2314 2728 2730
3 872 2472 2732
3 684 1538 2840
3 757 2936 2937
3 427 725 2319
3 427 725 1565
3 2392 2520 3180
3 3690 3691 3692
3 1194 2255 2321
3 1194 1463 2255
3 374 2910 4068
3 3290 3291 3364
3 1761 3290 3291
3 508 1178 2324
3 1178 2323 2324
3 820 2585 3389
3 820 3388 3389
3 2012 3983 3984
3 2012 3983 3992
3 136 152 2325
3 3750 3839 4358
3 550 625 1659
3 592 1796 1900
3 1796 1900 2328
3 592 1796 2328
3 592 1076 1900
3 6 1431 3724
3 888 1135 1793
3 1249 2239 2241
3 1249 2239 2726
3 1793 2327 2328
3 1135 1793 2327
3 1900 2327 2328
3 544 545 2333
3 224 663 2333
3 224 544 2333
3 164 966 2334
3 336 2013 2334
3 164 2013 2334
3 1 2587 3759
3 402 552 1584
3 809 1823 4152
3 809 1822 1823
3 2246 2247 2416
3 1509 2247 2416
3 184 2246 2416
3 1224 1664 1863
3 1664 1863 2689
3 162 2478 3375
3 162 3374 3375
3 1041 1119 2389
3 1041 2389 3321
3 1706 3249 3250
3 1819 2342 2343
3 1819 1821 2342
3 2120 2168 2684
3 58 2016 2344
3 18 147 1920
3 18 1920 2925
3 4194 4207 4208
3 2427 3942 4243
3 447 2427 3942
3 623 1951 3843
3 1951 3308 3843
3 365 1508 2349
3 310 2349 2350
3 349 981 2302
3 349 981 3193
3 466 4174 4175
3 976 1517 2354
3 1517 1643 2354
3 40 180 2729
3 180 2729 2730
3 1577 3007 3008
3 374 2889 2910
3 1449 2889 2910
3 666 691 1580
3 2288 2289 3056
3 1464 3647 3648
3 43 500 3011
3 237 2120 2168
3 907 1078 2950
3 79 3319 4220
3 3319 3629 4220
3 43 877 1099
3 43 1099 3011
3 826 3707 3918
3 373 3622 3623
3 373 2164 3622
3 753 1522 1912
3 753 1522 2419
3 683 2074 2809
3 55 949 1410
3 288 1230 3251
3 1050 2923 3250
3 242 2923 3250
3 219 2306 2365
3 219 1154 2306
3 31 294 2500
3 54 2686 2687
3 2136 3632 3800
3 714 3632 3800
3 648 1841 3034
3 1279 2468 2469
3 1279 2469 2861
3 2608 3820 3823
3 24 2556 3037
3 24 543 3037
3 1431 3724 4269
3 88 136 1420
3 566 853 3083
3 1074 4354 4391
3 2417 4354 4391
3 3635 3636 3637
3 129 3635 3637
3 379 3402 3403
3 964 1926 3177
3 1923 1926 3177
3 301 974 2285
3 301 2285 2376
3 301 1936 2376
3 119 413 1936
3 3576 3577 3578
3 199 1493 2490
3 199 845 1493
3 1301 1664 2378
3 1224 1301 1664
3 449 1301 2379
3 1301 2378 2379
3 873 2378 2379
3 873 2152 2379
3 1145 1661 1815
3 599 1605 1827
3 3216 4072 4073
3 3216 4073 4074
3 2020 2152 2379
3 449 2020 2379
3 920 2380 2381
3 383 920 2380
3 446 1137 2461
3 437 910 3453
3 437 1883 3453
3 255 1662 2582
3 163 255 1662
3 89 1247 2715
3 89 376 1247
3 376 1247 3301
3 334 4316 4318
3 334 3490 4318
3 340 953 3150
3 340 953 2217
3 387 403 1535
3 429 1535 1645
3 429 1535 1572
3 1535 1572 2388
3 2021 3381 3384
3 853 1839 3083
3 853 1838 1839
3 713 955 2373
3 697 3149 3706
3 953 1026 2217
3 340 713 955
3 713 2216 2388
3 340 713 2216
3 340 2216 2217
3 2215 2216 2217
3 2743 2747 2748
3 10 2743 2748
3 518 2216 2388
3 518 1572 2388
3 171 518 1572
3 65 742 2696
3 65 742 1613
3 437 2002 3154
3 955 3148 3497
3 955 3497 3498
3 1097 2494 2495
3 1097 2494 3371
3 2197 3147 3150
3 2197 3147 3151
3 821 4359 4369
3 179 529 3064
3 179 529 3153
3 2197 3148 3150
3 1239 2190 2398
3 377 2190 2398
3 729 985 2399
3 729 985 2383
3 103 1649 2399
3 1649 1748 2399
3 206 2643 2644
3 103 206 2644
3 51 1292 2400
3 2400 2401 2402
3 326 2401 2402
3 326 2402 2581
3 1836 3812 3816
3 1836 3816 3818
3 2432 4239 4240
3 2432 4240 4242
3 217 1511 4240
3 217 4240 4242
3 1370 1471 3457
3 884 1711 3543
3 1711 3543 3544
3 927 941 986
3 927 941 2708
3 1197 1776 1777
3 1197 1777 2404
3 1197 1776 2341
3 803 1769 2410
3 1769 1770 2410
3 385 4030 4168
3 385 4030 4150
3 571 2424 2426
3 433 3274 4069
3 433 619 3274
3 84 765 3363
3 84 3362 3363
3 2494 3114 3371
3 110 261 3363
3 261 2465 3363
3 836 1586 2657
3 2115 2523 3238
3 274 2115 2523
3 629 2115 3024
3 629 2508 3024
3 3009 4087 4093
3 4048 4087 4093
3 1855 2773 3804
3 1855 3804 3805
3 532 1763 4437
3 695 1763 4437
3 79 3657 4251
3 369 4032 4033
3 1834 4032 4378
3 128 4107 4324
3 3777 4107 4324
3 2312 4324 4381
3 128 1461 4324
3 1461 4324 4381
3 3902 3903 4430
3 3903 4188 4430
3 357 1696 4386
3 357 636 4386
3 636 3794 4386
3 3986 4387 4388
3 3988 4387 4388
3 3860 3986 4388
3 3860 4185 4388
3 3988 4185 4388
3 1492 4151 4391
3 2417 4151 4391
3 3746 3894 3896
3 2153 4235 4394
3 3748 4235 4394
3 630 4038 4099
3 2573 4366 4398
3 2573 4397 4398
3 2571 4366 4398
3 1024 4397 4398
3 19 3493 4399
3 19 284 3493
3 3494 3869 4399
3 482 3869 4101
3 482 3868 3869
3 19 3869 4399
3 19 3868 3869
3 19 3868 4272
3 19 284 4272
3 482 4023 4102
3 482 4023 4100
3 3949 4200 4209
3 3494 4321 4399
3 3493 4321 4399
3 3819 3820 4415
3 737 1720 4405
3 1720 2653 4405
3 2628 2653 4405
3 737 3845 4405
3 2628 3845 4405
3 1399 4076 4407
3 1399 4076 4380
3 1399 1541 4407
3 269 825 957
3 269 830 957
3 830 957 1703
3 825 957 1633
3 3969 4348 4410
3 3826 4348 4410
3 2073 3886 4331
3 2073 3886 4094
3 3886 4094 4413
3 2073 4328 4329
3 2073 4328 4331
3 2090 3903 3973
3 2663 4390 4422
3 2663 4301 4422
3 3996 4301 4422
3 3628 3908 4421
3 3628 3908 4103
3 3846 3908 4421
3 3778 4007 4008
3 3778 4007 4103
3 3628 4007 4103
3 3628 4006 4007
3 3846 3904 4421
3 3846 3901 3904
3 634 813 3791
3 634 813 4424
3 813 1505 4424
3 913 4356 4433
3 207 3166 4429
3 3166 3783 4429
3 848 3783 4429
3 290 848 4429
3 3166 3878 4432
3 3399 3878 4432
3 207 3166 4432
3 3399 4121 4432
3 207 4121 4432
3 1964 3688 4434
3 3399 3877 4433
3 3777 4105 4435
3 3777 4324 4435
3 2312 4324 4435
3 2312 4225 4435
3 410 4225 4435
3 3720 4034 4436
3 4197 4384 4440
3 1607 1918 4439
3 1607 1949 4439
3 1918 2052 4439
3 2052 4438 4439
3 1186 4438 4439
3 1186 1949 4439
3 44 3899 4287
3 2322 2375 4278
3 1169 2375 4278
3 397 4017 4427
3 3004 4017 4427
3 3837 4206 4207
3 513 3390 4245
3 755 3390 4245
3 755 3815 4245
3 792 2768 4373
3 646 2865 3496
3 68 447 4246
3 68 447 3940
3 68 3911 3940
3 3028 3911 3940
3 3028 3940 3941
3 68 3910 3911
3 68 479 4246
3 68 479 3910
3 3658 3834 4251
3 1511 4021 4022
3 885 3834 4153
3 1675 2542 4294
3 794 2542 4294
3 2574 4187 4257
3 2574 3859 4187
3 813 3791 4263
3 813 4135 4263
3 3789 3857 4127
3 3789 3857 4255
3 832 2612 4259
3 2574 3858 3859
3 2574 3857 3858
3 2574 3857 4255
3 2574 4255 4256
3 919 4310 4311
3 229 3844 4414
3 39 3844 4414
3 4256 4257 4258
3 2574 4256 4257
3 3859 4186 4187
3 2613 4257 4258
3 2613 4187 4257
3 1215 1951 1953
3 1215 1953 4423
3 647 2544 2557
3 2544 2557 4400
3 24 2556 2557
3 24 2557 4400
3 284 3835 4272
3 3472 3835 3998
3 2608 3774 4282
3 2608 3764 4282
3 1462 3881 4332
3 3872 3881 4332
3 4040 4275 4276
3 453 1165 2085
3 3749 3841 4235
3 3749 3841 4359
3 4201 4202 4274
3 92 140 2713
3 4202 4203 4274
3 79 4251 4293
3 79 4220 4293
3 3658 4251 4293
3 4220 4222 4293
3 3987 4289 4291
3 744 794 4294
3 1752 3888 4296
3 3773 3774 4415
3 1293 3823 4298
3 1293 4084 4298
3 3755 3824 4298
3 1123 3878 4417
3 125 408 4329
3 125 4328 4329
3 630 2820 4038
3 630 2820 4377
3 3158 3159 4300
3 1351 3158 3159
3 3159 4227 4228
3 3159 4228 4300
3 1106 3158 4300
3 1106 3158 4163
3 275 3829 4305
3 3828 3829 4305
3 233 3828 4305
3 266 275 4305
3 233 266 4305
3 919 4309 4310
3 145 276 2911
3 3351 3776 4309
3 1349 3776 4309
3 2023 3351 4262
3 534 3351 4309
3 534 3351 4262
3 2023 3854 4262
3 2188 2587 4434
3 2188 3688 4434
3 387 2624 4314
3 46 1645 4314
3 46 2624 4314
3 1535 1645 4314
3 387 1535 4314
3 4047 4308 4317
3 408 4047 4317
3 3493 4320 4321
3 1721 3948 3969
3 238 4320 4321
3 238 4319 4320
3 2784 3629 4322
3 3494 4321 4322
3 3494 3629 4322
3 2090 3973 4426
3 3905 3973 4426
3 2008 4023 4323
3 4023 4102 4323
3 79 3657 4234
3 331 4102 4325
3 331 4102 4323
3 2310 4177 4349
3 1352 4080 4081
3 1352 3226 4081
3 3226 4081 4326
3 3159 4081 4326
3 1351 3159 4326
3 1351 3226 4326
3 388 1351 3226
3 3115 3886 4331
3 3115 4328 4331
3 3115 3807 4376
3 1959 3807 4376
3 1380 4367 4368
3 1388 3816 3817
3 913 3945 4120
3 386 3945 4120
3 34 3945 4336
3 34 386 3945
3 34 4157 4273
3 34 4157 4336
3 34 3925 4273
3 34 386 3925
3 386 3925 4123
3 3333 3925 4123
3 3946 4156 4157
3 3946 4157 4336
3 821 4040 4205
3 160 3902 4419
3 1265 2167 4341
3 1513 2167 4341
3 1513 3921 4341
3 2206 4343 4344
3 28 2206 4344
3 1149 4342 4343
3 1149 2206 4343
3 457 3632 4370
3 457 3228 3632
3 291 3858 4345
3 291 3957 4345
3 3980 4289 4346
3 3980 4223 4346
3 4288 4289 4346
3 36 4288 4346
3 36 4223 4346
3 45 3773 3774
3 45 3774 4413
3 1968 1999 2326
3 300 638 2150
3 165 300 1977
3 165 1753 4351
3 165 300 1753
3 300 1753 2150
3 2479 3489 4393
3 2478 2479 3489
3 432 3489 4393
3 1460 2590 4392
3 159 3747 4045
3 3747 4045 4394
3 3748 4045 4394
3 4212 4213 4355
3 4210 4212 4355
3 4058 4203 4210
3 226 457 4423
3 3996 4036 4362
3 4036 4125 4362
3 290 4125 4362
3 1939 2607 4407
3 1288 4140 4363
3 3110 4140 4363
3 1288 2572 4363
3 2571 3110 4363
3 2571 2572 4363
3 630 4063 4099
3 630 4062 4063
3 1939 3719 4076
3 1939 4076 4407
3 956 3654 4365
3 956 3654 3656
3 956 4034 4365
3 3653 3654 3656
3 3654 4280 4365
3 3654 4279 4280
3 3655 4034 4365
3 3655 4034 4252
3 2573 3957 4345
3 2573 3957 4366
3 2571 3110 4366
3 174 3110 4364
3 3110 3957 4364
3 3110 3957 4366
3 1388 3812 3816
3 576 3817 4368
3 576 3817 3818
3 576 4367 4368
3 576 3508 4367
3 714 2371 3800
3 714 2371 4371
3 168 796 2288
3 168 2288 4424
3 2090 3901 3902
3 3901 3902 4419
3 1623 3038 4373
3 2090 3901 3904
3 2090 3902 3903
3 3115 3886 4376
3 38 3886 4376
3 1959 4375 4376
3 38 4375 4376
3 874 3832 4066
3 3832 4066 4378
3 1834 4066 4378
3 532 3137 4437
3 2003 4022 4023
3 4022 4023 4095
3 970 3946 4336
3 1334 3638 4281
3 3636 3638 4281
3 100 4239 4240
3 100 1511 4240
3 217 4095 4096
3 217 411 4096
3 335 3791 3792
3 335 1658 3792
3 1658 3864 4098
3 1658 3792 3864
3 186 530 3864
3 186 3864 4098
3 186 530 4039
3 970 3945 4356
3 913 3945 4356
3 3060 3163 4214
3 186 1884 4098
3 72 1884 4098
3 3869 4101 4425
3 3494 3869 4425
3 597 1959 4382
3 1959 3807 4382
3 104 922 3593
3 1682 4107 4108
3 128 4107 4108
3 128 656 4108
3 656 4108 4109
3 1682 4108 4109
3 1682 4109 4110
3 4112 4113 4114
3 788 4112 4113
3 970 3906 4113
3 970 4113 4114
3 3695 4131 4132
3 970 4114 4115
3 970 3946 4115
3 1682 4013 4119
3 4009 4013 4119
3 4008 4009 4119
3 1028 4279 4280
3 1712 4111 4117
3 4008 4106 4119
3 1682 4106 4119
3 627 4152 4357
3 859 4147 4357
3 627 4147 4357
3 210 1751 4181
3 411 4097 4131
3 4097 4130 4131
3 3836 4057 4126
3 207 4121 4124
3 3761 4057 4126
3 3695 4132 4133
3 3789 3856 4126
3 3789 3854 3856
3 4121 4122 4124
3 4120 4121 4122
3 3761 3856 4126
3 393 3968 3969
3 393 3968 4412
3 4062 4063 4129
3 813 1505 4135
3 3695 4131 4134
3 411 4131 4134
3 879 4168 4169
3 562 879 4169
3 1341 1491 4062
3 1341 4130 4132
3 895 3875 4221
3 1341 3694 4132
3 2637 3885 4136
3 276 3509 4137
3 1507 3936 4137
3 276 1507 4137
3 1756 1782 3546
3 1756 1782 4138
3 1288 4139 4140
3 1288 1782 2572
3 1288 1782 4138
3 1369 3972 4188
3 1369 3970 4188
3 3956 3957 4364
3 3485 3956 4337
3 3485 3956 4364
3 1326 3753 4142
3 388 3226 4396
3 676 2006 4144
3 676 1823 4144
3 679 2005 2006
3 679 2006 4144
3 1823 2858 4144
3 679 2858 4144
3 1149 1633 4342
3 574 3896 3897
3 574 3897 4219
3 2859 4145 4147
3 501 2336 3921
3 501 760 2336
3 760 2336 4148
3 760 4148 4149
3 188 3536 4149
3 80 188 3536
3 760 3536 4149
3 501 760 3536
3 859 2859 4147
3 627 4147 4149
3 2087 3937 4355
3 1096 1492 4151
3 2449 4150 4151
3 1096 2449 4151
3 1096 1414 2449
3 192 1738 4217
3 192 1738 3120
3 1459 3919 4234
3 79 3919 4234
3 191 4065 4154
3 191 2887 4065
3 191 2583 2887
3 809 3293 4155
3 809 4152 4155
3 627 4152 4155
3 188 4149 4155
3 627 4149 4155
3 188 3293 4155
3 3960 3961 4179
3 3794 3795 4386
3 1696 3795 4386
3 3060 3912 4158
3 3912 4158 4159
3 1624 4050 4296
3 1624 4050 4051
3 608 3059 4238
3 3059 4214 4238
3 3731 4161 4162
3 3731 3874 4162
3 1462 3874 4162
3 956 3656 4436
3 956 4034 4436
3 564 708 3632
3 564 708 4304
3 1102 3121 3866
3 3774 3886 4413
3 38 3774 3886
3 562 3803 4169
3 385 4168 4169
3 385 3803 4169
3 1339 2345 4171
3 2345 2894 4171
3 1543 2894 4171
3 273 1746 4173
3 1746 2469 4173
3 466 2469 4173
3 1291 2543 2762
3 2310 3735 4177
3 521 3735 4177
3 634 2288 3056
3 634 2288 4424
3 521 4176 4177
3 2764 4176 4177
3 1159 3965 4178
3 1767 3907 4357
3 1751 4181 4182
3 694 1751 4182
3 331 4063 4099
3 331 4063 4323
3 2544 4092 4400
3 1867 4092 4400
3 369 2928 4183
3 885 2928 4183
3 821 4040 4249
3 821 4249 4369
3 330 3312 3807
3 2073 4329 4330
3 162 2479 4416
3 162 2478 2479
3 408 4047 4329
3 4047 4329 4330
3 1024 4084 4186
3 1024 3755 4084
3 3903 3972 4188
3 124 2261 4271
3 124 315 2261
3 100 497 1511
3 388 3574 4396
3 2663 4301 4302
3 3949 4199 4200
3 3837 4194 4207
3 290 848 4215
3 3997 4215 4216
3 290 3997 4215
3 792 1471 4373
3 1471 1623 4373
3 28 3750 4344
3 1692 2137 3952
3 1922 3875 4221
3 2571 4398 4403
3 1024 4398 4403
3 291 3858 3954
3 520 4284 4290
3 4058 4210 4212
3 3789 3854 4255
3 3854 4255 4256
3 1568 3993 3994
3 1568 3994 4243
3 583 4202 4203
3 1068 2571 4403
3 4200 4202 4209
3 3191 3192 4237
3 1590 3191 4237
3 4040 4205 4275
3 4201 4205 4275
3 3837 4194 4211
3 4032 4033 4252
3 1834 4032 4252
3 3766 4197 4198
3 3766 4198 4211
3 3837 4198 4211
3 1721 3969 4348
3 983 4217 4347
3 3847 4285 4290
3 3847 4286 4288
3 3847 4285 4286
3 1074 2294 4354
3 1491 2294 4354
3 983 1647 4347
3 983 1647 4270
3 315 1903 2193
3 315 2193 3944
3 1459 3656 4234
3 1288 4138 4139
3 2773 3804 3995
3 1415 3574 4031
3 388 3573 3574
3 3573 3574 4031
3 385 3694 3803
3 3798 3972 3973
3 1812 4051 4054
3 3166 3878 4417
3 157 697 3953
3 157 2887 3953
3 3760 4212 4213
3 3760 4058 4212
3 3759 3760 4213
3 412 3745 4265
3 3745 4265 4396
3 1922 3464 3871
3 1922 3464 4221
3 4130 4131 4132
3 111 491 3390
3 3778 4103 4104
3 3778 4104 4105
3 3947 4111 4112
3 2087 2296 4269
3 3734 3932 4134
3 411 3932 4134
3 4051 4052 4054
3 1702 3909 4059
3 875 3954 4312
3 3954 3955 4312
3 875 3857 4127
3 875 3857 3954
3 3574 4265 4396
3 671 3923 4046
3 210 4050 4181
3 374 3790 4068
3 459 3984 3985
3 495 1833 3059
3 160 3902 3991
3 3798 3974 3976
3 3974 3975 3976
3 3781 3975 3976
3 1712 4013 4111
3 879 4031 4168
3 938 3977 3982
3 495 3059 3163
3 3779 4005 4010
3 634 3056 3791
3 4004 4005 4010
3 3780 4004 4010
3 2312 4225 4227
3 963 3890 4408
3 963 2193 3890
3 567 4165 4166
3 4164 4165 4166
3 1011 2773 2776
3 2773 2776 3995
3 1011 2772 2773
3 2267 3990 3991
3 466 3142 4175
3 1647 1750 4347
3 192 1204 1750
3 192 1750 4347
3 3719 4070 4071
3 44 4139 4287
3 3900 4139 4287
3 609 3142 4175
3 3861 3960 4179
3 495 3943 3993
3 495 3163 3943
3 1568 3943 3993
3 1568 3941 3943
3 271 779 4316
3 7 271 4316
3 890 1882 4000
3 1418 1882 4000
3 35 1728 4000
3 264 1728 4000
3 2802 3874 4001
3 2802 3873 3874
3 948 4019 4020
3 948 4001 4020
3 4006 4011 4012
3 4005 4006 4011
3 1420 2640 4268
3 88 1420 4268
3 3977 3978 4004
3 3781 3977 3978
3 88 936 4268
3 3779 4005 4006
3 3779 4006 4007
3 2802 3078 3875
3 3078 3875 4014
3 1409 3729 3730
3 900 2296 4269
3 900 1431 4269
3 386 4120 4122
3 386 4122 4123
3 1087 1363 3332
3 938 3905 4011
3 938 4005 4011
3 3779 4008 4009
3 3777 4105 4107
3 3905 4011 4012
3 788 4110 4112
3 4110 4111 4112
3 21 1405 4184
3 4014 4015 4016
3 369 4015 4016
3 369 2928 4016
3 1387 2928 4016
3 1387 4014 4016
3 16 4230 4231
3 16 4230 4428
3 16 4419 4428
3 16 3935 4419
3 397 2987 4017
3 2192 3004 4017
3 1220 2987 4017
3 1220 2192 4017
3 522 1675 4294
3 2429 3985 4164
3 2651 4161 4162
3 1462 2651 4162
3 3731 4019 4020
3 1409 3730 4160
3 1409 4160 4161
3 2429 4164 4166
3 3731 4160 4161
3 3731 4019 4160
3 1409 3158 3729
3 1409 3158 4163
3 1624 2477 4296
3 2477 3888 4296
3 2697 4122 4124
3 3563 3564 4241
3 2266 3564 4241
3 4024 4025 4222
3 3658 4024 4026
3 3658 3834 4026
3 861 4065 4154
3 3797 4021 4026
3 3797 3834 4026
3 4021 4024 4026
3 1265 2167 2541
3 522 744 4294
3 522 744 2888
3 1149 2206 4027
3 574 2206 4027
3 2073 4094 4330
3 4048 4094 4330
3 2541 4218 4219
3 2541 3421 4218
3 2984 3832 3833
3 3832 3833 4378
3 688 2352 4064
3 3732 3733 4018
3 605 3730 4018
3 614 3849 3910
3 614 3849 4233
3 741 2706 4247
3 53 818 4311
3 818 832 4311
3 128 610 1461
3 610 1461 4360
3 217 1511 4022
3 3744 3849 4233
3 3744 3848 3849
3 4186 4187 4261
3 2768 3817 4368
3 1388 2768 3817
3 2245 3637 4420
3 129 2245 3637
3 2245 3714 4420
3 290 4125 4429
3 207 4125 4429
3 2313 3159 4081
3 2313 3159 4227
3 3837 4199 4206
3 4199 4200 4206
3 1194 2321 4278
3 2321 2322 4278
3 565 3145 4307
3 2628 3145 4307
3 3028 3911 4277
3 3911 3912 4277
3 3028 3163 4277
3 3655 3994 4280
3 1028 3994 4280
3 583 4058 4206
3 3836 4058 4206
3 412 4075 4380
3 4075 4076 4380
3 902 1999 4351
3 902 1968 1999
3 583 4200 4206
3 902 1696 1968
3 3846 4229 4230
3 410 4225 4226
3 3657 4153 4436
3 3720 4153 4436
3 614 3912 4159
3 614 4159 4233
3 53 790 3830
3 3767 4194 4312
3 1991 4061 4335
3 1991 3508 3765
3 145 3508 3765
3 145 2912 3765
3 2912 3765 3830
3 1106 2651 4163
3 82 472 2294
3 2008 4023 4096
3 4023 4095 4096
3 1705 3296 4244
3 893 2046 4244
3 339 404 4069
3 339 3274 4069
3 339 3273 3274
3 2322 2910 4067
3 2322 2375 2910
3 404 738 4069
3 1444 2447 4070
3 3627 4229 4230
3 3627 4226 4229
3 3626 4078 4079
3 3626 4078 4080
3 826 3918 4083
3 677 3918 4083
3 4013 4110 4111
3 1682 4013 4110
3 3778 4008 4106
3 3778 4105 4106
3 3574 4265 4266
3 412 4265 4266
3 3058 4074 4077
3 3058 4077 4078
3 1352 4077 4078
3 3058 4079 4083
3 3058 4078 4079
3 430 2870 4299
3 193 430 2870
3 1364 1560 3598
3 122 2661 4091
3 3872 3873 4332
3 4085 4086 4088
3 1560 4086 4088
3 1560 3598 4088
3 507 4085 4088
3 507 3598 4088
3 4128 4129 4130
3 4063 4128 4129
3 1560 4089 4090
3 782 4089 4090
3 782 2564 4090
3 1364 2564 4090
3 1101 2661 4091
3 782 882 4089
3 882 4086 4089
3 1101 2997 4091
3 1101 1368 2997
3 1402 2997 4091
3 987 3915 4092
3 2544 3915 4092
3 987 2873 4092
3 1867 2873 4092
3 2583 2584 2887
3 3165 3166 3783
3 3165 3166 4417
3 534 4256 4262
3 661 2755 2756
3 710 1388 3223
3 710 1388 3812
3 412 4266 4380
3 710 3811 3812
3 576 2870 3818
3 3841 4359 4369
3 111 755 3390
3 111 755 3810
3 755 3810 3813
3 111 2385 3810
3 3810 3812 3813
3 1836 3812 3813
3 970 3945 4336
3 1349 4309 4310
3 1349 2911 2912
3 1349 2912 4310
3 534 919 4260
3 210 4049 4053
3 193 4061 4335
3 2361 2362 3821
3 2361 3819 3821
3 1943 3821 3822
3 1943 3819 3821
3 1074 1492 4391
3 2608 3764 3824
3 1674 3764 3824
3 1674 3755 3824
3 1938 2604 3829
3 1952 3308 3827
3 4190 4350 4384
3 3948 4190 4350
3 1369 3971 3972
3 3826 3964 3966
3 3825 3964 3966
3 4232 4338 4385
3 3989 4338 4385
3 3962 4190 4395
3 3961 3962 4395
3 1891 2764 4349
3 2764 4177 4349
3 3861 4178 4179
3 2697 4122 4123
3 1887 3593 4039
3 874 3167 3832
3 874 3164 3167
3 4001 4002 4003
3 21 1441 4184
3 1441 2434 4184
3 3839 3840 4379
3 2153 3839 3840
3 3655 4252 4253
3 194 4249 4379
3 238 2784 4322
3 3925 3926 4273
3 642 3926 3927
3 642 3926 4273
3 1326 2371 3999
3 1419 2371 3999
3 3471 3472 3835
3 284 3471 3835
3 1352 3226 3745
3 3226 3745 4396
3 1151 1692 2137
3 1151 3831 3842
3 1151 2132 3842
3 1151 1692 2132
3 3773 3819 4415
3 826 4072 4073
3 826 4073 4083
3 825 963 4408
3 825 963 2141
3 2476 2901 4189
3 561 2476 4189
3 3903 3972 3973
3 3968 3969 4410
3 1705 1731 4304
3 1705 1731 3296
3 384 717 3920
3 605 741 4247
3 332 2167 2636
3 2213 3490 3850
3 1446 3490 3850
3 17 3993 3994
3 17 3994 4254
3 47 3889 4029
3 1327 3889 4029
3 4201 4274 4275
3 4197 4198 4204
3 2604 2784 3938
3 126 2118 3938
3 126 2784 3938
3 861 3787 4065
3 157 3787 4065
3 709 1727 2118
3 709 2118 3938
3 217 4022 4095
3 411 3932 4242
3 6 3693 3724
3 3693 3724 3851
3 1298 4249 4276
3 4040 4249 4276
3 381 936 4268
3 381 2640 4268
3 3060 4158 4216
3 3987 4289 4290
3 3847 4289 4290
3 4138 4139 4141
3 44 4139 4141
3 3753 3754 4142
3 39 3753 3754
3 1028 2427 4243
3 3792 3793 3864
3 2637 3898 4167
3 332 3898 4167
3 12 1702 4059
3 1443 2606 3866
3 733 1443 2606
3 332 2541 4219
3 332 2167 2541
3 3904 4012 4426
3 3904 4012 4421
3 238 4321 4322
3 987 3228 3883
3 482 4100 4101
3 175 3879 3880
3 3726 3879 3880
3 3399 3877 3878
3 521 987 3883
3 3726 3877 3879
3 3725 4356 4433
3 3725 3906 4356
3 3725 3877 4433
3 3725 3877 3879
3 175 3725 3879
3 922 4325 4333
3 4102 4325 4333
3 3726 3872 3881
3 3863 3880 3881
3 3863 3880 3882
3 3814 3815 4361
3 3726 3880 3881
3 175 3880 3882
3 859 1767 4357
3 30 859 1767
3 610 656 3882
3 128 610 656
3 479 3849 3884
3 479 3717 3884
3 1291 2543 3914
3 854 3416 3928
3 1505 3416 3928
3 2090 3904 4426
3 1143 1635 4318
3 348 1635 4318
3 574 800 3896
3 574 800 2206
3 3283 3960 3961
3 3283 3961 3962
3 2417 4150 4151
3 212 4210 4274
3 1028 3994 4243
3 1764 2990 4437
3 695 2990 4437
3 1327 3887 3889
3 3887 3888 3889
3 47 3888 3889
3 1738 2776 2995
3 1738 2776 4217
3 1087 3333 4036
3 1087 3332 3333
3 1721 4190 4395
3 159 3894 3895
3 159 3746 3894
3 2452 3894 3895
3 2452 3894 3896
3 3826 3967 4410
3 3967 3968 4410
3 1508 2369 3751
3 2369 3751 3928
3 439 606 3953
3 895 3875 4014
3 3905 3973 3982
3 3798 3973 3982
3 3780 3979 4292
3 869 3754 4142
3 598 1542 4427
3 397 1542 4427
3 606 2887 3953
3 1855 3806 3909
3 1855 3805 3806
3 562 4339 4340
3 3734 4339 4340
3 562 4247 4340
3 3798 3972 3974
3 3971 3972 3974
3 1990 2545 4420
3 1585 2545 4420
3 1836 3818 4299
3 2870 3818 4299
3 3656 3657 4234
3 3656 3657 4436
3 45 3772 4093
3 2361 3773 3819
3 80 3805 3806
3 347 3806 3909
3 671 3885 3922
3 3060 4214 4215
3 848 4214 4215
3 7 334 4250
3 574 4027 4218
3 3421 4027 4218
3 334 2213 4250
3 334 2213 3490
3 614 3911 3912
3 614 3910 3911
3 270 1286 1561
3 1094 1561 1813
3 59 1094 1561
3 59 1094 3917
3 59 270 1561
3 1094 1390 1454
3 1094 1454 3917
3 3277 3916 3917
3 1454 3277 3917
3 1513 2123 2167
3 1343 2257 3924
3 2257 2640 3924
3 3289 3790 3922
3 374 3289 3790
3 567 3790 3922
3 1343 3036 3924
3 1343 1527 3036
3 664 906 2387
3 664 2387 3951
3 854 2369 3928
3 909 3751 3752
3 3751 3752 3928
3 310 2349 2415
3 598 3004 4427
3 1888 3721 3931
3 344 2189 3721
3 344 3721 3931
3 344 1242 2189
3 3283 4192 4195
3 3854 3855 3856
3 1352 4078 4080
3 1415 3802 4266
3 1415 3574 4266
3 3038 3509 4054
3 1211 3754 4297
3 869 3842 4297
3 869 3754 4297
3 3988 3989 4385
3 883 1977 2276
3 1 3724 3937
3 1 3724 3851
3 4193 4194 4211
3 3767 4193 4194
3 3747 3750 4191
3 157 2887 4065
3 1380 4368 4418
3 2768 4368 4418
3 150 1958 4404
3 150 3311 4404
3 3028 3163 3943
3 3028 3941 3943
3 3730 4018 4019
3 1633 4041 4042
3 1322 4041 4042
3 3421 4027 4043
3 1149 4027 4043
3 1322 3421 4043
3 1322 4042 4043
3 2266 3732 3733
3 797 1340 2520
3 3847 4288 4289
3 658 2137 3559
3 658 2137 3952
3 416 980 3299
3 416 980 3676
3 1416 2616 3680
3 2168 2616 3680
3 1199 1670 2169
3 77 675 2643
3 77 675 3681
3 1620 2566 3682
3 1141 1223 3184
3 77 2566 3682
3 675 3681 3683
3 682 3681 3683
3 675 2644 3683
3 682 2644 3683
3 1855 2436 2773
3 1258 1528 3689
3 791 1528 3689
3 791 3551 3690
3 1703 3265 3692
3 3265 3691 3692
3 3264 3265 3691
3 1258 3264 3691
3 1964 2393 3693
3 3038 3509 4418
3 1380 3509 4418
3 676 1823 3907
3 1891 2564 3741
3 411 4096 4097
3 2008 4096 4097
3 1551 3185 3696
3 1073 3185 3696
3 1073 2559 3696
3 1073 2558 2559
3 456 2559 3696
3 1933 2824 3361
3 291 3956 3957
3 3699 3700 3702
3 527 1152 2474
3 3700 3701 3703
3 439 3701 3703
3 3860 3965 4267
3 3860 3965 4178
3 662 812 4431
3 662 2289 4431
3 2065 2256 3707
3 3967 3970 3992
3 2246 3703 3705
3 3703 3704 3705
3 439 3703 3704
3 1265 2541 3421
3 1459 3318 3919
3 291 3954 3955
3 1215 2359 3708
3 1200 2359 3708
3 815 2188 3710
3 2188 3688 3710
3 1962 3688 3710
3 47 1962 3710
3 1480 1963 4028
3 1464 1529 2688
3 1464 2688 3712
3 404 2006 3712
3 2006 3648 3712
3 1464 3648 3712
3 954 3713 3714
3 954 2245 3714
3 3779 4007 4008
3 2065 4070 4071
3 2065 3707 4071
3 1444 2606 3718
3 82 630 4377
3 82 630 4062
3 3745 4074 4077
3 3745 4074 4075
3 38 3774 4282
3 38 3764 4282
3 773 1614 3722
3 1721 3948 4190
3 3760 4057 4058
3 3836 4057 4058
3 3789 4126 4127
3 1911 2602 2603
3 2602 2603 4270
3 1502 3654 4279
3 1502 3653 3654
3 1369 3967 3970
3 1369 3966 3967
3 135 935 3852
3 935 1275 3852
3 530 3593 4039
3 1409 4161 4163
3 741 3729 3730
3 605 741 3730
3 513 3625 4372
3 1279 3625 4372
3 194 1298 4249
3 3984 3985 4164
3 72 1658 2975
3 72 1658 4098
3 948 3732 4003
3 677 4079 4083
3 971 3743 4087
3 882 3743 4087
3 2309 2310 3735
3 1705 2309 3735
3 694 876 1539
3 815 876 1539
3 3949 4204 4205
3 4080 4081 4082
3 2313 4081 4082
3 432 1872 2687
3 432 1872 3737
3 432 2864 3489
3 432 2864 3737
3 249 2864 3489
3 249 2863 2864
3 235 2863 2864
3 235 2864 3737
3 235 3624 3737
3 235 2468 3624
3 235 540 2468
3 2563 2564 3741
3 1364 2563 2564
3 158 992 3916
3 3813 3814 4299
3 930 2029 3850
3 1393 3743 3848
3 2153 3840 3841
3 1273 1611 2307
3 3771 3772 4085
3 2361 3771 3772
3 2012 3968 4412
3 1326 2370 3753
3 507 3771 4085
3 430 3141 4361
3 520 4232 4284
3 520 4232 4385
3 1462 3874 4332
3 975 3986 3987
3 975 3987 4291
3 567 3922 3923
3 3899 4286 4287
3 3899 4286 4288
3 2984 3167 3832
3 135 2261 4271
3 39 623 3753
3 623 2370 3753
3 229 2652 2653
3 971 4047 4048
3 4047 4048 4330
3 109 881 3757
3 109 881 2518
3 122 2661 3757
3 2582 2583 2584
3 109 122 3757
3 3713 3714 3758
3 1585 3714 3758
3 2768 4373 4418
3 3038 4373 4418
3 3857 3858 3954
3 3988 4385 4387
3 520 4385 4387
3 344 3929 3930
3 344 3930 3931
3 1043 1131 3248
3 1043 3248 3838
3 160 459 3591
3 160 3591 3592
3 160 3592 3933
3 1242 2587 3763
3 677 3592 3918
3 677 3592 3933
3 3979 4118 4292
3 1712 4118 4292
3 3900 4139 4283
3 3900 4283 4285
3 174 4283 4285
3 1782 2569 3546
3 1542 2213 4250
3 397 1542 4250
3 2511 3728 3838
3 304 2511 3728
3 1159 3964 3965
3 1159 3963 3964
3 2228 2589 3999
3 131 2228 2589
3 2612 4259 4261
3 808 1204 3770
3 115 808 2004
3 808 2004 3450
3 808 3450 3770
3 192 1204 3770
3 192 3450 3770
3 3350 3351 3776
3 795 3350 3776
3 3009 3772 4085
3 3626 3934 4231
3 4037 4038 4099
3 1277 2806 4060
3 1277 1941 4060
3 671 4044 4046
3 327 2089 3799
3 44 3927 4141
3 1228 2022 3782
3 1228 1888 2022
3 2266 3734 3932
3 3762 3929 3930
3 3762 3782 3930
3 796 2450 4431
3 1339 4171 4172
3 1543 4171 4172
3 148 3785 3786
3 148 1543 3786
3 1458 3785 3786
3 782 2564 3913
3 1891 2564 3913
3 1339 2624 4172
3 387 2624 4172
3 3472 3793 4315
3 662 3472 4315
3 403 1543 3786
3 1458 2373 3786
3 403 2373 3786
3 779 1143 4316
3 608 1833 3059
3 3748 4235 4236
3 457 1953 4370
3 457 1953 4423
3 2613 4187 4261
3 794 2225 3796
3 497 885 3797
3 497 1511 3797
3 3563 4239 4241
3 116 503 3920
3 47 1539 4170
3 1024 4186 4397
3 971 4048 4087
3 36 4116 4223
3 36 4116 4156
3 2515 2820 4402
3 298 2515 2820
3 16 3934 4231
3 80 1911 3805
3 6 124 4271
3 1911 2603 3804
3 1911 3804 3805
3 40 3143 3808
3 40 2001 3808
3 1127 1795 3541
3 1079 3420 3547
3 1604 3420 3547
3 1795 3540 3542
3 1795 3540 3541
3 635 3540 3541
3 635 1697 3541
3 373 1924 3623
3 1075 1924 3623
3 170 3549 3550
3 170 508 3550
3 700 719 1711
3 2477 3887 3888
3 1485 3547 3548
3 1183 1336 3482
3 1941 4060 4061
3 1550 1872 3939
3 1872 3939 4064
3 225 2185 4411
3 1027 1079 3481
3 1859 3173 3555
3 1333 3555 3556
3 33 75 1534
3 75 1532 1534
3 167 2492 3557
3 167 2051 3557
3 2051 2565 3557
3 1857 1966 3560
3 1042 3561 3562
3 885 3797 3834
3 100 3077 3563
3 100 2926 3077
3 2447 2448 3125
3 118 2701 3565
3 118 2701 3607
3 15 2673 3568
3 2673 3565 3568
3 15 3567 3568
3 1814 3567 3568
3 1814 3565 3568
3 3216 3719 4072
3 3216 3719 4076
3 3066 3068 3569
3 1465 3066 3569
3 779 3893 4035
3 1459 3316 3659
3 225 1548 4135
3 1282 2423 3587
3 1282 2423 3104
3 331 4037 4325
3 331 4037 4099
3 1282 1931 3587
3 2573 3859 4345
3 1621 3172 3175
3 4224 4225 4226
3 191 1317 2583
3 1552 2708 2875
3 1552 1592 2433
3 1552 1985 2875
3 1459 3653 3656
3 726 2426 3652
3 1552 1985 3578
3 1552 1592 3578
3 484 1139 3183
3 1306 2615 3581
3 1306 2558 2615
3 380 2274 3582
3 185 380 2274
3 185 2044 2274
3 1571 2044 2274
3 1274 2462 3586
3 484 719 3183
3 3761 4055 4056
3 1665 4055 4056
3 927 1274 3586
3 927 3067 3586
3 341 3067 3586
3 341 3067 3068
3 743 2036 3603
3 1447 2356 2358
3 1447 2358 3590
3 2012 3968 3992
3 1473 3248 3838
3 1207 1574 3594
3 1574 2785 3594
3 1207 2786 3594
3 14 2785 3594
3 69 2211 3595
3 189 2211 3595
3 189 2211 2212
3 507 1062 3598
3 122 3503 4091
3 1402 3503 4091
3 1034 1403 1430
3 1034 1403 3606
3 1014 1034 3606
3 475 2671 3643
3 2036 3602 3603
3 1102 1443 3866
3 1102 1443 2004
3 1100 1430 2761
3 743 2626 3608
3 1814 2701 3565
3 1814 2701 3605
3 3604 3605 3606
3 2701 3604 3605
3 1403 3603 3604
3 1403 3604 3606
3 1656 2736 3612
3 1964 2393 3687
3 1774 3684 3685
3 643 1963 3687
3 559 3684 3685
3 559 3611 3684
3 3527 3531 3617
3 1049 3531 3617
3 48 1446 3615
3 898 3614 3616
3 2736 3613 3614
3 3613 3614 3616
3 3658 4222 4293
3 3658 4024 4222
3 1049 1164 3617
3 1164 2968 3617
3 2944 3610 3612
3 2944 3610 3611
3 2944 3611 3616
3 724 926 1227
3 1794 3109 3618
3 595 1794 3109
3 1794 2328 3618
3 491 2240 3390
3 513 2240 3390
3 3766 4196 4197
3 3766 4195 4196
3 3695 3734 4134
3 1872 3737 4064
3 815 1539 3710
3 47 1539 3710
3 575 979 1622
3 979 1622 3630
3 575 979 2340
3 979 1406 3630
3 979 1406 2340
3 74 1406 3630
3 74 1406 1916
3 74 1917 3630
3 74 1916 1917
3 1502 3652 3653
3 1502 2426 3652
3 1622 2842 3630
3 2164 3408 3634
3 2104 3408 3634
3 1876 3462 3643
3 1876 3461 3462
3 1485 2817 3640
3 1485 3548 3642
3 29 3209 3210
3 530 3472 3998
3 784 3711 3727
3 1253 2901 3641
3 1253 2901 3609
3 1253 3640 3641
3 1253 3639 3640
3 3947 4114 4115
3 2023 3350 3782
3 410 4105 4435
3 1340 3209 3210
3 466 2861 4389
3 676 2006 3648
3 750 793 3670
3 2842 3665 3669
3 1917 3664 3669
3 3664 3665 3669
3 665 3667 3668
3 665 3666 3667
3 668 2405 3070
3 986 3067 3194
3 986 3194 3651
3 3067 3194 3569
3 1465 3194 3569
3 3194 3650 3651
3 665 941 986
3 2842 3665 3667
3 1071 3650 3651
3 1071 1245 3650
3 258 503 3920
3 502 525 3660
3 502 3314 3660
3 1086 3348 3663
3 485 3348 3663
3 2945 3442 3684
3 1774 3442 3684
3 1071 3651 3666
3 665 986 3651
3 665 3651 3666
3 2842 3630 3669
3 1917 3630 3669
3 941 2708 2875
3 1134 1559 3675
3 1134 2405 3070
3 1134 2405 2733
3 1134 3646 3675
3 1134 2935 3646
3 2113 3646 3675
3 2113 2935 3646
3 561 2477 3723
3 561 2477 4189
3 2901 3887 4189
3 2477 3887 4189
3 3947 4111 4117
3 3947 4116 4117
3 1051 1744 3402
3 1051 3401 3402
3 499 1659 3404
3 379 754 2165
3 379 2165 3406
3 2374 3404 3405
3 480 2374 3405
3 480 639 3405
3 1175 2374 3407
3 2374 3402 3407
3 1175 1744 3407
3 1744 3402 3407
3 336 3018 3410
3 134 296 3415
3 1218 1601 3307
3 1218 1601 3412
3 134 1251 3415
3 134 1251 1680
3 443 1354 3436
3 1048 3434 3435
3 1048 1153 3434
3 20 1354 3436
3 20 1354 1896
3 401 2422 3437
3 1182 1218 3413
3 1218 3412 3413
3 1602 3412 3413
3 117 1182 3413
3 3038 3723 4052
3 3038 4052 4054
3 940 2053 3427
3 167 940 3427
3 1825 3253 3422
3 1825 3422 3423
3 222 3422 3423
3 2053 3428 3429
3 2117 3424 3425
3 910 2117 3425
3 415 910 2002
3 415 910 3425
3 1825 3424 3425
3 1825 3423 3424
3 415 1825 3425
3 465 498 3430
3 366 465 498
3 834 844 3227
3 834 1382 3430
3 1045 1800 3432
3 993 3330 3432
3 993 1625 3330
3 993 2473 3432
3 187 1800 3432
3 187 1800 2166
3 1800 2127 2166
3 1601 3434 3435
3 2000 3349 3661
3 1359 3349 3661
3 868 1631 3439
3 844 1631 3439
3 868 3438 3439
3 1382 3438 3439
3 834 844 3439
3 834 1382 3439
3 1208 2201 3448
3 2201 2759 3448
3 1004 2759 3448
3 1002 1004 1005
3 732 1004 3448
3 732 1004 1005
3 1571 1804 3449
3 1476 1804 3449
3 436 3297 3449
3 456 3297 3298
3 3120 3121 3450
3 192 3120 3450
3 685 2739 3451
3 685 777 3451
3 777 3451 3452
3 685 777 2627
3 390 777 2627
3 123 1735 3455
3 2317 2839 2840
3 2317 2838 2839
3 1271 2317 2838
3 297 2839 3456
3 297 2838 2839
3 613 2839 2840
3 613 2840 2841
3 220 2839 3456
3 220 613 2839
3 2205 2221 3461
3 106 2221 3461
3 106 1597 2221
3 106 1597 1598
3 1306 3583 3584
3 436 1306 3584
3 2274 3582 3584
3 2274 3584 3585
3 3762 3929 4055
3 1241 1310 3463
3 262 991 1353
3 989 991 3465
3 912 991 3465
3 912 1017 2409
3 912 1017 1612
3 1170 1792 2340
3 241 989 2924
3 241 548 989
3 912 1835 3465
3 912 1612 1835
3 1792 2340 2341
3 589 1792 2341
3 589 1792 3467
3 85 1726 3470
3 256 1726 3470
3 85 3344 3470
3 959 3728 3838
3 238 2604 4319
3 238 2604 2784
3 184 3476 3479
3 3476 3477 3478
3 2238 2416 3476
3 184 2416 3476
3 1400 3478 3480
3 1400 3475 3478
3 1400 3148 3480
3 3149 3479 3480
3 2452 3897 3898
3 3897 3898 4219
3 2114 2256 3303
3 2114 2256 3707
3 2429 3790 4166
3 2429 3790 4068
3 3762 3782 3853
3 654 1888 4053
3 654 1888 2022
3 938 4004 4005
3 938 3977 4004
3 409 1850 3521
3 409 1850 1853
3 3516 3519 3520
3 3516 3517 3519
3 901 3486 3488
3 901 2325 3488
3 1420 2325 3488
3 48 348 1446
3 348 1446 3490
3 48 3212 3615
3 559 3611 3616
3 48 348 637
3 1476 1804 3865
3 1108 1804 3865
3 1952 3308 3843
3 996 3769 4303
3 567 3790 4166
3 226 1867 3709
3 3752 3928 4424
3 168 3752 4424
3 275 2604 3829
3 1265 2337 4146
3 212 1298 4276
3 4063 4128 4323
3 2008 4128 4323
3 3905 4012 4426
3 565 3828 4306
3 1868 2080 3329
3 328 375 1938
3 122 2481 3503
3 1405 2481 3503
3 2997 3499 3500
3 2997 3500 3501
3 1402 2997 3501
3 198 3502 3504
3 198 611 1675
3 149 1675 2542
3 149 198 3504
3 149 198 1675
3 3501 3502 3504
3 1402 3501 3502
3 1994 3501 3504
3 1994 3500 3501
3 3628 4006 4012
3 3628 4012 4421
3 1368 2998 3510
3 434 1319 3510
3 257 2998 3510
3 257 434 3510
3 1955 1957 3546
3 931 3519 3520
3 1124 1546 3517
3 931 1849 3520
3 1849 1852 3520
3 1546 3515 3517
3 2248 3516 3521
3 73 487 3315
3 73 487 3677
3 245 2032 2968
3 3516 3520 3521
3 1384 3511 3533
3 1384 3535 3543
3 1384 3543 3544
3 1049 2965 2966
3 63 1414 3571
3 63 2057 3571
3 2033 3528 3530
3 3527 3530 3531
3 2033 3530 3531
3 1187 1324 3511
3 1324 3511 3533
3 347 501 3536
3 3312 3807 4327
3 1263 2502 3560
3 789 2502 3560
3 1049 2967 3534
3 1168 3356 4416
3 1383 3356 4416
3 719 884 1711
3 2033 3531 3532
3 3531 3532 3534
3 214 3532 3535
3 214 3068 3532
3 1384 2465 3544
3 3289 3885 3922
3 2208 4342 4343
3 2208 4342 4358
3 2208 4343 4344
3 2336 2337 4148
3 1265 2336 2337
3 3043 3267 3268
3 3043 3268 3269
3 1660 3486 3487
3 2089 4174 4175
3 2089 3799 4174
3 1660 2001 3269
3 40 1660 2001
3 453 572 3291
3 453 545 572
3 2856 3358 3359
3 461 2856 3359
3 2174 2874 3271
3 1530 2174 3271
3 1668 2955 3271
3 2874 2955 3271
3 1668 3270 3271
3 426 1824 3275
3 426 474 3275
3 1384 2465 3511
3 1187 2465 3511
3 1485 1604 3547
3 1485 1604 2817
3 1156 1711 3545
3 765 1156 3545
3 1523 2164 3634
3 1523 2104 3634
3 455 1972 2238
3 455 2238 3477
3 3043 3267 3276
3 3043 3276 3277
3 3043 3269 3277
3 995 2287 2365
3 871 2490 3279
3 871 1493 2490
3 865 1713 2920
3 672 865 1713
3 394 2996 3499
3 394 569 2996
3 3097 3099 3100
3 2100 3098 3099
3 3956 3958 4337
3 1043 2894 4313
3 1273 2308 3862
3 1273 2307 2308
3 2637 2638 3289
3 2937 3346 3347
3 485 2750 3348
3 1391 3285 3287
3 2955 3290 3364
3 1046 1391 3287
3 256 1046 3287
3 1668 2954 3290
3 1668 2953 2954
3 1761 2954 3290
3 1761 2620 2954
3 701 1822 3293
3 701 1909 3293
3 674 768 3327
3 1243 2074 3294
3 1243 2074 2809
3 925 2700 3463
3 364 925 2700
3 392 2691 3677
3 2255 2321 3303
3 752 2321 3303
3 1381 2207 3524
3 416 843 3300
3 868 1631 3233
3 1247 2200 3108
3 1247 3108 3301
3 1247 2200 2715
3 286 1808 3304
3 111 491 932
3 1395 1808 3305
3 304 1395 3305
3 1171 3304 3305
3 431 1171 3305
3 1808 3304 3305
3 1251 2072 3415
3 2515 3768 4402
3 117 1182 2988
3 490 510 3031
3 372 510 3031
3 372 510 2251
3 510 2251 3313
3 401 1311 2251
3 1311 2251 3313
3 1917 3428 3429
3 1917 3428 3664
3 1071 1245 3664
3 311 372 1669
3 312 1503 2754
3 2099 2754 3313
3 312 2099 2754
3 1311 2754 3313
3 510 2099 3313
3 490 510 2099
3 83 490 2099
3 83 312 2099
3 2195 2970 3328
3 2195 2196 2970
3 1818 1821 2738
3 488 1818 1821
3 1706 2364 3249
3 1484 2080 3329
3 1484 1878 2080
3 1085 1356 2591
3 1085 2591 2592
3 488 648 3034
3 1544 3332 3333
3 1544 3311 3332
3 916 2808 3338
3 308 2902 2903
3 805 1346 2149
3 1111 3335 3336
3 1045 1111 3336
3 1045 2272 3336
3 78 2272 3336
3 78 1636 3336
3 1111 2142 3334
3 1521 2808 3338
3 1521 2808 3242
3 99 1453 3352
3 99 1453 2170
3 2414 2658 3341
3 1448 2658 3341
3 1105 1448 3341
3 928 1725 3342
3 85 1725 3342
3 665 712 941
3 665 712 3668
3 1710 2937 3347
3 1105 3343 3345
3 1105 2962 3345
3 1105 2962 3111
3 1837 2749 2750
3 324 1837 2750
3 324 2750 3348
3 1710 3347 3348
3 324 1710 3348
3 1349 3775 3776
3 1349 2911 3775
3 53 3830 4311
3 2631 4025 4101
3 4025 4100 4101
3 1752 4050 4296
3 1752 4050 4181
3 3726 3876 3877
3 3876 3877 3878
3 1043 3838 4313
3 18 51 3353
3 51 2401 3353
3 99 3352 3353
3 99 2401 3353
3 2958 3839 4358
3 461 2819 2856
3 2819 2856 3273
3 824 1365 2856
3 1365 2856 3358
3 824 2856 3273
3 749 2855 3358
3 101 2853 2854
3 242 2036 2854
3 461 2005 3359
3 178 1842 3362
3 1427 3104 3360
3 1282 3104 3360
3 287 1282 3360
3 2662 3372 3373
3 1083 1097 2495
3 2311 2662 3373
3 2311 2662 3127
3 1089 1303 3366
3 1089 1303 1634
3 1579 3369 3372
3 1303 1634 3369
3 1303 3368 3369
3 1579 3368 3369
3 1015 3114 3370
3 1015 1579 3370
3 1110 1304 3372
3 162 1168 3374
3 1015 2662 3126
3 1035 2662 3372
3 1015 1035 2662
3 1304 3369 3372
3 1304 1634 3369
3 1110 3372 3373
3 1084 1110 2154
3 1084 1110 3373
3 1422 3049 3376
3 2601 3049 3376
3 2601 3050 3376
3 33 1924 3379
3 33 578 3379
3 1177 3050 3051
3 1177 3050 3377
3 3050 3376 3377
3 2171 2172 3377
3 1422 2171 3377
3 1177 3377 3378
3 1177 3052 3378
3 1177 3051 3052
3 880 2352 3624
3 688 880 2352
3 273 1496 3738
3 1589 1973 3638
3 1589 2227 3638
3 373 1924 3379
3 373 578 3379
3 1025 1717 3380
3 1013 1025 3380
3 449 1944 1945
3 3384 3386 3387
3 3385 3386 3387
3 570 3384 3387
3 1022 3162 3419
3 1838 1839 2437
3 2587 3759 3763
3 412 3745 4075
3 1945 2413 2751
3 512 1945 2751
3 1159 4178 4179
3 1184 1757 3385
3 1757 3385 3386
3 1757 3384 3386
3 1757 2021 3384
3 1184 1757 3383
3 1604 2815 3420
3 470 1839 3419
3 3383 3391 3392
3 1022 3383 3392
3 1022 3418 3419
3 1839 3418 3419
3 322 1810 3395
3 1095 1810 3395
3 1095 1392 3395
3 1379 3299 3396
3 1379 3396 3397
3 2989 3396 3397
3 577 1379 1882
3 1379 1882 3397
3 1882 2460 3397
3 1081 3711 3727
3 2460 3397 3398
3 734 2460 3398
3 2989 3397 3398
3 2989 3398 3523
3 153 3398 3523
3 598 2031 3727
3 1081 2031 3727
3 2697 4036 4125
3 1568 3941 3942
3 1568 3942 4243
3 753 1912 3144
3 375 4319 4320
3 375 3493 4320
3 565 1938 3145
3 328 1938 3145
3 565 4306 4307
3 2705 4306 4307
3 3744 4233 4308
3 787 1259 1905
3 787 1905 3154
3 953 3146 3147
3 3146 3147 3151
3 1332 2394 3146
3 1332 3146 3151
3 953 1026 3146
3 3994 4253 4254
3 2197 3151 3152
3 947 1677 3154
3 947 1677 2504
3 1677 1905 3154
3 959 3838 4313
3 1275 2520 3210
3 1340 2520 3210
3 937 2971 2973
3 1490 2973 3156
3 787 2002 3154
3 437 947 3154
3 3152 3475 3477
3 3475 3477 3478
3 2608 3820 4415
3 2608 3774 4415
3 400 455 1338
3 179 400 3153
3 529 3152 3153
3 563 1190 1424
3 1424 1425 3156
3 1289 1945 2413
3 1289 3161 3162
3 1289 1945 3161
3 225 2184 2185
3 2184 2185 3162
3 6 124 1431
3 118 1108 3865
3 1701 2123 3784
3 387 1543 4172
3 641 2722 3168
3 641 1565 3168
3 3170 3177 3553
3 1927 3177 3553
3 1136 3171 3553
3 1592 2433 3119
3 1333 1534 1998
3 1333 1998 3556
3 49 3172 3174
3 1744 3175 3176
3 1744 2433 3176
3 3119 3175 3176
3 2433 3119 3176
3 2615 3015 3580
3 211 852 3337
3 211 852 3636
3 33 1924 3178
3 1013 2823 3380
3 2055 2081 2082
3 2055 2081 3179
3 2054 2081 3179
3 1238 2054 3179
3 797 2055 2520
3 2055 2520 3179
3 1891 3741 4349
3 2310 3741 4349
3 705 3181 3182
3 670 705 3181
3 257 2915 3181
3 2915 3181 3182
3 257 670 3181
3 569 2914 2915
3 257 2915 2998
3 1555 2808 3187
3 539 1555 3187
3 539 3026 3027
3 414 539 3188
3 414 539 3026
3 481 2143 3188
3 414 2143 3188
3 414 2128 3026
3 2900 3641 3642
3 2899 2900 3642
3 1358 3189 3190
3 1358 3186 3189
3 1516 3189 3190
3 481 1358 3190
3 481 589 3190
3 481 589 2404
3 1382 3438 3440
3 977 3438 3440
3 1382 2347 2348
3 1382 2348 3430
3 834 1425 3227
3 1272 1840 3631
3 462 3893 4035
3 3423 3424 3426
3 366 465 1972
3 222 3423 3426
3 502 2042 2368
3 502 2368 3314
3 624 1972 3314
3 42 3201 3261
3 42 3199 3201
3 1862 2031 3199
3 1862 3199 3201
3 1588 2258 3261
3 738 2688 3712
3 404 738 3712
3 91 3198 3200
3 42 91 3198
3 91 1526 3200
3 1267 1270 1435
3 518 1267 1270
3 518 1270 3262
3 3205 3206 3208
3 1036 3301 3302
3 607 3195 3203
3 293 3195 3203
3 293 3196 3203
3 937 2821 3207
3 1250 2821 3207
3 28 800 3746
3 800 3746 3896
3 1250 3205 3206
3 1483 3329 3495
3 1483 1868 3329
3 1233 2124 3596
3 1773 1774 3686
3 607 3203 3204
3 3196 3203 3204
3 642 4157 4273
3 1411 2828 3208
3 987 2873 3228
3 3060 3912 4277
3 3060 3163 4277
3 1904 2972 2974
3 1904 2972 3230
3 1341 4062 4129
3 1341 4129 4130
3 950 1558 2101
3 1353 3213 3214
3 548 1353 3213
3 155 812 4374
3 155 328 4374
3 812 3867 4374
3 375 3867 4374
3 425 1540 2536
3 425 1540 2384
3 1540 2535 3221
3 1540 2384 2535
3 1268 2268 2269
3 2535 3221 3222
3 2384 2535 3222
3 1550 3192 3939
3 996 3996 3997
3 3996 3997 4362
3 755 3813 3814
3 755 3814 3815
3 442 3222 3223
3 442 3221 3222
3 442 2532 3221
3 710 3222 3223
3 3767 3955 3958
3 54 573 2130
3 2989 3396 3441
3 980 3396 3441
3 108 418 1729
3 453 544 545
3 453 544 1514
3 1381 2207 3441
3 980 2207 3441
3 147 224 1056
3 224 544 1056
3 1339 2624 3236
3 115 2624 3236
3 1360 3237 3238
3 1360 2523 3238
3 1098 3095 3239
3 1098 2645 3095
3 1098 1410 1785
3 1098 1785 3239
3 1411 1785 3205
3 464 526 2070
3 526 2070 3239
3 464 526 3092
3 418 3254 3255
3 418 2182 3255
3 1133 2151 3241
3 2151 3241 3242
3 451 2151 3242
3 1192 1729 3254
3 1192 1875 3254
3 1192 1730 1875
3 486 1724 3262
3 1131 3245 3248
3 1131 1593 3245
3 1413 2058 3247
3 1413 3101 3246
3 1413 3246 3247
3 2959 3245 3246
3 2959 3246 3247
3 2260 2959 3247
3 1473 2260 2959
3 1225 2260 3247
3 1225 2057 2058
3 1225 2058 3247
3 2958 4342 4358
3 1633 2958 4342
3 242 3250 3320
3 1706 3250 3320
3 2316 3244 3253
3 415 1825 2316
3 1825 2316 3253
3 486 2442 2443
3 486 2443 3262
3 141 3090 3256
3 1205 3090 3256
3 1898 3276 3474
3 2945 3610 3611
3 1454 2979 3474
3 1336 1874 3481
3 1079 1874 3481
3 2197 3152 3475
3 2238 3476 3477
3 91 1526 3260
3 42 91 3260
3 1270 1435 1724
3 1270 1724 3262
3 223 1587 2258
3 223 2258 3261
3 283 336 2013
3 283 2013 3467
3 670 1148 1971
3 901 3042 3267
3 1559 3072 3675
3 622 2933 3411
3 1394 1524 2037
3 1394 2037 3366
3 933 934 3062
3 837 899 1786
3 433 1846 3619
3 2115 3024 3238
3 1254 2225 3796
3 3979 4118 4353
3 3980 4118 4353
3 426 1824 2225
3 936 1696 3795
3 381 936 3795
3 975 3979 4353
3 471 2262 3033
3 1470 2262 2263
3 1470 2262 3033
3 1470 2263 2264
3 1016 2595 3443
3 1016 2595 2598
3 1588 2963 3257
3 1588 2258 2963
3 171 2443 3262
3 1473 2511 3838
3 1730 1875 3352
3 248 595 2420
3 1637 1898 3042
3 557 901 3042
3 557 901 2325
3 1052 1948 3045
3 1234 1849 3483
3 1234 1849 1852
3 1218 1595 2985
3 1218 1595 3307
3 375 1938 4319
3 1601 1845 3307
3 1330 2593 2596
3 144 2106 3047
3 144 2106 2109
3 2049 3051 3052
3 2047 2594 3050
3 2594 2597 2601
3 2594 2601 3050
3 1117 2801 3053
3 1117 2800 2801
3 1606 2801 3054
3 2801 3053 3054
3 2437 3054 3055
3 1606 3054 3055
3 942 2301 2346
3 1713 2346 3279
3 2763 3716 3913
3 1891 2763 3913
3 1927 3554 3555
3 1834 4253 4254
3 1834 4066 4254
3 1011 2771 2772
3 1293 2612 4261
3 1120 1474 3063
3 1120 1474 2390
3 608 874 3164
3 2729 2783 3143
3 2729 2783 3400
3 2728 2730 3400
3 509 2783 3400
3 1077 2869 3061
3 1324 3529 3533
3 1324 3528 3529
3 1020 3065 3066
3 1020 3065 3534
3 747 980 3676
3 644 3069 3070
3 1464 1529 3020
3 1464 3020 3647
3 1559 3069 3071
3 887 1531 3074
3 837 1531 3074
3 1381 3522 3524
3 747 918 2040
3 747 918 3676
3 303 536 3072
3 163 2507 3075
3 2060 2061 3076
3 2045 2060 3076
3 2045 3075 3076
3 2045 2507 3075
3 2448 3121 3125
3 2448 3121 3866
3 948 4001 4003
3 2927 3564 4003
3 2927 3563 3564
3 1623 3038 3723
3 561 1623 3723
3 1535 2388 3079
3 403 1535 3079
3 403 2373 3079
3 713 2388 3079
3 713 2373 3079
3 1752 3888 4170
3 814 2470 2471
3 2470 2471 3512
3 566 3081 3082
3 3080 3081 3082
3 134 1427 3361
3 2631 4220 4222
3 1068 1674 3755
3 1277 2506 3087
3 2160 2505 3087
3 2505 2506 3087
3 2633 2668 2669
3 417 2633 3088
3 667 2633 3088
3 667 2633 2669
3 417 591 3088
3 417 503 591
3 190 570 3091
3 570 1467 3091
3 1467 2540 3091
3 2539 2540 3091
3 2096 2952 3010
3 678 2552 3230
3 1006 2769 3099
3 1006 2100 3099
3 652 2436 4059
3 393 567 3923
3 66 393 3923
3 358 1104 3101
3 358 1104 2253
3 287 1282 1931
3 287 1932 1933
3 1828 1842 3362
3 84 1828 3362
3 450 1427 3081
3 450 1427 3104
3 3825 3966 3971
3 445 556 3107
3 445 899 1786
3 445 1786 3107
3 1700 2524 3108
3 214 341 884
3 214 884 3543
3 214 3535 3543
3 911 1697 3541
3 3486 3487 3488
3 1420 3393 3488
3 421 3393 3488
3 901 3267 3268
3 901 3268 3486
3 1812 3509 4137
3 1812 3509 4054
3 2657 2961 3111
3 2961 2962 3111
3 107 1829 3112
3 107 862 2144
3 107 2144 3112
3 1176 3112 3113
3 1565 3112 3113
3 641 1565 3113
3 1122 2400 3116
3 1038 1122 2400
3 752 2321 2322
3 752 2322 4067
3 3009 4085 4086
3 137 2424 3117
3 521 3742 3883
3 1990 3637 4420
3 3564 3732 4003
3 1740 3122 3123
3 1337 1740 3123
3 1842 2494 3126
3 1337 2447 3125
3 1337 2446 2447
3 1089 2037 3366
3 3342 3343 3344
3 85 3342 3344
3 3366 3368 3370
3 980 3299 3396
3 617 2835 3129
3 617 2062 3129
3 1983 3085 3086
3 1983 3086 3131
3 372 3031 3132
3 372 1669 3132
3 203 2719 3139
3 1367 2430 3133
3 177 1934 3135
3 1125 3133 3134
3 1125 3134 3136
3 177 621 3135
3 621 1899 3135
3 1125 1347 1367
3 1125 1347 1764
3 1312 2331 4438
3 281 2331 4438
3 302 2377 3337
3 302 852 3337
3 1347 1979 1980
3 1125 1367 3133
3 1125 1764 3137
3 1125 3136 3137
3 1943 2612 3822
3 193 430 3141
3 193 2806 3141
3 832 919 4260
3 226 3709 4423
3 3708 3709 4423
3 1585 2545 3809
3 1051 3171 3401
3 1051 1136 3171
3 1080 2783 2866
3 2783 2866 3143
3 780 2063 2884
3 448 1610 1678
3 448 1678 2885
3 218 1603 2796
3 218 1578 2888
3 218 1578 2796
3 811 1243 2809
3 2698 2699 2902
3 308 2699 2902
3 110 382 3345
3 110 382 3288
3 2023 3782 3853
3 753 2275 3505
3 642 3899 4295
3 44 642 3899
3 654 3936 4053
3 2023 3853 3854
3 141 3258 3610
3 141 3257 3258
3 218 1603 2896
3 249 841 2478
3 841 1321 1704
3 249 841 1321
3 249 1321 2863
3 2384 2385 3506
3 2384 3222 3506
3 406 1321 1704
3 406 1321 2897
3 406 893 1704
3 406 893 1496
3 1243 3294 3295
3 406 468 2897
3 406 468 1496
3 710 3222 3506
3 592 3109 3542
3 592 3109 3618
3 738 3621 4069
3 538 655 2908
3 538 707 2908
3 1743 2630 2908
3 707 1743 2908
3 795 3775 3776
3 795 1507 3775
3 1952 3843 3844
3 1308 2904 2905
3 831 2904 2905
3 2444 2695 2913
3 1984 2444 2913
3 239 774 1638
3 239 1638 3185
3 23 3213 3214
3 20 2916 2917
3 20 1896 2916
3 1072 1313 2919
3 20 2917 2918
3 1693 2486 2918
3 20 2486 2918
3 1401 2753 3437
3 3069 3070 3073
3 1559 3069 3073
3 487 842 3037
3 487 842 3677
3 1327 2900 2901
3 504 2203 3330
3 843 962 3300
3 577 962 3300
3 1134 3070 3073
3 1134 1559 3073
3 506 1445 1765
3 1300 1445 1765
3 1103 1300 1445
3 1103 1300 1515
3 798 1765 2920
3 549 1809 3525
3 1765 2833 2920
3 203 2665 3139
3 220 2000 3349
3 220 3349 3456
3 1093 1979 2929
3 1093 1346 2929
3 1246 2128 3026
3 71 127 279
3 71 279 2931
3 50 2335 2931
3 279 2335 2931
3 402 1528 3019
3 2179 2508 3024
3 622 2932 2933
3 67 2932 2933
3 1095 1396 3674
3 3671 3673 3674
3 1396 3673 3674
3 1333 3178 3555
3 1927 3178 3555
3 2259 3020 3647
3 2259 3020 3264
3 1962 1963 3687
3 1962 1963 4028
3 67 1997 2933
3 244 1997 2933
3 1257 2844 2935
3 1257 2282 2844
3 1257 2282 2733
3 1134 1257 2935
3 1134 1257 2733
3 1271 2838 2936
3 1086 3347 3348
3 765 2717 2939
3 1628 2909 2939
3 1628 2630 2909
3 2717 2909 2939
3 1995 2050 2943
3 2050 2941 2943
3 2050 2061 2941
3 138 2061 2941
3 2048 2941 2943
3 259 2048 2943
3 946 1973 1988
3 946 1988 3259
3 1527 2220 3200
3 907 3538 3539
3 907 2950 3538
3 1148 1667 2953
3 1148 1667 1971
3 635 3539 3540
3 3539 3540 3542
3 102 2255 2256
3 2255 2256 3303
3 592 1036 2952
3 592 1036 1076
3 708 811 1731
3 868 1389 3233
3 376 1389 3233
3 1305 2614 3015
3 2614 3014 3015
3 1305 2614 3014
3 551 2620 2954
3 551 2953 2954
3 572 933 3291
3 1206 1686 3292
3 1206 1612 3292
3 1573 1909 3293
3 1573 1909 1910
3 361 474 2957
3 361 2735 2957
3 1130 2735 2957
3 1399 3802 4380
3 81 1399 3802
3 173 2135 3537
3 261 2035 2962
3 110 261 2962
3 1404 2177 3202
3 1404 2938 3202
3 768 2737 2970
3 768 1818 2737
3 1236 2219 3571
3 1236 2133 2219
3 2967 3065 3534
3 701 1820 2738
3 1324 2032 3528
3 1049 1164 2965
3 1164 2965 2968
3 1323 2964 2968
3 1323 2965 2968
3 1323 2964 2965
3 1049 3531 3534
3 253 2727 2744
3 1795 3109 3542
3 2267 3991 4430
3 3902 3991 4430
3 1049 2966 2967
3 725 2319 3558
3 650 725 3558
3 563 2244 2974
3 1904 2244 2974
3 1423 2971 3229
3 1423 3229 3230
3 1099 1348 2146
3 108 1729 2084
3 1929 2722 3168
3 1240 1929 3168
3 287 1933 3361
3 902 3030 4351
3 902 3030 4352
3 178 3288 3362
3 342 3030 4352
3 1424 2972 2974
3 563 1424 2974
3 463 1378 2977
3 2171 2172 3046
3 22 2980 2981
3 463 2980 2981
3 1179 1861 2981
3 22 1861 2981
3 463 503 2981
3 116 503 2981
3 1230 2103 3408
3 1230 2104 3408
3 26 2103 3408
3 26 2164 3408
3 2108 3048 3049
3 2108 2601 3049
3 116 1179 2724
3 116 1179 2981
3 1086 1359 3661
3 1023 1059 1595
3 1023 1595 2985
3 1023 2985 2986
3 951 2233 2991
3 951 2066 2991
3 1259 1847 3492
3 4201 4202 4209
3 137 2554 3491
3 1439 2533 2709
3 1439 2709 3005
3 1021 2775 2994
3 1021 2771 2775
3 2775 2994 2995
3 2775 2776 2995
3 1742 2793 2993
3 1862 2030 3103
3 1862 2031 3103
3 2030 2757 3103
3 2520 3179 3180
3 197 3105 3505
3 197 2275 3505
3 3936 4049 4053
3 394 3499 3500
3 631 1611 2307
3 865 2207 3524
3 2192 2732 3002
3 2314 2732 3002
3 227 2314 3002
3 3846 3901 4428
3 3861 3960 4248
3 3846 4230 4428
3 741 923 2706
3 1273 1735 3862
3 1055 1811 3006
3 425 1580 2536
3 3298 3462 3643
3 456 3298 3462
3 316 2671 3643
3 1194 2791 4278
3 1169 2791 4278
3 845 857 3224
3 857 2412 3224
3 148 1543 2894
3 561 1370 1623
3 154 2268 2269
3 154 448 2268
3 330 3310 3312
3 3005 3006 3007
3 1055 3005 3006
3 1434 1440 1648
3 722 2005 2006
3 1780 2810 3016
3 54 2130 3357
3 2130 3355 3357
3 43 877 3017
3 43 500 1222
3 43 1222 3017
3 1222 2272 3017
3 78 2272 3017
3 1525 2334 3018
3 336 2334 3018
3 622 1525 3018
3 1834 4252 4253
3 574 4218 4219
3 1578 1824 2888
3 1676 2882 2886
3 1121 2419 3022
3 154 746 3225
3 154 448 746
3 248 1121 3039
3 248 1121 2420
3 1121 1278 3039
3 2771 2772 2774
3 332 2636 4167
3 2484 2486 2777
3 69 444 2777
3 1280 2770 2774
3 1169 1280 2774
3 2770 2771 2774
3 1021 2770 2771
3 1742 3122 3124
3 1737 1742 3124
3 763 1737 3124
3 1011 2775 2776
3 1011 2771 2775
3 763 1737 2995
3 1077 1320 1827
3 56 2743 2781
3 1407 1901 2779
3 424 1901 2779
3 424 2778 2779
3 531 2778 2779
3 1182 2986 2988
3 766 1407 2780
3 762 1320 1827
3 762 1320 2867
3 1080 1295 2782
3 5 509 2472
3 5 509 2782
3 3959 3960 4248
3 5 2077 2782
3 1295 2077 2782
3 1295 2077 2467
3 1405 3502 3503
3 1472 1869 3870
3 624 3314 3660
3 1071 3664 3665
3 1916 1917 3429
3 586 1739 2788
3 1401 2145 3512
3 1194 2790 2791
3 1575 2790 2791
3 1575 2252 2789
3 1317 1869 2795
3 258 2329 3920
3 1548 4135 4263
3 1337 3123 3125
3 181 1625 3330
3 181 2203 3330
3 1483 1869 2795
3 1472 1483 1869
3 1575 2789 2790
3 1897 2789 2790
3 1897 2788 2790
3 1463 2788 2790
3 1194 1463 2790
3 1169 1280 2791
3 1280 1575 2791
3 1009 1019 2797
3 2285 2456 3057
3 1459 3653 3659
3 2693 2798 2800
3 389 1606 3055
3 389 1548 3055
3 2284 2456 3057
3 702 2284 3057
3 558 3053 3054
3 849 1548 3055
3 530 3472 3793
3 530 3793 3864
3 3781 3976 3977
3 3780 4009 4292
3 1712 4009 4292
3 1898 2979 3474
3 3967 3968 3992
3 1147 2342 2343
3 451 594 2803
3 451 594 2151
3 222 451 2803
3 222 451 1150
3 451 1150 1617
3 123 1611 3455
3 1277 2805 2806
3 820 960 3809
3 960 2545 3809
3 3769 4303 4317
3 408 4303 4317
3 609 1276 2458
3 479 3849 3910
3 392 2118 3677
3 1480 1961 2899
3 643 1963 2056
3 708 811 2136
3 1255 2068 2817
3 1419 2136 2810
3 1419 1780 2810
3 211 357 3337
3 1183 1254 2814
3 1183 1336 2814
3 210 1888 4053
3 1079 1335 1874
3 659 2815 2816
3 1444 2606 3866
3 2068 2816 2818
3 1252 2068 2818
3 659 2816 2818
3 659 2222 2818
3 1252 2222 2818
3 339 404 722
3 339 722 2819
3 461 722 2819
3 1264 2162 3622
3 1053 1115 3096
3 1115 2654 3096
3 1246 2872 3026
3 2872 3026 3027
3 252 1232 2823
3 1232 1980 2823
3 1013 1980 2823
3 1022 3161 3392
3 190 2019 3381
3 346 527 1933
3 346 1933 2824
3 389 2693 2975
3 389 1606 2693
3 1314 2355 3001
3 765 2465 3363
3 775 1955 3546
3 775 2569 3546
3 2146 2822 3094
3 2146 3093 3094
3 1348 2146 3093
3 1348 3093 3094
3 942 2346 2833
3 1713 2346 2833
3 1003 2685 2831
3 942 2832 2833
3 2685 2831 2834
3 1642 2685 2834
3 1001 2831 2832
3 1750 2921 2922
3 549 2293 3525
3 1765 1799 2833
3 506 1765 1799
3 1069 2648 2837
3 1344 2648 2649
3 2646 2648 2837
3 1344 2646 2648
3 1781 2646 2837
3 798 3522 3524
3 798 2920 3524
3 377 409 2190
3 1878 3280 3281
3 828 2000 3662
3 828 2069 3662
3 1622 2842 3668
3 498 834 3430
3 2147 3443 3444
3 465 2348 3430
3 1415 2449 4030
3 297 757 2838
3 757 2838 2936
3 678 2146 3230
3 1423 2146 3230
3 1156 1308 1628
3 1156 1628 2939
3 460 2936 2938
3 460 1271 2936
3 483 2711 2845
3 4301 4302 4303
3 408 4302 4303
3 968 1603 2896
3 778 891 1516
3 778 1516 2846
3 1290 2182 3339
3 1119 1520 1724
3 1486 1975 3243
3 1272 3063 3322
3 778 2422 2846
3 922 3868 4333
3 1338 2368 3314
3 688 1249 3191
3 1249 2241 3191
3 1100 1428 2761
3 1365 1954 2851
3 1365 2851 2855
3 101 749 3359
3 101 749 2853
3 1822 1823 2857
3 528 2850 2851
3 596 2853 2854
3 984 2924 3466
3 989 3465 3466
3 989 2924 3466
3 3115 3807 4327
3 3115 4327 4328
3 262 978 1790
3 468 2897 2898
3 704 2866 3143
3 609 1451 3142
3 273 3799 4174
3 1291 2764 4176
3 1291 2762 2764
3 609 2089 4175
3 1451 3141 3142
3 1451 2806 3141
3 7 397 2987
3 1227 1912 3144
3 212 4274 4276
3 4274 4275 4276
3 486 3322 3323
3 486 2442 3323
3 1498 1832 2879
3 59 270 517
3 554 2665 3139
3 554 2592 2665
3 1555 1618 3027
3 539 1555 3027
3 1831 2641 2871
3 1985 1986 2875
3 771 1985 1986
3 823 2876 2877
3 2877 2878 2879
3 1708 2877 2879
3 1708 2876 2877
3 1498 2878 2879
3 806 1494 2880
3 823 2878 2880
3 806 823 2880
3 770 806 1783
3 2003 4025 4100
3 2003 4024 4025
3 1045 1613 2473
3 1045 2473 3432
3 1289 2413 3416
3 1289 2185 3416
3 746 2363 2884
3 2086 2363 2884
3 772 2086 2363
3 2063 2086 2884
3 1610 2210 2886
3 1610 1678 2886
3 780 2883 2884
3 2883 2884 2885
3 780 1259 2063
3 1074 1260 1492
3 1074 1260 2372
3 1260 2292 2372
3 32 1484 3329
3 32 3329 3495
3 1025 2127 2166
3 1025 2166 2647
3 1025 1654 2647
3 168 2250 2650
3 3825 3971 3974
3 598 3004 3727
3 3003 3004 3727
3 653 886 1946
3 796 2250 2450
3 653 1946 2652
3 2250 2450 3845
3 1186 1949 2961
3 1949 2657 2961
3 359 1798 2441
3 359 2441 2659
3 1798 2315 2441
3 1327 2901 3887
3 528 860 1428
3 860 1428 2761
3 217 411 4242
3 404 722 2006
3 1101 1319 2661
3 1319 2660 2661
3 984 2347 2999
3 950 984 2999
3 977 1389 2999
3 850 1389 2999
3 1078 2629 2667
3 1697 2629 2667
3 635 1697 2629
3 417 1437 2633
3 1437 2633 2668
3 674 3034 3325
3 1108 1477 2670
3 1755 2669 3514
3 555 1755 2669
3 1144 1608 1998
3 1144 1608 1755
3 1144 1755 3514
3 1850 1852 1853
3 524 2668 2669
3 377 409 2248
3 409 2248 3521
3 1144 3513 3514
3 904 1608 1755
3 555 904 1755
3 1378 2679 2680
3 1047 2679 2680
3 616 2674 2676
3 152 234 2678
3 289 1813 3589
3 289 3588 3589
3 1377 2674 2675
3 1377 2675 2679
3 690 2674 2675
3 2986 2987 2988
3 152 557 2678
3 152 557 2325
3 2016 2676 2683
3 1196 1716 2976
3 1196 2976 2977
3 1146 1377 2679
3 1047 1146 2679
3 847 1047 2680
3 591 847 2680
3 815 876 2187
3 1195 1716 2682
3 1716 2681 2682
3 2016 2344 2683
3 1476 3297 3449
3 1476 3297 3298
3 942 1001 2832
3 1581 2396 2397
3 759 2514 3130
3 759 2515 3130
3 3067 3068 3569
3 1250 3206 3207
3 1602 3412 3414
3 1116 3417 3678
3 1489 3417 3678
3 1489 2546 3678
3 2546 2547 3678
3 380 2155 2692
3 1894 1896 2916
3 1894 2578 2916
3 37 216 773
3 1180 1797 2741
3 95 485 720
3 95 485 2750
3 216 1771 2320
3 185 243 2692
3 37 243 2692
3 37 216 243
3 1079 1335 3420
3 1335 2815 3420
3 394 569 1992
3 569 1992 2914
3 1209 1993 2914
3 129 1209 1993
3 1839 3083 3418
3 1022 3383 3418
3 65 2396 2397
3 65 2397 2696
3 952 2254 3387
3 1372 2304 2755
3 952 3385 3387
3 952 1784 3385
3 661 2865 3496
3 952 1625 1784
3 742 1625 1784
3 742 1784 2696
3 742 1613 2473
3 458 1692 3952
3 25 2519 2703
3 41 2519 2703
3 2313 4082 4224
3 25 1126 2703
3 140 1126 2703
3 41 140 2703
3 289 2723 3588
3 550 639 3405
3 550 1659 3405
3 835 3567 3588
3 835 3566 3567
3 835 2723 2724
3 835 2723 3588
3 480 927 1274
3 480 927 2708
3 480 1175 2708
3 480 1175 2374
3 1175 1552 2433
3 1175 1552 2708
3 420 1951 4371
3 486 1041 3322
3 1041 3321 3322
3 1450 2689 2690
3 483 1344 1596
3 1344 1596 2649
3 964 3170 3177
3 964 3170 3552
3 641 896 1569
3 641 1569 2722
3 1225 2219 3571
3 1788 1789 2720
3 616 1788 1789
3 1195 1789 2720
3 557 600 1637
3 600 1195 1637
3 600 1195 2720
3 557 600 2678
3 1239 2398 2721
3 632 3862 4237
3 1590 3862 4237
3 1297 1447 2356
3 1447 2666 3590
3 1297 1447 2666
3 1709 1929 2721
3 166 1709 1929
3 153 166 1709
3 1929 2721 2722
3 49 964 3169
3 379 3401 3402
3 379 754 3401
3 603 3927 3950
3 1239 2721 2722
3 347 501 3921
3 671 3922 3923
3 2585 3758 3809
3 1585 3758 3809
3 1034 1100 1430
3 2192 3002 3003
3 227 3002 3003
3 1635 1673 3891
3 29 1635 3891
3 180 2730 2731
3 180 421 2731
3 1392 2835 3129
3 2314 2730 2731
3 227 2314 2731
3 202 338 2733
3 202 505 2405
3 202 2405 2733
3 1449 2375 2910
3 652 1449 2375
3 1458 3785 3787
3 1130 1576 1578
3 1130 1576 2735
3 1426 3034 3325
3 1426 2591 3325
3 1423 2822 2971
3 1423 2146 2822
3 1184 3083 3418
3 1184 3383 3418
3 817 2279 2280
3 817 2280 2740
3 817 1294 2740
3 1436 1657 2740
3 1294 2121 2740
3 1294 2120 2121
3 2184 3162 3419
3 470 2184 3419
3 3761 3855 3856
3 3761 3855 4055
3 3580 3581 3583
3 56 2742 2743
3 2742 2743 2745
3 596 2854 3601
3 2036 2854 3601
3 2208 3750 4344
3 2208 3750 4358
3 56 2512 2742
3 293 1500 2746
3 293 1500 2727
3 1837 2746 2747
3 2743 2745 2747
3 1757 2021 3391
3 1757 3383 3391
3 95 720 1748
3 267 854 2413
3 267 2413 2751
3 1710 2937 2938
3 1404 1710 2938
3 570 2254 3387
3 3171 3173 3401
3 1261 2028 2249
3 132 2752 2753
3 1311 2752 2754
3 1311 2752 2753
3 743 2626 3320
3 1706 2626 3320
3 242 743 3320
3 2027 2030 2757
3 862 2144 2758
3 650 2144 2758
3 441 650 2758
3 1212 2852 2853
3 101 2005 3359
3 528 860 2850
3 1393 3716 3717
3 646 3716 3717
3 1891 2763 2764
3 2762 2763 2764
3 874 1833 4066
3 608 874 1833
3 1364 2562 3597
3 2126 2562 3597
3 2211 2611 2765
3 94 2611 2765
3 2211 2212 2765
3 94 2210 2765
3 2210 2212 2765
3 361 1577 2735
3 361 1577 3008
3 2659 2930 3224
3 2412 2930 3224
3 435 3033 3217
3 435 3217 3219
3 488 674 1818
3 1484 1878 3281
3 636 943 3035
3 250 1997 2537
3 244 250 1997
3 1544 3333 3925
3 1943 3819 3820
3 1943 3820 3823
3 76 647 661
3 76 661 3496
3 1991 4334 4335
3 1991 3508 4334
3 869 2132 3842
3 823 2877 2878
3 449 1944 2020
3 1229 2020 2539
3 1229 1944 2020
3 1095 1392 3129
3 2731 3128 3393
3 421 2731 3393
3 2020 2152 2540
3 2020 2539 2540
3 1620 1815 2566
3 1099 2146 3011
3 678 2146 3011
3 687 2151 3422
3 687 1133 2151
3 36 3899 4295
3 36 3899 4288
3 2516 2769 2890
3 358 1413 2058
3 358 1413 3101
3 1476 2673 3865
3 1764 3137 4437
3 689 2546 2547
3 1375 2009 2621
3 320 1375 2621
3 52 1208 2549
3 1208 2201 2549
3 1840 2547 2548
3 951 1495 2233
3 951 1495 2550
3 1434 2476 3609
3 951 2549 2760
3 2201 2549 2760
3 951 2550 2760
3 1835 3465 3466
3 892 1241 2550
3 892 1495 2233
3 892 1495 2550
3 283 891 1805
3 743 3603 3607
3 1434 3008 3468
3 1434 3468 3609
3 23 786 3012
3 500 2102 2552
3 208 691 2503
3 208 1603 2503
3 1567 2965 2966
3 1567 2966 3570
3 607 1188 2198
3 607 1188 3195
3 1571 3449 3585
3 2693 2800 2801
3 1606 2693 2801
3 1019 2172 2799
3 1019 2797 2799
3 208 1563 2553
3 208 666 1563
3 208 666 691
3 1180 2315 2742
3 199 2512 2742
3 199 2315 2742
3 990 3012 3252
3 185 380 2692
3 916 2808 3187
3 481 1358 3188
3 1044 2155 2281
3 1044 2155 2695
3 2126 2561 2562
3 327 2562 2563
3 327 2561 2562
3 273 4173 4174
3 466 4173 4174
3 281 1214 1567
3 1497 2310 3740
3 1497 3738 3739
3 1497 3739 3740
3 97 281 1856
3 97 281 1567
3 3627 4224 4226
3 97 245 1856
3 96 1955 1956
3 995 2287 3621
3 1363 3310 3312
3 966 1166 2551
3 186 759 1884
3 186 759 3768
3 1505 4135 4411
3 225 4135 4411
3 4201 4205 4209
3 3949 4205 4209
3 1448 2656 2658
3 1448 2656 3111
3 127 2656 2658
3 407 2103 2575
3 407 2105 2575
3 1230 2103 2575
3 12 652 4059
3 1478 1894 2578
3 1122 1478 2578
3 326 329 2581
3 541 1722 2581
3 329 1722 2581
3 163 1662 2445
3 1038 1122 2579
3 1122 2578 2579
3 845 1641 2315
3 1641 2315 2441
3 1641 2441 2659
3 51 2400 2401
3 1038 2579 2580
3 832 4259 4260
3 4258 4259 4260
3 2385 3810 3811
3 3810 3811 3812
3 584 2298 2582
3 584 2582 2583
3 2078 2080 2830
3 325 2078 2830
3 909 2650 3752
3 168 2650 3752
3 522 1362 1675
3 815 2188 2586
3 815 2187 2586
3 1315 2588 2589
3 131 2588 2589
3 1315 2589 4143
3 2589 4142 4143
3 399 1460 2590
3 399 1460 3355
3 983 2603 4270
3 983 2603 3995
3 3983 3984 3990
3 1117 3052 3053
3 1016 2598 2940
3 1016 2940 3444
3 364 772 2700
3 680 781 2700
3 2049 2599 2600
3 2049 2599 3051
3 3122 3123 3124
3 763 3123 3124
3 375 3493 3867
3 2107 2147 3041
3 2107 3040 3041
3 440 711 2602
3 440 1910 2602
3 2594 2595 2597
3 2047 2594 2595
3 2059 2942 3444
3 2059 2147 3444
3 138 2060 2942
3 871 2346 3279
3 871 2301 2346
3 2285 2421 3057
3 702 2421 3057
3 2172 2799 3378
3 2799 2800 3378
3 1939 3718 3719
3 1939 2607 3718
3 3719 4071 4072
3 1145 1815 3756
3 57 1674 3764
3 57 3764 4375
3 284 3493 3867
3 1317 1869 2366
3 1869 2366 3870
3 3655 3994 4253
3 232 2605 2607
3 232 358 2605
3 232 1541 2607
3 232 358 1541
3 1751 1888 3721
3 210 1751 1888
3 57 1959 4375
3 1677 2504 2610
3 1677 2609 2610
3 1216 2609 2610
3 2504 2610 2611
3 94 2610 2611
3 875 4127 4208
3 590 2368 2766
3 590 1639 2368
3 146 2121 3015
3 146 3014 3015
3 2168 2169 3680
3 1199 2168 2169
3 1150 1504 2617
3 452 1504 2617
3 143 452 2617
3 143 390 2617
3 390 2242 2617
3 777 3452 3454
3 390 777 3454
3 4256 4258 4260
3 534 4256 4260
3 468 1746 2898
3 468 1496 1746
3 335 1548 4263
3 335 3791 4263
3 600 2677 2720
3 1706 2364 2625
3 1870 2364 2625
3 1974 3452 3453
3 320 1873 2627
3 685 1873 2382
3 685 1873 2627
3 459 752 3591
3 752 3303 3591
3 907 1078 2629
3 635 907 2629
3 2950 2951 3538
3 3840 4249 4369
3 3840 4249 4379
3 175 3725 3906
3 3802 4266 4380
3 27 2769 3100
3 1378 2976 2977
3 366 1509 2983
3 366 498 2983
3 1178 1773 3686
3 1178 1773 2323
3 249 2478 3489
3 555 667 2669
3 62 555 667
3 1609 1886 3089
3 508 1886 3089
3 3527 3530 3617
3 668 2405 2406
3 1050 2858 2923
3 3603 3604 3607
3 2701 3604 3607
3 1915 2156 3251
3 2036 3601 3602
3 1119 1520 2389
3 1204 1749 2921
3 1204 1750 2921
3 788 4109 4110
3 656 788 4109
3 505 2406 2635
3 505 2405 2406
3 1284 2406 2635
3 400 1338 2639
3 179 400 2639
3 141 3256 3257
3 487 1745 3037
3 117 271 2988
3 313 1987 1988
3 313 1988 3442
3 838 2257 2640
3 784 838 2257
3 2087 2296 4210
3 2087 4210 4355
3 23 3013 3214
3 23 3012 3013
3 543 842 3037
3 7 397 4250
3 496 2686 3431
3 923 3572 3573
3 1559 3071 3072
3 2418 3071 3072
3 250 1723 3671
3 1095 1810 2538
3 1459 3316 3318
3 1419 2136 3800
3 400 455 3477
3 400 3153 3477
3 2385 3506 3811
3 710 3506 3811
3 828 1653 2428
3 828 1653 2000
3 682 828 2069
3 682 828 2428
3 1741 2792 2794
3 135 935 4271
3 2637 2638 4167
3 2636 2638 4167
3 37 773 1984
3 37 1984 2913
3 339 2819 3273
3 459 752 3985
3 431 628 3084
3 431 1809 3084
3 1636 2431 3335
3 1899 2430 2431
3 2361 3772 3773
3 455 1338 3314
3 354 1441 2434
3 41 354 2434
3 41 92 354
3 652 2375 2435
3 1169 2375 2435
3 470 1839 2437
3 1007 1012 2439
3 1007 1553 2439
3 714 3632 4370
3 714 4370 4371
3 519 1557 3263
3 519 1743 3263
3 1066 1879 2445
3 1251 2072 3076
3 2072 3075 3076
3 1879 1881 2445
3 1201 1879 1881
3 3031 3032 3132
3 1251 2061 3076
3 1461 2651 4360
3 1087 3996 4422
3 1087 3996 4036
3 4203 4210 4274
3 1740 1741 2794
3 1740 1741 2071
3 1740 2794 3122
3 358 1541 2058
3 954 1994 3102
3 954 1209 3102
3 628 3085 3870
3 1472 3085 3870
3 1859 3171 3173
3 1932 2454 2455
3 161 2454 2455
3 1584 2284 2456
3 552 1584 2284
3 1276 2457 2458
3 1233 3596 3597
3 2126 3596 3597
3 4232 4338 4406
3 87 2457 2458
3 60 87 2457
3 1048 1153 3446
3 1048 1556 3446
3 1988 3259 3442
3 1334 1973 1988
3 1189 1763 2990
3 695 1763 2990
3 890 1882 2460
3 890 2386 2460
3 734 2386 2460
3 1186 1312 4438
3 542 1189 2990
3 45 4094 4413
3 45 4093 4094
3 464 2821 2822
3 261 1187 2465
3 204 704 3808
3 204 2496 3808
3 240 263 1806
3 1154 1295 1296
3 1295 2466 2467
3 1295 1296 2466
3 1365 2855 3358
3 273 3738 3799
3 527 2244 2474
3 527 1933 2244
3 1254 1566 2224
3 561 1370 2475
3 1434 2475 2476
3 1434 1648 2475
3 1480 2899 2900
3 3148 3480 3497
3 3149 3480 3497
3 562 2706 4247
3 1142 2482 2483
3 13 2482 2483
3 93 947 1883
3 93 947 2488
3 419 2484 2487
3 419 2483 2487
3 413 2140 2489
3 1256 2140 2489
3 93 2487 2488
3 13 93 2487
3 114 766 2780
3 114 2780 2934
3 419 2484 2486
3 419 2483 2485
3 419 2485 2486
3 1142 2483 2485
3 401 1311 3437
3 1325 2893 2919
3 1017 2892 2919
3 1017 2892 2893
3 2892 2893 2919
3 2279 2280 3417
3 138 2060 2061
3 60 2459 2505
3 2160 2459 2505
3 199 839 2490
3 672 839 2490
3 250 2538 3674
3 250 3671 3674
3 646 2762 3496
3 1569 1863 2714
3 1465 2492 3066
3 2492 2493 3066
3 1263 1966 3560
3 2137 2351 3559
3 84 1083 1828
3 1083 1828 2495
3 1828 2494 2495
3 1828 1842 2494
3 2966 2967 3570
3 378 2497 2498
3 2226 2276 2497
3 2226 2497 2498
3 478 2226 2498
3 294 1498 2868
3 599 1719 2501
3 789 1442 2502
3 1712 4009 4013
3 1263 2502 2503
3 2097 2502 2503
3 691 867 2097
3 691 2097 2503
3 130 790 3830
3 2154 2439 2508
3 1553 2439 2508
3 1084 2508 2509
3 227 784 3128
3 753 2275 2510
3 753 2419 2510
3 3627 4082 4231
3 3627 4082 4224
3 1180 1798 2315
3 640 2741 2744
3 253 2741 2744
3 293 1837 2746
3 464 2070 2821
3 537 863 2517
3 537 2517 2518
3 1283 2517 2518
3 2432 3932 4241
3 2432 4239 4241
3 784 838 3128
3 113 2074 3294
3 99 2401 2403
3 583 4200 4202
3 1319 1615 2660
3 1319 1615 3645
3 809 1822 3293
3 2631 3629 4220
3 2631 3494 3629
3 1056 1514 3234
3 544 1056 1514
3 70 2115 2524
3 274 2115 2524
3 1190 1889 2525
3 1366 2043 2527
3 604 1366 2043
3 1088 1366 2527
3 244 250 1723
3 1545 2062 3672
3 768 3327 3328
3 1162 1439 2530
3 471 2528 2530
3 1439 2528 2530
3 632 2308 2713
3 92 2308 2713
3 1648 2263 2265
3 50 1997 2335
3 1997 2335 2537
3 674 768 1818
