OFF
2184 4364 0

178.395 111.093 40.449
98.8439 92.7488 27.0124
136.462 87.1242 123.644
122.872 123.918 133.979
118.498 76.2446 121.972
137.111 34.0535 54.238
111.721 87.8496 43.0589
124.678 45.2949 43.1172
75.0297 124.718 121.497
152.985 99.9766 121.124
96.3088 109.855 130.985
95.0367 114.621 133.241
178.778 111.031 42.0401
104.424 94.0153 127.988
184.979 130.388 53.3194
158.968 77.6527 106.35
173.675 159.686 27.0693
99.0628 208.285 46.3354
98.1214 87.9598 122.961
123.472 191.932 107.797
96.9989 94.0325 125.955
67.0323 85.9336 96.4869
148.636 59.0184 104.142
152.925 90.046 117.173
77.1444 197.983 84.7917
80.0134 91.3853 116.096
125.955 83.023 125.121
156.755 164.304 120.552
146.477 96.2982 26.01
107.58 62.4338 43.0343
161.873 78.0219 51.1123
119.635 83.6342 124.971
156.968 157.538 122.596
126.955 79.0243 122.301
113.459 174.054 12.0105
83.0144 136.161 128.122
120.878 160.943 7.4213
174.982 103.898 97.3365
72.0174 156.136 19.353
84.3356 171.148 120.936
146.921 35.0403 70.5373
73.154 91.0918 111.144
103.866 30.0412 66.7457
139.35 115.356 132.962
105.752 159.179 5.0206
64.0481 160.244 29.3911
181.991 125.959 88.5329
85.1846 80.0621 36.9233
103.247 55.1275 48.4592
130.214 81.8976 122.985
125.635 96.7625 129.894
94.7488 90.0849 122.79
112.56 109.404 133.985
64.3717 132.435 37.0132
61.0754 136.114 111.796
140.399 112.136 131.951
101.054 109.353 131.246
77.6183 152.527 13.0424
136.821 50.3097 105.676
158.314 53.0208 88.2567
53.0225 144.734 56.3062
118.563 97.6797 130.895
130.37 68.0532 117.556
180.988 170.837 73.7318
106.57 52.0779 109.714
137.713 122.847 133.777
150.226 122.256 32.0152
124.916 96.3418 129.923
77.9898 193.976 51.7897
102.101 100.201 129.849
135.82 102.396 130.953
125.73 96.13 129.145
145.066 168.014 123.985
91.852 203.988 91.0516
127.126 90.2819 127.877
127.243 75.2436 120.899
69.573 190.966 69.4226
80.0102 107.932 121.994
135.112 114.782 133.971
109.575 210.985 81.5024
176.981 99.1122 61.6187
180.836 172.873 71.4897
161.191 187.981 100.345
117.073 96.8657 129.906
133.907 97.9589 128.678
128.611 98.43 130.633
57.0158 108.521 90.3258
52.7543 145.909 57.7114
124.301 36.0616 92.3423
141.274 103.173 129.97
115.221 87.7192 125.965
104.713 30.0364 69.575
68.0424 96.4435 106.396
106.539 95.0707 128.593
108.122 98.9747 129.745
91.1177 109.616 128.65
85.5261 150.68 11.0184
130.938 91.6942 128.245
84.003 93.6846 119.974
92.0402 85.5433 119.407
54.0162 126.324 73.1108
75.0348 53.5991 76.9654
172.986 91.8623 41.8405
60.0098 158.805 47.0923
181.982 124.594 40.9571
184.971 154.373 56.4618
159.588 123.468 121.973
53.0094 135.779 65.0122
86.2556 37.1643 73.5757
122.8 100.922 131.958
171.961 184.313 84.5282
121.331 33.0694 63.0595
175.962 101.427 41.4988
57.0054 151.91 52.2849
180.492 117.75 41.0478
179.952 155.493 101.192
182.99 163.158 64.5725
113.779 102.752 131.975
149.929 118.53 127.664
95.1799 33.1932 70.8951
53.0164 140.584 60.9956
56.0162 161.429 88.5898
122.929 92.4694 128.054
124.042 98.7292 130.912
176.88 178.22 78.6632
151.018 198.955 43.5958
112.812 31.1818 65.6087
176.993 106.358 41.4439
165.082 106.08 24.0113
87.6362 176.471 13.0394
54.0114 149.213 76.2022
108.744 89.3445 125.957
55.0119 127.56 50.3019
82.8971 139.009 28.695
168.969 190.438 58.5215
54.1225 148.827 54.3131
54.0027 157.694 65.1042
58.3042 141.731 44.0626
167.017 124.163 33.0511
179.987 106.471 52.8749
81.4442 73.4684 107.94
169.916 158.814 113.237
102.275 71.9003 118.972
98.6565 39.2814 92.5873
127.912 96.3578 129.877
173.979 107.672 30.6948
178.99 114.517 41.2828
182.962 115.286 50.106
174.673 117.898 33.0479
124.24 94.2679 128.936
180.988 116.834 69.9263
181.993 167.585 68.6603
182.984 151.802 81.4331
175.466 174.972 54.5043
145.562 181.362 16.0132
120.106 94.806 128.984
114.823 129.012 19.5359
111.57 39.1343 51.1399
115.914 100.073 130.965
88.0492 41.876 53.4296
176.741 170.937 94.2725
144.724 116.105 129.981
99.9725 32.0179 69.4572
102.447 32.0371 82.3349
96.8877 34.9083 58.0493
53.0114 143.012 58.9636
52.1441 148.115 66.9421
54.0193 136.339 52.7567
64.0649 101.992 36.4643
132.132 148.474 135.968
183.937 161.212 76.8101
91.7625 67.8173 47.0135
67.0446 78.2694 61.1923
124.57 97.7605 129.955
121.639 97.1377 130.081
120.486 35.024 77.8904
150.742 108.225 126.979
178.974 174.97 75.5704
173.988 183.211 67.4964
180.693 168.918 84.3899
140.988 76.0575 117.82
85.3616 120.947 127.907
126.355 98.8398 130.962
129.051 106.041 132.328
128.189 102.386 130.973
83.9391 163.95 10.0162
108.503 30.0425 66.8979
107.351 33.8709 58.0822
111.786 32.0408 75.5702
177.985 108.713 41.2972
179.988 107.639 46.9219
175.992 108.53 35.959
165.808 98.4388 110.341
54.1504 154.979 58.2978
59.8331 166.981 57.58
70.0512 176.902 41.5862
53.0082 144.757 63.5157
53.0463 141.289 70.3914
55.0232 136.346 85.1927
148.836 137.365 128.966
77.1144 99.7483 118.792
67.4899 110.663 112.968
175.986 114.263 36.8103
151.279 204.497 77.765
53.0141 138.943 56.5667
53.0083 131.623 58.6402
55.0087 116.368 61.1552
178.961 173.636 62.7057
105.495 118.33 137.96
56.1439 143.645 50.2904
118.753 104.116 132.553
103.895 97.3256 128.985
109.933 80.3475 122.981
176.442 144.196 41.0146
180.516 113.62 46.0131
127.616 93.608 127.964
107.065 92.1177 126.988
112.838 93.1584 127.978
103.304 88.4986 124.986
102.212 81.334 121.972
94.8638 102.711 127.979
152.894 180.191 113.858
131.206 96.5263 129.915
157.177 142.708 20.0544
130.955 86.1233 126.816
173.847 137.061 111.849
89.7065 208.958 68.0373
81.6983 189.018 105.979
89.5815 95.2366 124.882
157.503 51.4814 52.0416
106.865 143.896 135.988
99.0488 31.1027 76.3125
92.2507 37.0447 83.2682
84.0256 50.5525 92.8094
176.957 177.975 70.1013
59.1583 171.647 74.5689
164.939 195.731 73.8379
81.2723 143.321 18.4135
99.0803 138.281 15.0583
144.669 124.131 129.983
140.01 133.141 132.982
53.0309 147.059 55.583
53.0642 150.452 58.8129
55.0321 145.65 53.0065
161.892 110.229 119.258
57.0393 148.117 49.6824
58.0598 153.124 46.4632
63.0394 155.546 38.1489
74.134 172.855 23.2144
86.6503 189.98 31.221
99.5978 97.1155 127.841
96.0966 33.6123 64.422
88.7385 37.0417 60.8389
77.0964 47.0009 63.1062
68.033 147.539 28.7312
95.7488 129.993 134.986
112.569 97.201 129.977
178.988 107.061 43.8961
176.994 102.613 47.1385
118.654 90.8017 126.953
172.849 102.17 35.1111
162.452 91.0197 29.5033
112.967 34.7609 87.0322
121.654 113.863 132.977
113.483 51.2197 42.0094
128.985 66.6796 41.0038
65.1305 180.92 93.7504
185.99 151.237 68.917
185.923 136.337 76.2052
126.855 97.0468 129.161
171.971 120.684 111.445
113.007 42.5501 99.9503
79.0443 82.8894 110.706
54.0248 141.517 53.319
131.374 77.6994 120.953
136.173 81.2928 121.954
145.093 84.5906 119.981
176.964 107.589 38.6728
174.983 104.909 36.7583
178.963 173.415 81.1596
175.513 177.927 85.9808
169.906 181.39 95.8073
163.291 160.032 117.962
164.976 172.45 109.958
164.903 145.59 119.688
164.613 183.961 39.3773
85.8414 87.6498 116.988
87.032 77.6818 115.326
92.3076 65.0606 111.526
123.263 96.6899 129.954
121.982 95.5109 128.963
150.529 161.922 125.551
138.935 158.603 130.925
121.538 172.599 121.979
149.304 149.907 128.963
123.644 160.283 130.953
102.941 165.634 129.97
116.614 140.128 0.0798673
65.0369 166.896 38.7707
152.95 127.303 127.218
159.984 135.205 122.118
110.905 111.943 37.1318
123.043 76.6925 121.958
121.508 68.8674 117.983
124.472 55.1542 112.677
178.954 112.673 41.219
177.899 113.228 38.6393
179.972 112.729 43.6213
177.99 116.931 38.4325
180.704 121.236 37.1212
175.972 130.874 33.863
163.479 137.659 38.0439
180.978 115.84 43.6571
182.425 120.967 45.0911
183.957 127.531 47.0038
182.999 137.96 46.3282
179.984 110.56 45.8507
179.988 110.646 50.6027
180.986 113.267 60.3902
185.984 142.008 57.7424
183.994 122.529 53.1475
183.898 126.296 64.034
133.455 94.3733 127.935
141.663 95.6547 125.922
134.887 90.3179 126.467
137.289 96.0846 126.507
139.279 91.4811 123.945
146.399 91.5837 121.975
150.411 78.2822 112.962
122.863 87.3031 126.968
74.0314 78.8722 101.572
68.4198 70.1826 84.9653
75.8975 64.4577 96.9589
173.993 96.9435 45.8407
169.101 88.0123 53.0624
171.992 73.5934 76.2578
175.979 97.8804 53.6568
169.977 77.6797 62.7895
165.991 60.1611 65.5752
143.234 195.949 105.462
129.093 205.97 91.2756
130.637 215.98 67.6669
180.981 110.752 55.7688
178.824 106.253 61.2149
179.984 102.968 75.9666
106.318 32.0401 62.7365
179.981 127.005 35.9137
180.892 134.327 39.3536
174.634 124.482 33.0135
124.624 105.094 131.815
125.725 110.277 132.978
128.153 117.139 133.977
111.818 69.7631 118.968
105.061 61.9722 114.676
174.977 88.4866 72.8252
170.993 85.5159 91.7943
182.991 116.167 55.8146
182.171 120.028 61.5481
111.537 32.0601 70.4722
117.676 35.423 68.7964
126.085 32.0092 71.0384
132.56 32.0626 82.6825
138.901 40.8801 93.6418
130.344 172.397 17.0224
117.393 189.818 35.1899
141.936 155.032 10.0098
101.98 33.0222 59.3576
102.593 39.0295 53.7064
181.99 116.744 46.9768
183.985 119.622 49.7531
106.272 105.106 131.906
131.402 31.1973 62.2864
131.449 72.9124 118.981
137.734 69.3538 116.953
135.229 59.5689 111.924
145.898 70.1563 112.564
124.843 95.2845 129.29
126.009 94.0697 128.643
123.427 95.1959 129.807
126.181 92.1184 127.979
124.305 89.988 127.979
125.948 87.5666 126.967
115.545 60.3743 115.606
84.4347 101.207 122.974
99.3476 128.011 32.364
71.0572 62.3941 63.5329
53.0297 153.345 62.8714
53.0177 153.369 68.3921
56.0147 161.31 75.0982
147.887 80.0107 37.2127
178.977 102.79 68.219
126.211 35.1106 53.4371
180.387 166.815 56.0325
176.871 167.498 40.5423
82.3813 44.0233 82.7578
156.982 205.42 60.0367
177.329 104.014 43.9809
176.299 111.303 37.0149
174.893 112.333 32.3104
167.632 115.712 26.0437
155.589 113.745 25.0371
140.138 110.82 27.4699
133.477 97.326 46.0617
133.4 128.811 25.01
171.747 111.923 27.4836
95.1514 98.1768 126.98
90.3742 100.496 125.91
181.82 169.929 70.8007
182.909 165.377 73.5136
180.933 171.639 66.4958
184.951 159.733 70.1863
181.958 168.659 61.4582
181.99 166.212 79.2949
181.987 159.826 86.1173
181.979 151.019 91.8819
180.92 142.23 101.825
182.972 141.377 85.9524
185.944 156.428 63.6293
177.954 128.646 101.567
55.0692 139.311 49.4959
56.0297 133.262 47.4456
58.0124 126.033 41.0204
67.5413 117.301 30.0291
56.2593 114.141 47.6615
61.0728 97.3301 57.8714
81.0505 102.724 25.0166
174.698 182.854 74.2263
169.982 189.345 71.6561
177.977 95.9785 72.4469
175.949 94.9486 84.9212
121.325 89.9587 127.974
119.767 87.855 125.96
136.737 32.0344 71.4782
167.979 190.477 79.9784
158.948 197.554 84.4341
164.975 190.188 90.4093
146.545 201.984 91.9506
53.6636 128.035 65.5212
135.243 108.462 132.929
53.0529 149.398 56.523
55.0171 152.204 55.3111
56.2679 157.767 53.4134
57.0088 161.054 59.3077
58.0249 166.628 66.7536
64.0096 178.861 63.6319
173.963 91.6131 59.0195
123.586 72.5245 119.967
135.863 75.7806 118.984
140.044 99.3689 127.893
147.024 101.03 125.606
98.3125 105.527 129.969
102.567 184.591 116.952
54.039 158.41 70.6917
54.019 155.479 76.2302
55.0078 152.304 85.3723
57.2487 151.043 102.953
71.0498 153.881 119.623
55.0386 159.59 81.8599
59.0267 167.703 82.7505
60.0828 170.751 93.6357
69.0225 172.466 110.095
64.0106 177.996 82.7505
68.8753 188.953 85.2882
75.2898 191.962 95.6224
183.989 154.527 74.7555
185.968 146.519 75.7565
186.885 141.704 67.3911
53.0348 123.706 58.9166
54.0292 120.496 67.8006
56.0172 104.22 73.5276
55.047 115.387 79.2639
55.0129 111.681 68.7444
57.1207 106.428 60.257
55.0031 123.127 91.9126
59.0945 104.232 50.0885
66.2791 94.0919 46.4737
73.6914 90.0567 33.2822
141.197 143.761 132.834
90.1623 35.0424 66.9892
83.1738 39.0525 66.3458
79.6745 44.0147 73.6518
166.975 194.572 65.6712
162.977 198.115 57.4602
163.377 190.933 48.4629
160.379 200.957 67.54
152.982 207.003 68.6379
143.635 214.88 57.4647
142.183 212.981 73.3318
124.432 207.955 47.1857
125.092 100.989 130.979
132.003 103.679 130.941
131.463 188.759 24.1826
185.992 149.22 61.7447
168.688 103.066 29.3826
162.778 98.4533 26.0191
168.914 95.3414 32.4566
155.631 104.274 23.1191
167.336 87.0755 36.2972
158.026 82.0138 33.7542
154.943 94.9831 27.5681
148.882 86.5267 29.0308
138.128 89.1419 36.552
126.162 84.5688 44.0492
59.2166 147.702 44.0626
67.0477 143.45 38.4098
54.0104 133.953 72.3872
54.0112 139.489 78.0192
54.0085 130.793 79.6442
56.0167 144.338 84.2072
54.0104 141.902 95.8233
171.965 91.255 48.2227
166.273 85.014 45.0259
116.589 74.486 39.0302
182.989 148.306 48.1226
177.511 155.837 41.0556
105.756 45.9801 48.0664
96.3098 48.1459 52.0187
83.6057 55.6969 50.0132
178.994 109.598 72.0015
178.991 112.974 85.2948
181.976 114.629 77.7998
182.975 125.619 76.4446
142.214 35.0153 79.8931
154.472 42.047 80.2175
158.328 44.0183 65.462
96.02 168.523 6.002
100.96 179.851 12.0946
111.441 185.938 21.5546
102.247 194.961 31.67
54.008 123.038 80.1535
145.747 110.113 129.884
156.619 201.724 51.0482
147.855 208.788 48.6642
136.815 202.731 40.4652
136.102 212.425 48.0322
144.648 193.956 30.4047
103.158 76.2391 44.1068
131.11 211.99 79.983
119.84 210.958 73.2681
105.199 216.99 65.5121
118.571 214.974 58.9639
141.256 87.2387 121.985
135.95 181.718 118.006
62.0214 86.759 78.1441
58.0451 161.555 99.496
63.0175 159.137 111.089
161.96 167.468 115.406
154.578 172.082 116.954
146.202 175.936 118.978
144.339 183.939 114.492
136.044 189.992 110.987
150.833 188.342 106.983
132.306 196.985 103.012
121.344 197.941 96.9978
107.306 197.761 106.945
137.944 174.03 122.988
151.999 195.656 98.9701
54.0098 128.995 87.0899
55.0129 131.974 96.5909
60.1862 121.455 105.768
55.0132 118.544 86.0246
57.0204 115.768 92.9164
62.0878 108.493 101.827
62.1773 97.7007 94.8922
58.0174 120.828 98.5057
57.0169 127.34 102.225
56.048 135.857 104.496
61.0006 128.684 108.971
66.3014 121.221 114.606
66.141 130.108 116.275
69.0545 141.697 119.389
58.4088 143.743 107.978
54.0199 118.13 53.7841
56.2699 111.044 54.4532
106.947 84.6893 123.987
166.378 152.845 116.98
174.985 148.653 110.125
93.6509 58.1498 51.0718
174.934 138.25 36.1899
170.973 148.533 31.0674
167.624 151.317 18.1017
160.984 169.493 16.0482
155.991 152.734 10.0098
168.953 133.89 34.2562
161.557 130.136 35.0273
155.539 138.23 30.1787
145.781 134.247 20.6528
131.81 138.972 10.0076
158.709 122.722 32.0116
117.634 204.847 87.9217
105.099 204.972 92.5741
93.0399 34.06 77.2514
69.0972 88.3562 104.286
55.0075 154.274 94.4923
181.974 119.974 83.5047
178.995 118.794 90.9952
176.987 110.935 93.1996
173.986 112.951 103.714
177.981 103.832 87.1511
129.352 177.472 122.917
122.078 181.976 114.435
130.668 168.438 128.955
112.743 187.97 110.534
112.249 178.967 119.61
102.085 174.983 123.291
92.4585 178.98 118.148
92.5093 189.588 111.872
90.4698 197.436 101.964
81.4485 180.292 113.984
78.2097 146.348 124.981
92.0332 148.49 132.547
81.8917 158.925 124.985
120.779 108.766 133.973
116.917 112.259 134.533
117.561 119.313 134.951
111.975 131.473 136.135
111.336 115.696 135.969
111.552 123.199 137.984
103.533 126.974 137.96
102.359 135.995 136.984
93.9583 139.281 133.961
124.284 137.328 135.976
105.651 112.38 134.985
92.7246 186.452 20.0358
90.1826 138.015 20.9536
90.9792 133.021 29.7067
86.7165 116.923 32.0076
80.1072 128.453 39.0157
90.8629 127.567 39.0185
98.1907 131.03 22.4713
106.969 127.012 25.6932
116.292 117.306 26.021
127.509 113.985 38.0122
105.634 119.826 33.0073
100.984 107.126 27.6423
106.874 135.937 21.0068
109.804 139.007 9.83592
119.85 132.007 8.72407
101.655 148.006 8.02624
82.7037 41.5487 59.0272
82.2381 48.0981 53.6048
74.1126 55.2951 55.6432
75.2222 70.1352 50.4505
131.224 129.976 136.985
132.74 42.0519 49.0184
145.882 44.2924 52.0132
133.329 55.0701 46.0201
144.203 67.7012 48.014
169.971 182.307 48.6774
170.838 175.852 40.689
166.463 176.841 27.0722
156.972 187.365 27.907
172.48 170.83 32.2496
167.981 167.386 23.9057
95.0712 157.428 9.01528
162.975 51.4918 75.6884
165.967 62.9897 82.6407
159.977 65.8605 96.4444
177.977 173.12 86.4864
174.99 175.111 90.8679
172.926 175.583 97.22
173.855 166.685 104.846
167.971 178.538 104.09
172.846 180.731 90.5938
169.492 185.963 91.5191
178.908 168.631 89.6724
178.984 162.621 96.1102
160.153 179.968 108.439
165.913 186.143 96.659
164.757 183.274 101.935
160.253 184.983 105.337
155.774 184.467 109.964
156.368 189.978 104.122
157.669 192.937 98.7232
155.98 197.304 92.0354
152.464 201.964 86.4312
144.624 206.154 83.9429
138.308 205.957 90.6757
139.882 200.959 98.3689
167.951 165.746 111.311
111.617 169.647 124.987
112.519 159.956 130.414
118.244 149.178 133.958
102.593 154.348 132.978
92.7618 159.844 129.766
64.6043 170.958 48.7573
67.3273 182.506 52.2796
106.991 98.9111 36.6852
117.781 102.36 49.0192
76.7524 161.128 14.0274
79.029 170.45 15.2281
72.9903 164.568 21.0148
67.4458 168.241 27.0693
70.9625 175.954 31.9122
78.0126 184.108 36.7035
77.8831 181.374 27.0252
84.1277 192.128 42.2373
87.1938 203.075 49.0168
81.0245 203.155 60.3931
81.0186 201 72.9913
167.437 129.144 116.789
175.971 92.1142 66.2796
172.955 84.5543 65.9852
172.986 80.7831 72.9933
174.96 84.588 82.3466
170.934 75.4261 87.1583
165.487 77.0318 97.0309
166.988 87.7628 103.609
89.6007 205.975 79.5468
98.8382 212.984 75.3067
160.916 151.423 121.669
157.782 143.552 124.948
155.397 151.609 125.97
130.718 110.57 133.979
95.878 119.102 36.0201
60.0309 115.246 102.368
63.5442 115.587 108.958
89.0473 90.3419 121.186
138.195 80.0802 45.8239
93.5003 194.863 37.844
101.313 200.984 39.726
111.87 208.169 43.1044
110.878 197.845 36.8477
121.652 198.984 40.6065
127.474 193.498 33.1746
55.0926 163.737 70.3136
57.2675 166.554 74.42
57.0285 164.413 79.1957
135.007 101.217 34.0477
162.06 190.978 95.4081
160.874 194.35 90.7717
164.171 193.958 85.3004
162.936 196.514 79.719
159.722 200.662 74.7382
107.567 214.985 52.8027
96.6446 211.989 57.9734
105.581 30.0537 76.832
109.258 31.0643 82.5637
106.192 35.0329 87.1284
109.812 38.3333 93.6951
103.999 42.8585 98.9782
93.3073 47.3456 98.9746
86.9634 57.5263 102.917
99.6003 35.8755 86.9567
117.589 40.0548 93.9272
125.501 44.0824 103.55
114.952 33.6905 80.9671
120.699 36.0613 85.5266
73.4271 181.895 106.719
61.0172 151.201 110.263
63.8566 144.559 113.897
152.988 71.7662 108.044
158.184 71.0153 102.149
154.558 63.908 101.969
153.964 55.7309 96.6063
149.703 45.6289 91.9178
145.896 50.7875 99.4269
156.057 78.0094 42.8341
156.61 67.0208 48.644
167.715 67.3053 55.0609
147.498 79.0597 46.5428
97.343 122.012 135.918
91.0446 124.497 131.971
89.2463 132.165 130.986
83.672 128.489 126.986
77.0322 132.315 123.969
173.988 170.056 99.7027
169.557 171.94 104.502
110.452 149.636 1.01172
122.901 151.008 0.000435214
87.2264 105.732 125.984
84.0966 113.083 126.845
77.0354 116.207 122.596
60.0091 99.459 83.4889
100.454 115.47 135.974
69.0212 76.5367 92.9619
64.0133 79.2675 84.6232
64.0196 73.2134 72.9491
62.6433 88.5757 87.9303
56.0112 121.119 47.7947
60.0099 117.893 41.1705
61.0104 108.771 41.8896
61.8423 122.527 34.031
71.5166 124.884 35.2577
77.0355 117.591 32.0151
73.6093 109.969 25.7999
71.0294 99.5627 28.2939
64.4297 110.31 34.0836
175.791 178.503 64.2334
172.546 183.954 60.1007
140.31 33.9982 63.0434
150.998 37.0334 59.9283
132.012 157.985 3.78063
136.053 164.255 12.0338
149.365 166.698 9.01184
62.2774 144.179 41.103
61.2436 137.76 39.5638
65.0415 149.51 38.8862
65.0231 152.138 32.6609
66.0799 154.095 25.3701
70.1875 148.829 21.3534
75.3694 143.119 25.9842
76.0165 140.728 35.4852
58.3903 132.094 39.1404
178.958 124.897 95.2315
181.081 134.999 93.9482
176.978 120.443 101.909
55.0206 147.364 90.9068
60.8225 127.974 35.8201
66.4543 127.51 35.0173
72.1094 132.394 37.0258
67.1766 122.514 33.0138
72.0309 119.788 33.075
76.6921 122.897 34.0151
82.0808 120.204 34.0165
88.2267 122.135 36.0135
72.4727 114.983 30.5008
77.4946 112.99 28.6789
79.4605 108.578 25.0093
90.6681 108.477 23.0253
84.0769 112.297 28.0252
90.9368 112.968 28.252
75.1856 104.273 24.2141
85.2264 107.001 25.0108
90.2655 97.903 24.0091
88.7155 87.6463 29.0099
98.699 83.0807 34.7756
70.0865 105.338 27.1251
67.8681 102.885 32.0261
68.0493 95.4236 34.6186
70.1023 90.3056 40.4848
73.0587 84.3597 51.5428
75.5636 82.0212 38.9927
81.6832 78.0108 46.9138
76.672 99.0191 26.5386
83.3823 95.642 26.0529
73.8819 94.3259 29.0541
79.8144 89.7961 29.0212
68.0233 111.114 28.3894
89.1528 103.286 24.0126
96.6563 102.031 24.0108
103.038 99.4426 28.0061
103.994 93.448 32.4598
105.648 91.8804 40.0205
111.541 96.8384 45.0824
121.278 93.5551 45.0383
104.51 84.0809 42.2096
111.411 79.5726 43.021
118.407 83.4587 42.2447
123.684 77.551 41.1057
131.105 78.6896 43.0248
136.403 71.2216 44.0389
109.251 72.2057 41.0131
115.089 65.5767 39.1138
103.262 68.6231 44.0641
101.539 62.2025 47.2606
110.988 105.913 44.0182
119.642 112.172 45.086
129.705 107.774 47.006
97.6016 72.3381 47.0125
94.7944 80.122 42.7111
90.5704 75.3883 47.0113
84.292 70.5207 48.0151
86.002 63.0146 49.0202
77.327 61.7403 49.0457
72.7255 64.0746 55.564
67.7886 69.6713 60.047
123.094 70.5637 38.0122
122.621 62.2828 38.0098
116.94 58.3945 42.0145
125.175 54.5219 42.0166
136.882 63.0066 47.0227
146.154 56.0764 50.013
65.4992 67.047 67.5865
67.1412 64.9241 76.9112
73.0129 60.6401 84.6212
133.573 85.698 44.0165
128.874 91.6524 44.0224
70.8832 75.0169 55.014
165.39 160.807 17.1224
158.769 162.101 10.0554
180.938 164.683 87.1927
179.982 160.965 91.0347
180.954 156.966 95.4357
181.984 156.068 89.9863
182.886 151.967 86.7382
182.989 146.513 88.4899
181.992 144.804 95.3022
183.943 146.166 82.7187
184 140.72 79.9797
182.909 132.937 83.5406
179.988 148.776 100.397
176.982 151.616 105.039
175.82 159.258 106.82
178.344 145.796 105.981
176.977 139.248 106.346
178.99 135.554 100.701
175.938 132.387 107.105
174.978 125.379 107.091
172.28 129.309 111.98
174.944 154.352 109.631
171.535 151.833 113.962
170.796 144.171 114.86
167.484 137.56 118.979
148.133 108.991 24.0044
146.572 115.935 28.1755
136.895 120.789 33.0095
127.627 119.009 26.4879
126.627 97.4727 47.0073
157.685 191.846 39.6866
150.711 155.752 126.968
144.9 155.006 130.741
138.845 151.55 133.921
132.532 155.814 133.968
125.503 152.249 133.986
125.611 144.729 134.975
133.029 139.505 134.93
144.69 161.501 128.912
138.338 166.301 128.981
119.046 141.616 131.99
132.894 162.124 130.975
73.0716 110.368 118.746
71.9035 103.823 113.947
67.0199 104.632 107.285
71.5694 117.452 117.942
64.0445 100.674 101.581
65.7467 93.6794 99.9486
63.0262 90.9826 94.3373
61.017 94.5685 89.4433
61.0134 92.8051 82.9248
61.0206 95.4852 73.2169
65.0678 86.965 67.5976
60.1028 100.914 89.7387
61.0102 104.755 95.7645
58.0099 104.84 85.5613
55.0112 110.784 84.2504
56.4904 103.069 79.7063
55.0116 109.076 77.7236
59.0118 98.1696 77.935
74.0984 165.405 118.632
78.2427 85.0705 33.5894
169.979 84.1427 59.2637
166.9 78.3271 56.2881
168.983 72.5984 58.743
170.987 69.3818 67.6255
168.989 66.4225 61.7549
166.952 59.9477 57.7622
164.403 51.0517 61.66
163.351 61.6994 50.0387
165.986 72.9752 53.3698
162.986 67.9706 50.8918
155.761 58.6701 48.0258
159.289 72.6921 49.0174
151.713 72.8552 48.0139
139.879 173.327 14.012
135.421 180.97 19.0011
125.568 179.829 23.1475
141.415 187.981 22.9966
68.0829 160.53 23.7684
148.257 142.115 10.4193
150.4 210.98 61.3286
144.129 213.983 65.5161
137.139 217.958 62.2973
128.408 215.981 57.9825
154.137 128.525 34.0288
142.862 130.243 36.0206
156.162 134.927 38.0192
149.046 135.175 34.0486
143.595 133.013 28.399
138.992 127.426 30.2745
143.473 123.35 34.0438
175.978 143.105 110.337
59.0934 163.685 51.7049
61.4469 165.582 45.1872
185.982 134.612 62.3814
185.967 131.505 69.7888
149.973 65.3118 107.291
142.959 61.5488 109.642
141.981 55.7044 105.059
170.952 188.63 64.757
95.2717 40.1464 53.0222
167.794 110.724 24.0395
161.93 113.043 25.011
162.409 117.956 29.3702
170.389 107.03 26.5462
156.465 118.084 29.0226
89.065 50.4226 51.0274
58.0364 110.589 96.9758
168.983 111.138 112.219
170.647 104.768 105.923
170.472 96.1749 102.814
173.989 95.0889 94.1381
141.853 103.199 24.0124
181.961 142.116 90.9298
181.967 137.059 89.0361
181.979 131.469 89.6618
181.959 139.756 95.3929
179.987 129.908 94.2203
61.0496 152.359 42.0301
61.0242 157.377 42.3777
63.2043 161.354 38.7035
64.0154 164.221 33.6746
67.0099 170.056 33.3642
68.0178 172.029 38.8723
65.0315 170.244 43.2375
67.1076 174.701 45.6437
69.9913 180.181 47.0146
73.1939 187.621 49.1697
70.7523 190.977 58.9053
65.0569 176.726 51.2418
74.337 182.197 42.1398
64.4037 179.349 57.1577
67.0147 185.023 61.0124
62.0148 173.287 59.8223
66.0345 184.315 68.5047
67.188 186.876 76.8748
73.0139 194.074 77.4597
63.0791 177.616 71.3217
79.0662 187.32 42.8414
61.0378 173.574 66.4185
73.2384 179.937 36.306
63.0214 172.169 54.2126
74.1716 197.907 64.6207
176.943 165.429 100.424
178.724 160.551 100.889
116.699 125.77 134.929
121.659 130.827 134.966
98.0303 57.1744 109.529
99.4619 49.7008 104.938
95.066 77.0402 118.991
126.879 33.0132 86.62
132.47 36.1869 91.7016
131.97 41.1245 98.7214
138.913 36.4519 87.0093
146.877 40.1457 85.489
126.116 31.0975 79.8002
131.889 30.0305 76.0569
137.923 46.0231 99.3341
143.903 45.1375 95.9085
123.31 40.0495 98.1328
119.248 44.0243 101.47
113.567 48.0534 106.602
120.85 48.5696 106.967
128.795 50.037 108.036
116.597 54.0083 110.937
91.185 143.257 13.0341
62.0854 169.832 103.39
149.385 137.028 26.392
151.05 139.01 19.7113
153.961 141.646 14.1327
161.458 146.399 13.1372
153.594 146.307 9.01754
146.72 149.33 9.01563
136.952 146.953 4.00697
149.361 156.317 10.0127
144.63 161.558 10.0114
143.011 168.091 11.0024
148.186 174.862 11.1632
155.994 178.967 17.3759
141.778 144.262 8.46535
141.788 137.033 13.388
137.714 133.011 19.3488
127.384 132.357 17.0229
136.452 215.982 54.8702
168.917 188.713 86.5402
67.0103 177.167 102.871
70.1601 183.935 99.4807
69.5479 186.957 92.5629
170.195 65.0598 75.2283
79.5393 178.281 19.0379
84.8915 183.982 22.7047
78.11 52.8113 85.8347
79.1956 57.6651 92.8477
150.143 184.293 110.968
145.762 188.894 110.775
75.8166 126.977 36.8332
165.385 58.9319 75.9743
162.952 55.8194 82.6747
160.991 60.8928 89.0085
165.765 68.5098 89.7739
158.99 49.5966 81.6826
159.644 45.029 76.0515
154.977 38.5867 72.0074
154.985 46.664 87.0114
161.731 47.7194 70.1107
164.985 54.0813 69.2856
144.338 41.6322 90.8822
154.749 171.132 12.0261
130.663 213.972 51.8589
123.501 211.906 53.7053
115.545 212.977 51.4572
130.39 209.986 46.9913
128.956 203.934 41.8491
135.338 207.945 43.6725
142.859 206.49 43.3179
143.97 199.382 40.0262
149.865 194.879 36.6163
137.255 194.952 35.6864
151.282 190.981 30.6407
149.945 187.318 23.0241
125.282 62.2766 115.924
170.98 116.391 29.8483
170.811 120.989 31.9651
66.0374 151.195 115.324
67.1046 157.622 115.975
68.0169 165.092 113.141
72.0398 159.747 118.692
76.03 156.659 122.954
80.2846 152.568 125.979
85.0111 146.955 129.097
87.0102 154.796 128.977
78.0609 162.146 121.709
83.966 164.856 122.929
92.8995 168.455 124.988
79.4819 167.728 119.974
75.6855 171.955 114.408
87.329 161.401 126.983
80.6189 172.253 116.953
85.2295 176.686 117.76
87.6571 182.078 114.975
84.0533 185.104 110.549
89.8887 174.028 120.98
95.9484 175.401 121.968
98.5282 180.262 118.985
94.7581 184.82 115.935
99.2401 189.071 112.991
97.2225 195.085 106.984
99.1708 201.795 99.9031
106.258 189.055 112.989
104.618 179.561 119.953
108.287 175.526 122.973
108.57 182.925 116.473
115.076 182.072 113.988
87.1508 190.204 108.752
85.3417 193.887 103.734
83.4488 197.985 94.595
79.3665 192.736 100.899
75.7375 187.225 102.967
105.736 171.223 126.971
99.4018 169.566 125.99
96.784 164.648 128.966
98.7483 159.348 131.948
96.1127 153.536 133.404
99.3483 146.407 134.988
104.948 159.968 131.639
109.204 155.279 133.975
115.822 155.338 133.819
108.472 163.983 129.373
114.154 165.151 127.979
117.538 168.282 123.864
124.282 167.381 125.978
115.322 173.923 121.954
119.292 177.231 117.957
118.154 160.835 128.763
125.105 178.921 118.773
129.205 184.707 115.687
78.9454 183.987 107.656
76.7184 179.883 110.878
71.5772 177.572 109.96
91.6667 193.734 107.915
78.7582 175.984 114.051
102.757 192.982 109.372
106.358 149.932 134.985
112.202 147.299 134.98
112.786 140.314 134.864
116.492 135.011 131.986
118.9 185.63 109.929
124.702 187.208 111.971
129.629 191.103 109.985
116.937 190.858 105.89
120.849 194.879 102.673
112.905 197.984 99.9695
126.253 197.976 101.13
131.53 201.549 96.9711
111.708 193.502 107.925
74.8793 150.836 122.984
70.4563 147.714 119.954
73.4172 143.546 122.933
78.4187 139.738 124.988
72.2052 136.912 122.947
71.1448 130.414 120.976
67.5033 135.618 118.979
69.8741 125.077 117.984
94.7982 39.0241 88.1716
88.1033 41.9362 86.9612
92.5084 42.5235 93.8694
55.0679 148.194 97.4357
56.0143 143.456 101.875
131.572 198.8 37.6388
151.803 115.984 27.8816
165.694 117.82 116.918
69.1135 61.2572 70.6805
74.0117 54.5694 67.0203
71.0193 59.214 76.9928
141.039 86.525 43.0377
138.034 93.0195 42.5829
137.004 95.5747 36.6612
139.384 92.8045 29.0275
135.017 100.445 40.5333
134.905 109.047 38.2692
132.293 102.939 45.0397
128.016 102.668 48.707
123.12 106.837 47.0062
122.993 100.524 50.008
125.739 112.033 45.1783
129.911 110.01 41.5902
118.99 97.0086 48.6529
116.338 94.9891 44.7223
117.392 89.2098 44.0424
122.798 114.009 40.9225
120.979 115.007 32.7016
116.686 113.007 39.5305
115.585 113.009 33.7819
110.397 116.017 32.6049
104.973 110.883 32.7182
110.012 120.967 27.6188
98.8029 114.808 29.1659
106.782 106.048 37.7684
114.037 122.661 22.224
123.125 124.391 20.0061
95.9691 110.939 25.1872
122.563 88.3759 45.062
142.476 84.0135 36.9553
141.408 87.0896 31.3422
144.76 90.6134 28.0154
150.29 91.6989 27.0334
155.903 88.0189 29.6535
145.032 82.1668 42.0511
127.759 194.853 105.58
132.492 194.853 107.766
137.507 195.467 104.986
140.48 191.711 107.962
140.831 188.598 111.961
136.835 186.171 114.881
65.241 139.649 115.979
61.0207 93.5048 77.894
61.9936 90.0408 73.6694
64.0208 84.3995 72.9603
66.0156 80.0476 67.8707
62.034 92.3967 67.9032
58.0304 99.8181 66.4771
64.1643 90.4336 60.4587
64.0119 80.5461 78.2253
65.0276 73.9768 80.2389
65.013 73.6196 65.7726
65.0171 92.8668 53.5933
68.7278 87.4782 56.0613
69.7448 89.8052 50.0191
72.373 86.094 45.1359
76.8002 82.0114 47.0318
76.3691 76.4131 50.0868
63.0425 98.6373 50.4592
63.0665 99.7644 43.2943
69.819 81.2091 56.0229
67.0341 83.9281 60.2396
82.0557 188.626 37.645
80.739 186.95 31.352
87.0695 191.964 36.9367
91.5041 191.959 33.3956
92.1111 190.063 26.362
101.678 188.981 23.6838
96.8516 193.983 33.2946
98.6203 191.988 27.9025
99.7486 194.917 38.8422
89.0512 194.89 41.4149
94.0032 200.978 42.9812
84.725 197.931 45.5176
81.5039 199.899 51.2993
84.2742 204.943 54.7817
91.0906 208.872 53.0364
86.7271 207.987 61.2037
83.6324 204.794 67.1423
77.2099 198.86 56.5874
87.151 204.984 73.1256
92.0208 209.462 74.331
95.8286 208.984 80.1133
95.8506 211.984 69.1284
102.56 210.89 80.9045
99.439 206.41 86.9233
106.555 214.018 74.9904
84.0737 202.829 78.3864
86.8286 201.99 85.5453
78.9501 198.985 78.7188
75.7334 197.978 73.6113
105.702 208.107 85.9481
112.129 207.976 86.6213
117.846 208.983 80.9111
111.993 203.286 91.9783
124.387 207.976 85.2426
104.967 197.137 37.0189
107.371 202.605 39.045
113.873 202.853 39.8333
118.144 205.311 45.0217
103.372 206.53 42.0213
105.391 211.971 46.4902
101.001 211.989 52.2189
103.085 214.982 58.3228
110.511 216.956 59.7739
114.216 216.987 68.5315
108.3 193.394 33.0376
105.822 191.972 27.4012
112.93 188.995 28.5689
120.833 184.97 28.6081
98.8661 214.982 63.7387
92.9605 205.99 85.0363
77.5549 199.97 68.6477
92.9681 211.985 63.3175
108.702 202.802 97.8394
113.591 213.15 75.9858
101.18 215.149 69.9313
78.0426 200.964 63.7652
124.259 210.979 78.9127
128.583 211.952 73.2543
124.042 212.87 67.6233
135.272 213.984 72.5548
137.872 211.99 78.6243
135.683 209.972 85.2367
144.007 209.95 78.7443
147.989 209.096 73.0613
116.248 197.633 39.0125
120.599 193.834 38.0117
125.208 196.714 37.0465
122.82 190.544 34.0801
126.056 189.023 28.5193
114.151 193.83 36.0881
117.963 201.972 93.5229
124.294 202.689 93.9137
117.067 179.744 23.0591
121.432 173.576 18.076
124.551 166.03 14.03
113.611 180.748 16.0922
106.425 183.712 16.0494
99.269 184.981 17.0605
93.6761 180.978 13.8718
95.474 175.917 8.27751
104.182 172.992 6.65398
90.7606 170.985 9.95708
90.7793 164.125 8.01054
87.2356 157.425 8.01301
84.2107 171.106 11.1094
108.324 179.386 10.0096
87.8614 181.796 17.1061
125.589 201.719 38.5162
123.48 204.246 43.0717
63.0403 158.853 34.2262
97.6157 43.1022 97.4161
81.7279 200.971 83.2598
81.4062 198.995 88.9796
76.7469 194.985 90.3049
72.5221 193.96 85.8568
72.385 191.571 90.8864
86.0125 201.343 90.9964
89.0405 200.335 96.4921
156.76 189.978 33.6896
161.992 184.999 32.6454
166.979 179.705 33.8441
161.355 181.883 26.1447
161.967 176.381 21.0922
156.331 183.971 22.0135
151.191 182.959 18.448
150.75 178.319 15.0256
150.1 63.3397 50.0244
143.604 149.048 130.967
147.33 143.701 129.979
152.302 141.934 126.987
154.851 135.733 126.434
157.496 130.535 124.973
162.418 129.302 120.913
164.831 124.072 118.931
168.817 123.965 114.867
137.459 32.0202 77.5309
141.963 33.9139 73.9282
146.95 36.0363 76.4166
142.08 33.1461 68.3364
146.001 36.0201 64.4774
144.898 34.359 57.7636
151.959 36.37 66.8084
147.929 39.019 54.7934
155.384 43.7814 56.0481
141.333 39.2896 53.0184
138.727 45.9273 51.0157
133.736 48.4779 47.2964
138.413 52.7259 50.0166
129.504 51.0147 44.0225
129.684 45.7325 45.0516
126.442 40.1278 47.2166
118.382 42.0536 47.4255
118.835 38.1439 54.4333
137.631 34.0916 82.4227
163.639 143.081 27.4505
154.343 50.1061 92.4527
58.0248 99.577 73.1637
61.7792 167.967 51.6932
81.3205 115.214 31.0103
66.7079 147.051 34.1758
71.0626 142.853 31.9547
117.01 166.853 11.3059
113.153 162.85 5.19245
117.342 157.052 1.02984
124.883 158.321 1.03335
106.788 166.391 5.00596
100.415 163.622 3.02699
148.976 113.291 127.01
156.513 115.091 123.615
83.5332 85.6807 31.0422
88.642 83.0134 32.9157
94.2406 85.0132 30.6918
91.326 80.0066 37.5989
87.6917 78.0625 42.2228
99.7447 88.0138 31.0355
101.985 87.9546 36.8533
93.8335 90.0808 27.9855
88.9683 93.011 26.8325
94.2215 94.4887 25.0257
98.3804 97.3763 25.0109
82.1586 78.3604 41.3328
80.2928 81.0899 37.5344
84.7088 90.5642 28.0215
114.488 82.8615 123.981
160.598 187.95 37.0898
161.838 188.865 42.9643
158.903 193.595 45.3602
160.942 196.635 50.9468
165.941 186.001 46.2467
167.971 187.496 52.5184
166.938 180.625 43.7848
165.364 193.252 54.0682
170.927 177.402 46.0953
174.327 171.945 44.6769
177.974 165.722 48.3729
172.988 178.417 51.057
170.983 182.801 54.4838
179.975 159.483 52.9209
175.136 173.971 49.4052
177.955 170.407 52.5812
178.885 171.686 57.7081
173.368 178.977 57.7494
154.456 194.936 42.6642
155.944 197.951 47.0583
153.098 202.523 47.0519
153.154 206.954 51.5169
148.037 203.947 44.4316
148.922 210.76 54.886
143.533 211.965 51.9131
86.424 39.1508 81.3496
82.2935 41.0574 77.8313
78.8039 45.0196 78.8649
76.0495 48.2818 75
77.0278 47.0737 69.1543
79.3913 48.4809 82.9286
83.0174 47.4963 87.6787
86.8505 45.3185 91.7973
88.8288 49.1034 95.7279
85.5041 54.024 97.8713
81.0749 59.2821 99.4522
83.9066 65.5332 104.988
90.1313 52.0942 101.822
92.6416 56.4791 105.935
89.0994 61.552 107.328
75.0401 52.3998 71.7753
71.0887 56.1853 71.3734
79.3634 43.0393 66.2045
87.6214 66.6599 108.98
89.8747 71.3284 113.853
96.4008 69.0609 115.908
98.6953 63.433 112.974
78.0182 69.6296 102.232
72.8858 71.4014 96.9591
71.7273 66.7741 90.9704
97.0261 34.0071 82.1419
184.992 147.982 55.4768
183.991 142.834 51.5655
184.977 136.857 53.9133
66.0955 138.045 36.1673
70.9494 140.085 37.0261
74.7903 136.731 39.0221
84.0122 136.808 38.0674
76.3222 131.868 40.0219
79.6643 135.901 41.0161
143.406 49.6228 51.0098
150.613 49.6358 51.0122
114.708 110.017 43.7609
115.055 106.162 47.0466
113.745 101.329 46.0767
110.305 101.02 42.0154
107.923 96.411 41.3238
131.049 191.793 29.0298
137.012 191.832 26.1241
132.612 194.975 33.034
136.994 193.898 30.7437
176.951 92.3352 78.4237
178.863 98.2327 80.1978
179.983 103.713 81.7138
179.898 108.787 78.1344
178.978 107.966 84.3387
164.634 83.4269 53.1507
158.273 109.034 24.0167
153.205 108.839 23.01
150.24 104.311 22.027
152.41 99.6837 25.0136
157.682 100.212 26.0119
160.776 103.24 23.0457
80.5634 193.931 46.5252
93.7471 200.984 99.2971
96.6097 203.945 94.8303
96.388 198.981 103.459
102.296 198.764 103.931
107.155 199.989 102.1
183.305 159.995 59.0208
102.055 66.6145 116.522
107.697 66.4243 116.98
112.863 64.8572 116.971
110.1 60.2817 115.892
106.915 57.0815 112.417
118.202 64.8012 116.964
112.794 56.2129 113.867
111.705 52.1351 110.76
120.573 60.4875 115.893
102.554 55.0892 110.658
172.93 97.0105 38.4666
170.975 92.0653 36.5683
82.8851 141.839 127.813
88.1467 139.275 130.848
55.0241 113.308 74.0839
54.019 119.748 74.511
77.0071 190.721 48.0756
104.993 103.127 32.5976
170.811 128.674 33.017
150.063 49.4477 95.9679
150.132 53.4833 98.9865
146.421 55.0873 101.954
151.222 58.2725 99.9266
155.209 61.0214 97.3502
157.986 58.1158 93.1442
146.816 191.966 106.41
151.626 192.802 103.815
147.536 195.989 102.099
147.965 199.978 97.5206
143.445 198.892 101.333
150.98 199.094 93.1067
107.006 187.987 23.915
104.068 186.138 20.0209
55.0211 141.155 89.6043
55.0154 135.185 91.2849
83.0671 68.7768 108.737
84.968 72.6806 111.984
82.0975 77.9035 111.868
83.1687 82.8316 114.909
78.0644 78.0583 107.842
75.0062 83.1439 105.984
88.1187 82.7877 116.988
71.0151 83.5754 102.066
69.9648 80.0328 97.5438
67.0118 81.571 93.2564
65.0526 86.083 91.7367
64.0116 83.6511 87.3211
63.0267 83.756 82.2397
66.6874 78.7653 88.973
68.6973 74.0163 88.4435
70.0213 71.5197 92.715
77.5615 74.0805 104.686
80.1624 86.8192 113.788
76.0703 86.9753 110.825
89.3757 115.966 129.911
148.166 127.244 35.018
109.995 170.98 7.80189
80.4276 158.076 9.02899
76.0536 181.951 32.1129
73.6193 178.97 28.67
75.677 177.726 24.0793
66.0882 183.857 88.0896
66.2257 184.652 82.2493
64.0505 181.283 77.2318
62.0215 175.764 77.6689
61.0177 173.092 82.656
62.0501 175.705 89.0799
60.0153 170.487 87.7025
58.0622 166.207 90.8881
56.4443 161.952 94.1467
59.0177 166.199 96.6211
61.0384 170.356 98.5286
64.0119 175.115 95.7765
64.1918 173.572 100.768
65.7369 172.895 105.867
65.2716 167.065 107.938
60.6759 163.761 104.916
59.1113 157.272 104.52
179.993 110.326 65.8467
132.852 45.5618 103.48
141.69 119.95 131.907
72.0861 194.475 72.3456
69.7502 190.923 75.1479
69.9011 190.976 80.4703
172.977 91.894 53.6035
106.547 46.4481 104.92
91.2172 210.923 58.1754
82.4741 174.97 14.9113
96.5962 189.349 24.0277
144.025 139.327 130.985
139.336 138.607 133.945
145.054 133.938 130.978
149.86 131.779 128.853
143.258 128.945 131.981
138.671 128.159 134.959
135.766 132.409 135.983
131.409 134.883 135.985
126.677 132.704 136.972
126.402 127.093 136.981
131.891 123.388 136.886
126.771 121.719 136.975
148.76 127.018 129.944
146.596 37.1498 81.3766
151.058 38.2882 78.8213
182.966 161.914 81.6724
182.938 156.899 79.8124
67.009 95.8774 40.6487
185.99 141.397 75.2854
185.987 138.031 71.1501
170.965 133.672 115.651
153.979 146.707 126.258
56.1338 156.174 99.7652
127.428 172.565 125.915
133.192 172.662 125.952
137.748 170.753 126.768
130.048 180.598 118.794
85.3693 126.601 38.0155
87.1564 132.028 39.0117
86.5005 134.018 33.464
91.5374 132.014 35.3193
95.4248 128.288 36.132
93.496 123.576 37.0459
98.356 123.627 35.0707
102.568 123.925 32.0112
102.043 127.202 27.8011
98.009 130.867 27.9175
94.0329 133.493 25.135
95.0324 135.025 19.5629
100.653 119.125 34.0984
103.521 131.082 24.0873
101.898 134.01 19.7459
108.643 130.788 22.0081
110.825 133.35 16.024
104.58 137.325 16.0179
103.29 141.063 10.4173
107.4 144.174 5.04577
98.0181 144.757 12.9138
93.2215 150.064 10.1354
93.115 139.17 16.3311
87.2584 140.168 16.2507
85.1647 144.674 12.5334
84.8671 140.066 21.4443
87.2451 137.251 25.6498
80.2306 142.029 23.656
76.7499 145.95 21.0469
77.9249 147.12 15.3847
73.6595 150.815 17.0413
116.011 130.709 13.569
114.18 134.616 9.04873
118.003 136.012 4.43519
125.963 141.32 2.56918
124.033 136.822 7.00573
113.59 140.008 5.27455
113.765 144.889 2.0108
116.658 150.123 0.0113216
120.552 145.108 -0.00114316
122.243 130.041 14.2106
125.986 133.612 11.4857
129.198 137.01 14.5323
135.362 135.545 14.0141
131.756 136.007 20.7751
137.581 139.007 9.9648
134.648 142.081 6.06371
130.432 146.206 3.02084
133.31 151.905 2.00672
136.978 154.92 6.13559
135.055 159.934 8.3074
128.094 162.507 8.17266
140.374 150.402 7.03148
110.381 126.088 22.1386
129.409 142.029 6.47208
139.564 160.442 11.0133
78.8186 94.6824 28.0117
148.978 211.273 67.6227
166.081 178.99 38.9196
86.2351 196.49 98.8786
94.0863 60.7172 109.006
146.476 184.979 19.7744
140.854 183.307 19.0174
139.533 178.918 15.4793
135.043 175.663 16.892
130.344 177.843 20.0136
134.855 170.805 14.0676
129.772 168.276 13.0208
130.038 183.506 21.7933
136.385 186.198 21.0257
143.678 176.821 13.023
126.132 184.733 25.279
125.665 175.709 20.071
121.127 177.601 21.0477
117.315 176.987 17.2619
117.365 172.226 15.023
122.055 170.471 14.0854
135.04 105.329 41.611
121.368 139.008 1.84916
140.601 209.662 82.9604
153.218 207.98 56.9307
156.982 205.118 54.8995
159.959 202.137 57.652
161.932 200.244 62.3656
142.118 117.713 32.0139
136.337 113.69 33.0625
136.018 107.306 32.1525
138.009 102.509 28.8025
140.018 97.7706 25.7453
136.014 97.3023 30.0184
131.789 117.604 31.0461
133.534 123.018 27.9274
129.523 124.081 23.008
126.384 115.757 31.0153
122.087 117.058 27.1678
120.042 120.526 23.0125
128.993 129.495 21.5867
146.924 105.169 128.761
154.708 40.047 63.2398
128.429 73.1365 41.0239
154.85 139.226 24.3228
158.888 140.91 27.1878
160.898 142.04 33.5618
168.3 142.663 35.034
161.473 142.078 22.8637
165.934 146.877 22.6213
170.983 151.752 24.5417
161.792 144.695 18.2027
169.162 157.039 21.0236
173.976 153.927 29.6756
174.985 159.768 34.7814
174.939 151.364 36.2058
127.956 150.942 2.00654
125.882 146.304 -2.83787e-05
168.876 162.627 21.103
164.973 166.421 18.9991
164.95 171.547 21.4748
161.926 164.336 15.1757
158.367 166.924 12.2192
154.345 164.94 9.40281
153.96 159.385 9.34718
161.963 159.342 13.3115
164.97 155.513 15.8065
161.781 153.813 11.0418
164.947 150.808 13.7487
170.974 163.679 25.572
173.975 164.529 30.9347
170.864 168.172 28.1222
168.222 172.093 26.0309
169.707 174.541 30.2068
169.987 174.262 35.5957
172.691 170.862 39.0714
174.922 167.517 35.6042
176.898 163.396 37.6622
177.975 162.417 43.4286
179.065 157.307 47.0298
182.339 154.281 51.0601
179.97 152 44.7299
180.926 146.721 43.1821
181.144 141.163 42.0148
177.967 149.986 40.2917
182.966 143.207 46.4599
159.596 96.0574 116.419
160.955 87.2045 111.713
161.955 103.502 115.067
157.955 104.72 120.548
64.0171 78.8288 72.9258
114.461 194.864 103.776
101.524 203.99 96.0069
183.987 124.59 58.5298
184.985 129.795 59.9495
181.985 121.757 67.0624
181.979 121.618 72.6585
183.99 126.192 69.9743
181.998 120.448 78.0288
145.34 105.715 21.1321
146.394 101.011 22.9493
98.7518 204.201 43.0208
94.0584 205.976 45.4625
95.0578 208.977 49.6286
150.811 43.2273 53.5086
58.0801 135.519 43.1408
158.946 199.804 79.7783
146.019 82.8495 32.5002
152.132 82.0252 31.8062
153.772 79.0141 36.7169
150.931 78.0153 41.182
158.886 79.4475 38.4454
162.162 80.0104 44.0835
162.854 83.3669 36.735
161.469 86.1008 32.0288
55.1463 138.511 99.8753
168.947 148.489 116.746
80.254 123.461 124.978
81.1006 118.063 125.864
98.0017 46.7821 100.975
94.813 50.3082 102.878
84.3716 186.97 27.2593
88.1474 187.88 23.8057
92.2679 115.993 32.8942
54.0486 152.328 80.3084
73.247 97.2305 113.896
70.0273 100.036 110.239
107.858 138.217 137.457
106.81 132.52 138.982
109.873 128.062 139.877
82.0794 136.709 33.2631
78.0515 139.167 30.8436
120.042 156.51 130.985
142.896 209.38 47.542
79.121 195.263 94.8308
113.148 154.042 0.0145752
107.026 154.819 0.774746
104.01 153.327 5.95419
112.377 159.372 1.02866
99.1003 153.164 9.16413
100.722 158.695 8.01879
96.652 162.437 7.02563
156.96 77.7742 48.3825
180.988 115.264 65.0783
172.977 79.2357 79.2836
172.674 80.1322 84.7626
170.572 80.2603 89.9398
168.21 81.643 94.9791
166.07 82.013 100.985
169.909 87.0921 97.9271
162.979 83.4698 106.646
167.981 75.6106 92.0689
164.615 71.4896 94.8682
172.636 84.8078 86.9516
174.758 90.4162 89.6036
161.967 73.4948 99.1557
163.749 77.5004 101.854
158.556 82.0375 110.249
155.901 85.3853 114.601
150.376 84.5342 116.981
146.825 80.108 116.963
145.951 75.3669 114.319
154.903 78.0364 109.925
149.798 73.3101 111.696
157.966 90.482 114.985
162.532 93.1715 111.82
166.591 93.1391 106.948
170.979 74.5989 81.6461
170.979 68.8571 79.8345
169.918 70.3548 85.0926
171.813 90.2392 94.0902
170.581 92.3881 98.9228
173.989 84.0155 77.1254
164.259 88.6039 107.952
174.991 89.6607 84.2451
79.6086 72.5055 49.0243
79.857 66.8265 48.0225
139.297 213.99 68.5281
132.464 116.014 36.3728
173.805 182.658 79.6348
171.491 186.942 76.6271
56.0325 128.493 45.2269
183.982 133.989 49.6254
182.98 132.779 44.2808
180.966 129.541 40.968
54.0563 130.293 91.9485
56.0111 126.888 95.5029
74.3943 194.08 56.0472
72.0952 189.794 53.8974
69.0152 186.735 56.6178
163.701 55.1579 53.292
161.664 50.2948 56.2976
159.985 47.3463 61.0059
91.7633 163.866 126.836
166.972 104.714 111.213
164.982 108.182 115.096
165.528 112.807 116.957
161.919 115.457 119.69
106.038 216.974 70.689
110.772 215.972 72.6286
65.9772 178.983 98.3049
157.987 43.7699 70.9527
111.876 43.6779 46.0212
116.725 46.0561 43.0182
119.637 51.7767 44.0144
109.112 48.2455 44.0833
108.278 54.8795 44.0618
106.064 51.0301 47.1485
101.527 49.2152 50.0441
97.8517 53.8612 51.0189
100.066 43.7376 51.386
99.0019 59.1897 51.029
95.6206 63.2568 48.0613
99.2413 66.9336 47.0145
90.8917 61.8225 49.0154
88.5955 57.252 50.0927
92.9551 119.444 131.978
171.987 75.1921 70.0763
171.962 79.9184 68.0137
115.167 33.1285 58.7112
167.903 146.192 27.4699
73.5829 79.5094 53.0301
134.467 65.0154 114.364
140.226 65.6887 112.958
130.667 60.8893 114.97
130.581 55.5205 111.943
135.069 55.043 108.403
139.643 57.3697 109.878
119.175 208.939 49.4254
114.929 210.657 46.6953
110.814 213.124 49.0117
124.486 204.946 89.3443
147.259 137.01 15.6358
90.7505 143.371 132.96
95.0325 143.923 135.492
99.749 141.071 136.974
153.626 104.657 123.942
156.29 109.511 122.972
135.997 38.9003 52.03
131.81 35.0925 52.4899
129.801 34.0125 57.658
124.312 33.1584 58.3247
120.081 36.0753 59.0227
125.987 30.1105 62.6285
129.104 30.051 67.0255
134.373 31.0536 66.7573
131.668 32.0149 70.9661
134.791 33.0434 58.7896
104.895 148.597 4.01985
176.99 102.664 56.9288
144.367 61.7527 49.0141
141.019 57.3192 48.0348
129.857 209.982 85.3071
132.798 206.986 88.0507
169.978 88.5196 44.3429
159.95 173.274 113.767
88.0753 168.103 122.979
155.711 176.005 113.988
151.431 176.261 116.985
149.97 171.861 120.317
147.946 180.231 115.968
143.19 180.694 118.949
153.831 168.507 120.542
127.748 163.835 129.892
128.692 159.065 131.987
128.122 38.0381 95.9883
176.979 115.011 98.2948
175.988 109.307 99.5074
172.988 105.804 101.568
172.962 100.504 100.928
177.99 119.949 96.7615
91.5559 153.386 130.98
88.3452 186.732 112.882
172.461 146.317 36.0188
103.01 37.0899 90.7181
103.13 39.9995 94.8753
163.411 82.0126 48.5028
169.975 72.6392 63.7836
60.0113 169.722 63.0572
58.0104 165.264 61.9265
75.0381 61.8174 91.6419
76.0337 57.4806 88.1946
75.0184 56.082 83.356
145.847 73.3545 47.0694
142.612 77.3094 46.0128
140.931 72.4934 46.0138
138.498 68.0663 47.8547
166.68 194.916 58.6293
64.0327 109.698 108.216
138.822 131.006 25.6128
142.843 82.6582 47.0143
168.955 64.482 66.7657
166.94 61.34 71.0597
89.1548 200.604 44.8645
182.978 125.898 82.526
182.975 129.957 79.293
184.976 129.952 74.5733
156.951 203.787 70.9784
157.124 204.978 65.5771
153.797 208.315 63.871
142.021 191.12 27.0193
147.421 190.966 26.8584
127.103 214.986 63.3814
131.872 216.99 61.9548
121.96 213.873 62.8684
117.86 217.955 64
118.98 214.587 68.0165
105.599 76.2716 121.629
111.196 75.0393 121.167
100.671 76.7611 119.986
107.277 71.857 119.789
61.022 101.685 54.5428
58.1606 106.122 54.9462
59.0241 101.802 59.2392
127.315 60.5706 42.0345
132.646 62.6556 43.0554
165.154 133.08 118.979
69.0151 189.359 64.0336
71.0452 193.887 65.4362
70.0677 62.7944 80.7802
70.2712 65.1676 85.6091
174.758 119.958 106.841
171.988 115.218 109.115
171.815 109.952 107.715
168.935 116.779 113.005
90.6249 35.1037 72.0375
95.5349 106.765 22.0233
96.4794 53.3353 106.693
96.7918 82.79 120.95
100.217 84.0229 39.5175
99.7498 82.1929 45.0716
97.1968 77.7791 47.0131
159.869 149.343 9.11981
129.975 56.2255 42.3497
101.381 168.612 5.00497
99.0577 173.426 5.18546
73.0115 86.2086 40.1413
67.0213 69.136 80.0255
105.039 58.6184 45.2289
153.412 54.0479 49.5903
150.756 58.3744 49.0131
56.0152 113.22 88.6162
67.9586 116.018 114.068
171.985 162.359 109.445
176.968 97.6165 67.1282
148.906 96.5271 122.839
153.101 94.6921 119.949
68.1211 172.748 29.2404
106.049 115.23 35.0089
114.962 184.342 25.8337
61.7132 116.122 35.1491
61.0886 113.222 39.337
141.101 51.0206 102.213
87.1556 167.647 9.01489
118.025 125.021 20.004
115.631 35.4568 76.1495
157.573 99.9198 118.989
150.772 43.3823 87.19
158.277 174.352 15.0468
80.1772 64.6274 100.897
57.008 105.878 67.5888
56.0168 109.579 64.1639
56.0213 111.24 59.4455
63.0584 123.462 110.371
92.0442 37.0722 56.3587
154.875 120.857 124.893
54.0148 122.919 52.101
53.3009 126.992 55.0514
53.0425 123.727 85.5878
180.945 152.082 96.7058
131.756 34.0219 87.2315
165.233 55.0151 58.3142
165.99 55.5981 63.3157
122.564 118.805 133.974
158.781 139.086 37.0187
57.159 109.192 49.5058
75.8648 105.353 118.967
72.5319 188.729 98.9192
157.343 145.017 15.6206
92.3502 44.4068 51.0387
149.533 161.697 9.01928
160.382 57.4492 50.0343
58.0181 115.866 97.8237
122.015 32.8526 68.0994
120.484 34.0201 72.8571
123.684 31.0288 75.3733
111.673 58.9297 43.0136
78.5013 52.7986 52.0323
77.0309 49.9928 57.5206
74.0481 53.4537 61.2373
72.0121 58.4201 59.7482
76.1391 57.3153 51.3741
80.0344 46.0023 58.9424
62.0086 95.0168 62.9192
153.979 67.6478 105.305
71.0169 69.4218 55.4603
136.753 146.589 133.948
108.559 205.344 88.9829
133.859 204.828 93.4344
120.14 164.52 125.966
185.992 146.723 66.3169
185.994 143.235 62.6512
62.022 103.963 40.6596
60.0225 105.053 45.1804
162.963 140.33 121.666
172.275 87.8112 62.0547
138.928 178.057 119.986
133.986 178.18 121.032
111.707 35.5684 55.268
107.295 37.0473 53.0855
107.095 41.8598 51.0173
53.0608 146.371 71.8477
54.0198 144.194 76.2684
149.428 68.1356 48.0136
154.832 47.2013 52.3661
144.095 195.149 36.0572
112.322 214.978 55.1826
166.653 162.366 114.91
142.286 71.472 115.947
161.567 156.357 120.932
116.887 38.0934 88.8748
123.026 38.7702 51.1328
108.299 43.2263 101.513
107.779 67.4279 42.0199
85.3652 100.148 25.0416
110.388 216.986 64.9881
118.031 69.6526 38.0169
135.208 199.988 100.113
151.094 151.598 10.0097
71.0205 58.6112 66.8498
71.7317 168.439 114.958
175.99 100.637 92.1198
177.061 105.804 91.9611
94.584 130.013 31.4905
128.197 140.514 135.977
133.821 90.7245 44.1049
138.497 89.5852 47.0092
135.778 76.3308 43.0848
58.0258 131.185 105.546
141.15 80.9584 119.988
152.219 77.4343 46.0191
82.0461 39.7299 71.5217
93.5544 134.221 132.974
97.5545 136.063 135.44
65.0116 67.8903 72.9129
87.5864 127.538 129.979
139.293 198.999 38.0277
70.9166 145.436 25.0892
75.0231 169.347 18.9602
76.2044 166.14 15.1016
80.2127 166.684 12.0672
77.0055 173.952 19.2442
135.537 216.982 66.9835
121.625 57.6629 40.0301
124.781 161.968 4.45996
86.2643 46.1019 51.0905
147.417 202.998 86.9494
142.982 204.987 88.7005
142.03 203.922 93.7263
148.851 203.974 82.1852
106.619 123.13 138.973
102.518 122.081 135.995
62.5725 131.415 112.932
116.216 78.9315 41.4763
54.0264 115.795 66.0435
61.0278 141.159 111.447
58.3567 138.705 107.95
121.18 52.0401 110.555
167.099 90.3267 32.0575
116.85 186.944 31.0475
163.981 197.394 68.9437
149.953 166.524 123.3
80.0232 102.955 121.334
81.55 98.0363 120.377
83.2595 43.2054 54.294
116.997 71.3857 119.874
170.969 139.102 115.56
145.931 65.5983 110.34
112.242 166.352 9.05837
166.985 98.3235 28.8423
86.109 38.5319 56.742
164.96 63.8873 87.623
162.35 65.2401 91.8851
120.668 163.278 12.0239
116.234 161.981 9.58197
121.679 145.976 131.987
170.962 69.7002 72.8751
80.2959 53.2287 90.4777
140.232 132.009 32.0596
71.0147 65.8502 59.9166
71.1623 168.666 23.5352
160.935 133.299 39.0382
100.464 131.109 136.986
179.952 113.84 90.2312
142.359 133.02 16.7995
154.321 201.985 81.3993
75.0318 156.421 15.1926
54.2282 156.189 89.3059
164.648 177.296 107.962
80.8801 180.998 23.0283
143.444 173.234 122.977
168.951 99.7937 106.332
73.7721 160.632 18.0204
3  387 386 136
3  730 434 731
3  435 730 731
3  147 342 356
3  317 342 147
3  165 87 196
3  673 82 672
3  0 305 306
3  155 83 61
3  155 61 174
3  1853 354 703
3  702 703 354
3  1532 754 1531
3  60 241 87
3  60 243 241
3  1444 232 591
3  290 174 289
3  177 234 81
3  177 81 63
3  901 902 1797
3  901 1797 575
3  1373 790 1926
3  1373 1926 432
3  453 452 388
3  26 33 302
3  31 26 302
3  33 26 49
3  1913 1049 959
3  1048 1049 1913
3  332 1467 1466
3  2040 332 1466
3  13 216 218
3  20 13 218
3  1802 249 1256
3  640 986 517
3  1896 517 986
3  93 217 216
3  131 216 217
3  565 558 2119
3  1867 558 565
3  1371 522 1372
3  182 85 269
3  184 85 182
3  1608 1609 1607
3  3 1607 1609
3  69 370 94
3  69 450 370
3  256 94 117
3  158 256 117
3  20 18 51
3  453 387 452
3  130 387 453
3  358 359 126
3  279 658 280
3  659 280 658
3  62 303 446
3  62 446 372
3  54 2143 567
3  54 1234 2143
3  1956 1955 143
3  1674 1053 1677
3  1552 330 1467
3  1552 1467 775
3  885 414 884
3  716 559 2044
3  1179 1180 1181
3  765 1180 1179
3  155 290 122
3  1527 348 310
3  1833 706 1832
3  1833 1836 706
3  377 215 379
3  1505 1503 1127
3  1506 1505 1127
3  1786 137 419
3  1786 419 420
3  107 205 120
3  1760 514 1762
3  1893 577 1892
3  1895 577 1893
3  117 94 370
3  395 1707 1708
3  1618 225 899
3  305 146 306
3  1157 748 1156
3  196 197 120
3  305 0 12
3  1806 41 1807
3  1806 25 41
3  348 1102 148
3  1592 1015 1591
3  1592 1591 1016
3  214 317 147
3  368 214 147
3  43 55 78
3  43 161 55
3  20 250 13
3  2093 2092 130
3  940 476 2017
3  313 368 369
3  307 146 305
3  307 305 12
3  386 193 136
3  442 136 193
3  114 309 308
3  114 104 309
3  2078 1285 1287
3  589 1287 1285
3  1202 1204 857
3  378 149 290
3  376 149 378
3  10 220 95
3  10 450 220
3  112 258 396
3  127 112 396
3  408 407 151
3  63 407 408
3  47 1404 1416
3  520 150 518
3  316 214 307
3  316 307 12
3  1040 1041 1042
3  1044 1042 1041
3  1904 374 1903
3  1904 977 374
3  890 889 268
3  1976 890 268
3  855 1892 48
3  1766 1471 513
3  2048 167 205
3  132 167 2048
3  129 1596 1339
3  129 1339 1336
3  1131 1128 602
3  2100 575 710
3  2100 282 575
3  770 383 77
3  1187 2147 566
3  1187 566 1796
3  1409 1410 842
3  439 87 241
3  135 439 241
3  491 1693 1694
3  667 669 2179
3  2179 669 662
3  767 2179 662
3  167 273 204
3  632 1859 1718
3  1950 37 991
3  1950 991 1852
3  657 753 752
3  657 1532 753
3  1889 516 1891
3  144 85 222
3  144 269 85
3  1550 286 99
3  196 87 242
3  1043 1588 745
3  242 87 439
3  1887 264 2067
3  166 386 387
3  1433 153 1430
3  1427 1433 1430
3  747 88 1030
3  42 366 251
3  162 42 251
3  407 81 409
3  63 81 407
3  299 1366 106
3  965 1564 967
3  228 406 405
3  61 83 158
3  127 257 189
3  325 324 322
3  325 326 324
3  333 1593 336
3  84 490 70
3  84 70 448
3  1041 64 1516
3  1041 1516 1044
3  853 869 868
3  345 187 366
3  367 366 187
3  31 4 1418
3  31 302 4
3  368 313 312
3  61 158 210
3  109 61 210
3  333 258 112
3  220 450 69
3  250 220 69
3  71 376 67
3  127 396 257
3  124 234 177
3  124 177 279
3  224 97 324
3  74 97 224
3  498 1789 1790
3  498 1226 1789
3  479 252 639
3  742 1454 1455
3  2040 1455 1454
3  245 113 135
3  245 135 243
3  1949 597 1948
3  31 329 26
3  431 329 31
3  67 289 173
3  490 85 184
3  84 85 490
3  205 167 204
3  205 204 120
3  131 218 216
3  1412 1417 825
3  93 211 94
3  1010 694 1018
3  1807 41 92
3  611 1111 1112
3  663 281 664
3  312 146 307
3  214 312 307
3  739 1955 1956
3  741 1345 1185
3  1452 741 1185
3  114 308 146
3  11 761 774
3  1897 761 11
3  312 313 114
3  312 114 146
3  349 184 489
3  1475 810 1477
3  1650 1652 133
3  2036 2065 359
3  175 2065 2036
3  430 155 122
3  259 155 430
3  1878 1190 1877
3  109 174 61
3  2021 1931 872
3  1361 1931 2021
3  197 506 505
3  2093 506 197
3  1406 1411 825
3  20 218 18
3  349 350 183
3  49 224 2
3  602 1166 1132
3  1169 1166 602
3  674 673 556
3  419 209 273
3  167 419 273
3  635 1641 1642
3  636 1642 1641
3  635 1639 1638
3  168 1615 829
3  168 829 828
3  10 56 450
3  1481 857 1211
3  692 2028 1002
3  2171 2028 692
3  1373 432 1371
3  302 75 446
3  33 75 302
3  801 1652 1653
3  1141 683 1142
3  741 1800 1345
3  520 594 1779
3  520 519 594
3  84 322 222
3  189 257 12
3  316 12 257
3  1090 1911 1910
3  1090 1910 1909
3  1547 1546 272
3  769 1398 1663
3  83 256 158
3  217 256 83
3  128 1496 1501
3  128 982 1496
3  90 131 217
3  90 217 259
3  1630 628 815
3  1630 815 714
3  1524 2145 468
3  1523 2145 1524
3  1569 695 1568
3  1569 1568 248
3  2177 689 2183
3  165 60 87
3  869 853 2067
3  1173 2079 2108
3  678 2108 2079
3  372 446 75
3  372 75 274
3  204 165 120
3  218 131 574
3  1142 610 1952
3  322 97 222
3  215 222 97
3  273 209 243
3  1039 1032 1946
3  2143 2044 567
3  2143 569 2044
3  101 1447 1459
3  1435 411 207
3  1642 1643 238
3  1645 238 1643
3  263 2054 351
3  1455 1458 742
3  121 457 458
3  306 146 308
3  306 308 202
3  494 1501 1500
3  128 1501 494
3  410 116 417
3  1859 1205 1199
3  1298 1987 1308
3  538 1308 1987
3  898 897 418
3  898 899 897
3  215 144 222
3  1165 1025 615
3  1102 138 983
3  1629 2114 1628
3  384 2114 1629
3  1938 667 1936
3  1440 1439 531
3  1019 1013 444
3  1017 1019 444
3  123 173 289
3  123 289 174
3  796 137 1786
3  1149 680 1151
3  65 43 78
3  65 1589 43
3  1429 1432 392
3  1429 392 1434
3  540 1089 1985
3  726 725 443
3  388 725 726
3  605 1122 1121
3  1094 532 1814
3  1094 1441 532
3  36 1676 2164
3  26 381 224
3  26 224 49
3  1638 1639 629
3  1638 629 1634
3  114 313 104
3  2111 1105 460
3  1584 460 1105
3  981 984 404
3  450 56 370
3  677 2138 2139
3  227 1137 1136
3  739 738 1955
3  166 242 386
3  196 242 166
3  724 1188 1321
3  671 670 667
3  1040 745 1039
3  1506 1161 1126
3  50 71 67
3  50 67 173
3  952 949 30
3  407 409 151
3  575 284 710
3  780 2032 2031
3  788 207 234
3  347 578 310
3  356 342 318
3  2088 555 1622
3  1039 745 1032
3  1194 1227 1222
3  369 147 356
3  369 368 147
3  1479 1382 1380
3  1345 143 1185
3  1183 1185 143
3  777 1244 1771
3  1238 1771 1244
3  329 381 26
3  329 380 381
3  1090 1089 540
3  1909 1089 1090
3  713 183 350
3  1136 1684 1134
3  1136 1134 227
3  1337 1338 654
3  185 1338 1337
3  1212 1210 631
3  1212 631 1213
3  2065 2064 359
3  360 2064 2065
3  1235 930 938
3  448 325 84
3  274 75 33
3  696 1255 1257
3  1018 1255 696
3  1859 1715 1718
3  215 74 379
3  2043 472 1993
3  190 139 317
3  258 139 190
3  84 222 85
3  1390 59 1083
3  755 1390 1083
3  1283 1590 1305
3  1283 1305 699
3  108 1445 1444
3  952 30 1823
3  952 1823 953
3  804 595 1951
3  243 135 241
3  1278 1504 73
3  278 260 112
3  127 278 112
3  953 1823 2121
3  1265 1263 720
3  1265 720 1782
3  874 2000 1193
3  874 1193 1191
3  1133 1120 227
3  1006 1005 195
3  1006 195 1010
3  1119 1120 1953
3  1080 1083 59
3  1408 1407 47
3  860 1407 1408
3  1929 638 1644
3  1929 1818 638
3  37 1949 1948
3  736 737 188
3  736 163 737
3  93 94 256
3  93 256 217
3  52 117 370
3  317 214 316
3  289 378 290
3  110 1064 433
3  1611 1612 1372
3  1034 1612 1611
3  1547 272 1561
3  286 1547 1561
3  211 93 13
3  216 13 93
3  2077 477 1599
3  2077 1599 916
3  423 779 572
3  423 572 573
3  473 561 560
3  473 564 561
3  352 1510 1991
3  1870 1011 686
3  605 1124 1123
3  1742 1746 879
3  28 1499 1781
3  74 215 97
3  1240 1994 472
3  1240 472 2041
3  1834 1835 1855
3  1834 355 1835
3  1511 352 2156
3  1511 2156 1514
3  1021 685 1009
3  228 98 383
3  228 383 406
3  820 823 819
3  820 819 821
3  1691 1689 363
3  1946 1031 88
3  888 889 416
3  272 1548 1549
3  330 1549 1548
3  1000 999 247
3  1996 1995 2014
3  646 1996 2014
3  848 6 847
3  848 1208 6
3  468 206 467
3  468 467 437
3  420 167 132
3  541 2 326
3  88 747 2101
3  88 2101 744
3  1196 1197 1714
3  1916 2124 620
3  193 386 242
3  440 193 242
3  2090 2089 157
3  2091 2090 157
3  120 165 196
3  224 324 2
3  211 69 94
3  211 250 69
3  1217 856 301
3  113 440 135
3  1358 1357 1356
3  1358 1058 1357
3  405 406 220
3  733 236 732
3  1787 733 732
3  1601 1600 199
3  250 211 13
3  104 346 309
3  348 309 346
3  1368 1369 1190
3  688 1482 1483
3  126 359 111
3  126 111 1900
3  430 122 380
3  770 220 406
3  770 406 383
3  1388 1370 361
3  1468 332 1961
3  20 405 250
3  190 317 316
3  2010 860 2011
3  557 507 198
3  207 409 234
3  1033 522 1388
3  52 210 117
3  210 158 117
3  320 369 356
3  1471 1472 319
3  1607 1606 643
3  1607 1026 1606
3  50 269 71
3  50 182 269
3  173 182 50
3  348 138 1102
3  204 273 60
3  165 204 60
3  273 243 60
3  325 322 84
3  374 1906 1905
3  148 1101 398
3  148 398 202
3  379 380 122
3  684 1116 1874
3  684 1110 1116
3  1901 1731 1730
3  151 410 408
3  116 410 151
3  49 275 274
3  281 668 664
3  435 664 668
3  1893 1892 855
3  1893 855 1894
3  234 409 81
3  1939 1941 221
3  1939 221 1938
3  1517 382 1514
3  1044 382 1517
3  1363 1362 294
3  316 257 190
3  1104 1103 545
3  1104 545 1105
3  1844 328 1843
3  1844 1843 751
3  2113 1948 596
3  2113 37 1948
3  379 74 380
3  381 380 74
3  376 377 149
3  71 377 376
3  259 217 83
3  155 259 83
3  290 155 174
3  792 2135 1399
3  792 1676 2135
3  340 1934 2079
3  340 2079 1173
3  917 918 72
3  917 292 918
3  1128 1125 1161
3  296 1139 1138
3  1147 296 1138
3  1564 965 970
3  744 271 1040
3  1041 1040 271
3  387 136 452
3  1728 579 1901
3  660 662 281
3  660 767 662
3  18 99 51
3  960 1705 1980
3  901 576 902
3  137 503 209
3  795 503 137
3  42 345 366
3  325 323 326
3  19 1169 1170
3  19 1166 1169
3  1282 1016 1283
3  1282 1283 699
3  164 251 366
3  367 164 366
3  63 412 279
3  177 63 279
3  2089 1387 157
3  1977 1976 268
3  2 324 326
3  430 380 329
3  430 329 431
3  894 415 895
3  894 891 415
3  151 411 116
3  151 409 411
3  207 411 409
3  433 427 1861
3  1403 118 2046
3  1402 118 1403
3  1181 1234 570
3  1166 600 1132
3  1152 1132 600
3  1188 1097 2127
3  1188 2127 533
3  1541 1540 1260
3  1605 643 1606
3  1826 705 1827
3  1826 1848 705
3  498 1794 1795
3  498 1795 1226
3  427 433 236
3  1236 930 1235
3  627 1626 1476
3  627 1476 1478
3  976 375 1844
3  976 1844 751
3  1659 1664 1703
3  1659 1703 1660
3  1020 693 1568
3  1020 1568 1567
3  1945 1944 920
3  347 1865 1864
3  301 1213 2029
3  124 279 280
3  324 97 322
3  498 1792 1794
3  1376 1723 791
3  1376 791 1374
3  2027 2026 9
3  323 448 449
3  325 448 323
3  485 1682 1980
3  960 1980 1682
3  541 2120 275
3  2026 2027 327
3  23 327 2027
3  1293 720 1290
3  1782 720 1293
3  729 673 730
3  674 730 673
3  1843 1839 1838
3  562 1969 923
3  1620 1186 593
3  455 1186 1620
3  228 51 717
3  396 190 257
3  258 190 396
3  685 1392 973
3  1909 1910 1292
3  448 70 89
3  1294 1293 721
3  982 983 985
3  974 2082 319
3  1472 974 319
3  454 1805 457
3  989 1950 2182
3  1949 1950 989
3  709 1277 1275
3  162 91 42
3  367 2090 2091
3  367 187 2090
3  42 91 186
3  345 42 186
3  935 470 560
3  935 560 2022
3  1361 647 1931
3  606 1159 1126
3  606 1133 1159
3  946 2052 2053
3  338 946 2053
3  318 357 356
3  1431 1430 1436
3  309 348 148
3  308 309 148
3  39 1117 1118
3  1121 39 1118
3  435 1064 664
3  110 664 1064
3  490 184 183
3  349 183 184
3  351 350 263
3  613 263 612
3  52 612 210
3  52 613 612
3  1821 1822 654
3  1164 1165 615
3  1164 615 1808
3  1511 382 1512
3  1465 288 1464
3  850 2118 718
3  1428 1429 1433
3  1428 1433 1427
3  1896 577 1895
3  1896 1895 863
3  2123 255 763
3  762 763 255
3  314 313 369
3  320 314 369
3  971 895 225
3  2174 1947 595
3  2174 596 1947
3  186 91 358
3  186 358 126
3  345 186 126
3  1086 755 2038
3  523 1083 1080
3  2038 1083 523
3  214 368 312
3  1770 2037 9
3  1769 2037 1770
3  503 245 209
3  840 824 1413
3  1412 1413 824
3  1055 1680 365
3  1055 365 1054
3  2130 690 2129
3  2130 2129 691
3  1962 875 1961
3  1072 1962 1961
3  891 892 115
3  2050 891 115
3  1798 772 8
3  924 8 772
3  1538 1536 339
3  1538 339 1230
3  3 614 1025
3  371 1924 1925
3  997 418 896
3  897 896 418
3  1174 1128 1161
3  1174 602 1128
3  149 122 290
3  149 379 122
3  149 377 379
3  377 144 215
3  71 144 377
3  71 269 144
3  67 378 289
3  376 378 67
3  74 224 381
3  2149 497 1520
3  495 2149 1520
3  261 2149 495
3  1513 1518 353
3  2157 225 1618
3  1100 1517 1514
3  353 1465 1509
3  353 1509 1510
3  1550 99 1029
3  647 1361 2094
3  539 1309 1303
3  1296 539 1303
3  687 1217 1526
3  866 1244 873
3  2170 866 873
3  1668 2175 1060
3  1061 2175 1668
3  467 2047 2048
3  132 2048 2047
3  1608 351 1609
3  621 1606 1026
3  1605 1606 621
3  571 750 2146
3  679 767 661
3  2024 679 661
3  1074 1073 549
3  1074 549 1232
3  1603 1608 643
3  65 1608 1603
3  1865 347 346
3  310 346 347
3  593 1186 807
3  1096 2096 535
3  1096 535 1098
3  105 1470 492
3  306 202 397
3  0 306 397
3  277 127 189
3  127 277 278
3  191 278 277
3  397 191 277
3  0 397 277
3  0 277 189
3  0 189 12
3  405 220 250
3  20 51 228
3  20 228 405
3  1352 73 1504
3  961 960 1682
3  328 1841 1840
3  276 1840 1841
3  1953 1120 1133
3  1953 1133 606
3  1497 496 1496
3  2003 2002 597
3  209 245 243
3  202 398 397
3  982 985 400
3  1496 982 400
3  470 529 560
3  1267 697 1268
3  1845 1839 23
3  2056 474 2084
3  2056 2084 781
3  1862 779 421
3  1518 64 1028
3  2112 2113 598
3  438 490 183
3  438 183 713
3  766 160 1023
3  666 1023 160
3  904 1497 1189
3  2165 36 2164
3  2163 1079 2162
3  1975 890 1976
3  1975 46 890
3  1846 1847 1854
3  1434 392 1435
3  1434 1435 153
3  424 1241 1245
3  2074 1241 424
3  1332 1260 1597
3  1541 1260 1332
3  1113 1121 1122
3  1113 1937 1121
3  1792 1790 757
3  2053 1085 338
3  1515 1513 1512
3  1515 1512 382
3  678 1538 1230
3  914 682 1813
3  2166 682 914
3  92 923 1807
3  1032 362 1031
3  1032 1031 1946
3  1748 582 2013
3  351 78 713
3  350 351 713
3  259 430 431
3  1260 1540 1300
3  1260 1300 1262
3  761 255 2173
3  761 2173 618
3  2096 2127 1097
3  2096 1095 2127
3  505 437 107
3  1703 1658 1660
3  818 425 823
3  820 818 823
3  458 457 727
3  197 2092 2093
3  440 242 439
3  440 439 135
3  113 246 441
3  103 441 246
3  1099 1098 1982
3  1099 1982 957
3  441 440 113
3  441 193 440
3  441 442 193
3  27 291 2152
3  27 32 291
3  1572 1573 1017
3  1572 461 1573
3  1979 395 1708
3  1979 1708 484
3  1541 1332 1331
3  526 1331 1332
3  1038 1037 2033
3  1038 2033 756
3  1060 1913 959
3  1059 1060 959
3  145 278 191
3  145 493 260
3  145 260 278
3  25 1562 41
3  1238 1244 172
3  683 1145 1162
3  1050 1732 1749
3  2059 1732 1050
3  1438 1439 125
3  531 1439 1438
3  883 2050 115
3  1574 461 1575
3  1574 1575 1576
3  1108 1110 1109
3  1108 1109 609
3  1799 1798 181
3  772 1798 1799
3  267 464 410
3  267 410 417
3  594 519 595
3  1915 610 1143
3  1914 610 1915
3  1094 533 1095
3  599 1622 1621
3  2088 1622 599
3  408 410 170
3  464 170 410
3  1108 611 1110
3  1790 1789 389
3  884 883 882
3  884 414 883
3  304 1043 2148
3  1042 2148 1043
3  558 1543 1796
3  778 928 927
3  778 927 1554
3  1574 1576 458
3  1570 1571 462
3  1570 462 1067
3  1912 1325 589
3  508 198 506
3  134 979 481
3  1557 1555 1553
3  1554 1553 1555
3  698 1270 1271
3  506 198 507
3  505 506 507
3  1653 237 1654
3  303 1514 2156
3  854 852 536
3  847 536 852
3  1130 603 1151
3  990 2182 1950
3  990 1950 1852
3  252 251 164
3  86 561 987
3  86 987 933
3  2064 111 359
3  21 926 592
3  1551 21 592
3  1433 1429 1434
3  1433 1434 153
3  1192 2110 1460
3  1691 1056 954
3  1691 793 1056
3  442 441 972
3  103 972 441
3  134 1426 1424
3  291 32 910
3  184 182 489
3  489 182 123
3  173 123 182
3  392 411 1435
3  693 195 1003
3  693 1020 195
3  488 1091 1089
3  109 210 349
3  109 349 489
3  123 109 489
3  123 174 109
3  70 438 89
3  70 490 438
3  55 89 438
3  1418 212 574
3  244 1769 1770
3  1918 244 1770
3  78 55 438
3  950 949 952
3  148 1102 1101
3  2156 446 303
3  2156 4 446
3  1501 1496 496
3  1501 496 1500
3  398 145 191
3  1792 757 1793
3  1792 1793 1794
3  790 1374 1375
3  327 541 326
3  178 427 979
3  789 178 979
3  1698 956 1327
3  1302 1327 956
3  558 1796 566
3  558 566 2119
3  1381 1383 1384
3  1776 150 1777
3  2137 1539 436
3  128 984 981
3  982 128 981
3  128 493 984
3  729 82 673
3  1002 298 1001
3  1513 353 1512
3  304 2148 1044
3  1042 1044 2148
3  881 179 1613
3  412 1613 179
3  1072 1454 1453
3  737 262 746
3  737 738 262
3  426 427 178
3  1861 427 426
3  1559 1558 775
3  1467 1559 775
3  1812 1395 802
3  1812 801 1395
3  1034 1033 1086
3  525 1337 1822
3  1336 1337 525
3  861 833 862
3  1856 862 833
3  1505 607 1503
3  1444 1445 394
3  367 1891 980
3  367 980 164
3  251 119 162
3  744 739 271
3  478 251 252
3  479 478 252
3  343 80 390
3  551 671 1073
3  1246 1245 1241
3  1955 738 743
3  1334 1336 525
3  2040 1466 1455
3  2119 566 2147
3  1968 1426 134
3  1968 134 481
3  1691 1692 793
3  1691 363 1692
3  1660 587 1679
3  755 1528 1390
3  1728 1954 579
3  1616 268 889
3  1616 1617 268
3  1048 1913 586
3  141 2024 900
3  1689 1690 363
3  1298 2106 1986
3  1987 1298 1986
3  2050 883 414
3  1031 1030 88
3  1031 2051 1030
3  1189 905 904
3  564 1867 565
3  649 1425 1683
3  1427 1425 649
3  722 1290 1289
3  125 1096 1437
3  1342 1343 723
3  1342 1092 1343
3  817 816 785
3  1295 734 1296
3  517 2068 640
3  2069 640 2068
3  1105 1106 1104
3  2051 1031 1033
3  362 1033 1031
3  1839 1840 23
3  328 1840 1839
3  936 938 1391
3  936 1391 469
3  583 310 578
3  327 276 541
3  32 282 2100
3  32 2100 710
3  760 2121 1791
3  760 1791 1227
3  2121 1823 757
3  2 541 275
3  2 275 49
3  1611 1372 522
3  344 1491 1492
3  431 90 259
3  475 830 1615
3  1247 830 475
3  76 1014 1998
3  1927 432 1926
3  27 546 282
3  32 27 282
3  2051 361 1030
3  672 670 671
3  672 671 551
3  2029 633 1637
3  1769 1767 2037
3  1627 1628 625
3  672 82 670
3  1536 1535 1534
3  556 1535 1536
3  168 787 2083
3  168 828 787
3  2061 1055 1054
3  1305 1271 699
3  1305 1310 1271
3  1150 601 1944
3  920 1944 601
3  1784 1295 735
3  563 932 933
3  1164 1163 919
3  2053 2052 947
3  660 281 663
3  660 663 659
3  1107 1175 456
3  77 2153 2057
3  1107 1111 611
3  1706 1707 395
3  531 1707 1706
3  542 549 1942
3  2087 542 1942
3  451 1128 1131
3  451 1125 1128
3  1287 1325 1171
3  553 1171 1325
3  717 99 286
3  51 99 717
3  932 563 928
3  932 928 773
3  1556 929 778
3  1556 543 929
3  775 1557 1553
3  775 1553 1552
3  1544 1462 1455
3  1543 1866 557
3  1158 1115 460
3  473 1867 564
3  455 571 1187
3  559 564 565
3  559 565 567
3  1827 355 1834
3  1827 1828 355
3  763 764 35
3  763 35 1522
3  1177 609 1178
3  802 1476 1811
3  679 2024 141
3  533 1092 1188
3  665 160 659
3  887 996 415
3  896 415 996
3  601 918 920
3  929 938 773
3  929 1235 938
3  1416 1404 940
3  218 574 219
3  18 218 219
3  1998 1014 1012
3  717 286 98
3  1991 1510 142
3  78 438 713
3  1940 2152 72
3  229 2020 1480
3  1410 2010 846
3  1410 846 843
3  1184 1183 232
3  1468 2001 331
3  1961 875 2001
3  1468 1961 2001
3  1602 65 1603
3  1602 1603 240
3  742 1457 1456
3  742 1456 1453
3  143 1955 743
3  143 743 1183
3  520 1777 150
3  520 1779 1777
3  649 1756 1428
3  1427 649 1428
3  675 1539 2137
3  2122 479 1461
3  2122 1461 480
3  1744 2061 1745
3  1860 110 1861
3  433 1861 110
3  1709 970 906
3  715 564 559
3  715 559 716
3  807 2178 593
3  454 2178 807
3  1871 229 1872
3  2052 1871 1872
3  1038 1528 755
3  1038 756 1528
3  954 1689 1691
3  728 1711 1199
3  728 1199 1702
3  969 970 965
3  906 970 969
3  992 1781 1780
3  836 829 476
3  588 985 983
3  984 493 145
3  404 984 145
3  2161 159 2155
3  2161 2155 639
3  1236 931 1239
3  1236 1239 930
3  287 1550 1029
3  287 1029 1463
3  1239 931 1241
3  2074 1239 1241
3  1900 1923 1387
3  1900 1387 2089
3  863 171 862
3  1895 171 863
3  1533 754 1532
3  518 344 1493
3  685 973 1004
3  1493 519 520
3  1493 520 518
3  519 1493 1494
3  943 337 942
3  1958 337 943
3  449 2026 323
3  1869 1870 686
3  1869 686 1007
3  1278 590 1773
3  1278 1773 1504
3  1666 1665 1062
3  1666 1062 1667
3  416 993 886
3  1124 605 1119
3  504 796 1473
3  504 1473 1474
3  1122 605 1123
3  606 1125 1124
3  1458 1457 742
3  1685 1457 1458
3  547 1938 1936
3  1173 552 1172
3  1103 1176 750
3  210 612 349
3  612 350 349
3  612 263 350
3  1350 1348 463
3  1067 1350 463
3  1306 1276 226
3  1003 1004 298
3  613 614 263
3  288 1463 1464
3  288 1462 1463
3  616 614 613
3  52 616 613
3  1226 500 1789
3  390 80 2025
3  1927 1925 360
3  837 836 476
3  837 1681 836
3  1610 118 239
3  1610 299 118
3  65 78 1608
3  351 1608 78
3  52 622 616
3  1394 797 504
3  1145 1144 681
3  683 1144 1145
3  617 616 208
3  1549 330 1551
3  52 370 622
3  56 622 370
3  253 2069 2070
3  253 2070 1192
3  1406 1409 1411
3  1728 311 583
3  578 1728 583
3  784 812 816
3  1044 1515 382
3  1863 1472 315
3  2068 2072 641
3  2068 517 2072
3  934 932 773
3  47 1405 1404
3  914 295 1945
3  1813 295 914
3  54 2146 1234
3  228 717 98
3  1952 1110 684
3  526 1333 1334
3  529 100 507
3  1111 1114 1112
3  14 1472 1863
3  14 1775 1472
3  680 1147 1138
3  898 418 806
3  804 806 418
3  1482 688 1202
3  857 1482 1202
3  1327 2030 527
3  443 1960 1959
3  194 1392 1021
3  1491 598 1492
3  1494 1492 598
3  2154 200 2153
3  752 753 2075
3  423 780 779
3  1067 462 1350
3  1086 1038 755
3  695 1256 1567
3  694 1567 1256
3  1602 239 65
3  1971 1227 1194
3  897 895 896
3  586 1047 1048
3  1752 1753 653
3  2001 2000 2018
3  2001 2018 331
3  865 642 2076
3  2170 865 2076
3  922 1807 923
3  36 1399 2135
3  1676 36 2135
3  502 1221 848
3  482 1426 1968
3  1389 1726 1727
3  341 1983 1984
3  1645 1646 1045
3  1401 1821 44
3  1401 44 1400
3  1819 44 1817
3  1819 1817 1816
3  1697 1328 363
3  1250 1856 833
3  669 82 668
3  281 669 668
3  1862 420 132
3  546 283 679
3  767 679 283
3  1614 464 152
3  973 103 999
3  1000 973 999
3  280 659 663
3  280 663 110
3  1158 748 1157
3  1065 748 1158
3  110 663 664
3  1583 1582 1065
3  669 281 662
3  416 886 888
3  141 900 901
3  1124 1125 451
3  1124 451 1123
3  669 670 82
3  669 667 670
3  2180 1802 695
3  1301 1299 1300
3  1301 1300 1540
3  524 1882 1084
3  674 434 730
3  39 1937 1112
3  39 1121 1937
3  732 236 433
3  1537 1536 1538
3  1537 1538 678
3  730 435 729
3  675 434 674
3  675 674 1539
3  487 1317 1315
3  1318 1317 487
3  339 1231 1230
3  434 2176 1787
3  1765 1762 514
3  1314 487 1315
3  1300 1299 528
3  1300 528 1262
3  1378 1873 1872
3  2095 1378 1872
3  2119 54 567
3  2119 2147 54
3  2094 953 1964
3  647 2094 1964
3  180 373 447
3  180 2099 373
3  2099 1904 373
3  185 2131 689
3  1247 1246 831
3  575 282 141
3  660 766 767
3  79 1279 1308
3  1137 227 1156
3  1600 1598 199
3  288 1685 1458
3  1462 288 1458
3  95 220 770
3  292 920 918
3  1347 1346 1281
3  921 924 772
3  77 921 772
3  1364 1365 199
3  1567 694 1020
3  249 1255 1256
3  694 1256 1255
3  1885 869 264
3  2067 264 869
3  668 82 729
3  435 668 729
3  723 1291 1319
3  723 1292 1291
3  892 900 893
3  2024 893 900
3  1207 1206 1483
3  1207 1483 844
3  592 92 41
3  1562 592 41
3  545 1103 749
3  545 749 1586
3  279 412 179
3  393 1758 1759
3  1952 1109 1110
3  291 72 2152
3  1645 1647 238
3  160 766 660
3  160 660 659
3  925 923 92
3  925 92 926
3  1595 1306 1270
3  735 1306 1595
3  21 927 926
3  1554 927 21
3  585 1726 1725
3  1047 585 1725
3  665 179 881
3  658 179 665
3  812 813 783
3  1075 783 813
3  1323 1486 724
3  1323 724 1322
3  1213 631 1215
3  1617 1616 466
3  631 1719 1720
3  1227 1791 389
3  1790 389 1791
3  2008 1027 1518
3  2008 1518 1028
3  1387 1923 391
3  1387 391 2102
3  1485 1484 687
3  1217 687 1484
3  846 6 843
3  254 798 1394
3  758 950 952
3  978 977 22
3  976 22 977
3  3 2054 614
3  263 614 2054
3  1586 749 455
3  882 883 666
3  1264 1257 719
3  1093 1092 533
3  1091 1092 1093
3  1005 1009 685
3  1006 1009 1005
3  594 1975 1779
3  145 398 404
3  1101 404 398
3  34 1700 1699
3  725 136 443
3  452 136 725
3  388 452 725
3  727 457 388
3  458 727 726
3  388 726 727
3  1158 460 1583
3  1158 1583 1065
3  1579 544 1578
3  1579 1578 1577
3  2020 872 1480
3  714 1637 1631
3  1483 856 1484
3  1483 1484 844
3  731 434 732
3  731 732 433
3  454 807 508
3  358 91 736
3  1778 1977 975
3  231 91 162
3  736 91 231
3  742 1453 1454
3  737 163 738
3  163 736 231
3  1036 1035 361
3  358 736 188
3  1343 1092 488
3  2149 1795 497
3  2149 261 1795
3  1997 300 2085
3  1558 776 1557
3  591 119 2006
3  1470 1471 319
3  265 868 1995
3  620 2123 1522
3  1797 902 284
3  1797 284 575
3  1465 1027 1685
3  1099 1686 1359
3  1544 1455 1466
3  140 1544 1466
3  2019 48 1887
3  2067 2019 1887
3  1489 1097 1488
3  1486 1489 1488
3  1269 1595 1270
3  735 1595 1269
3  221 671 667
3  1073 671 221
3  1208 1207 6
3  749 750 571
3  455 749 571
3  1905 1100 62
3  1903 1905 62
3  938 930 1391
3  1551 330 1552
3  1551 1552 21
3  2105 839 823
3  1898 1899 337
3  1019 1959 1013
3  715 716 1969
3  715 1969 562
3  1887 48 1888
3  1939 1940 548
3  1939 547 1940
3  1731 1733 580
3  1730 1731 580
3  472 2043 2042
3  2147 571 2146
3  1187 571 2147
3  534 1814 1443
3  1920 391 1921
3  1172 552 1228
3  812 811 422
3  1087 581 2039
3  1087 2039 1360
3  1137 2058 1136
3  463 1136 2058
3  385 2170 873
3  412 63 408
3  882 413 884
3  885 884 413
3  886 414 885
3  258 336 139
3  1930 139 336
3  922 923 201
3  936 773 938
3  771 95 770
3  77 771 770
3  77 383 2153
3  2154 2153 383
3  472 2042 2041
3  972 103 973
3  1392 972 973
3  716 2023 201
3  181 764 2126
3  1809 1810 618
3  1809 615 1810
3  1992 474 1993
3  348 1527 138
3  1037 58 2033
3  1978 203 485
3  978 58 1907
3  2033 58 978
3  799 800 38
3  254 800 799
3  530 89 55
3  809 782 811
3  1480 1479 645
3  1480 645 1785
3  1246 1241 1254
3  931 1254 1241
3  1708 481 2151
3  423 781 2032
3  780 423 2032
3  1221 1208 848
3  46 595 804
3  997 46 804
3  1565 1340 1335
3  1565 34 1340
3  1421 1437 909
3  1420 1421 909
3  790 1373 1374
3  655 1076 1085
3  734 2097 1297
3  1296 734 1297
3  279 179 658
3  624 1650 1651
3  809 811 783
3  504 797 795
3  797 503 795
3  246 998 999
3  246 999 103
3  32 710 712
3  2071 385 2110
3  1220 821 819
3  874 2018 2000
3  172 866 878
3  234 426 178
3  1527 310 583
3  1045 96 1649
3  315 347 1864
3  815 1804 714
3  1395 1394 504
3  254 1394 1395
3  1474 1475 802
3  856 1217 1484
3  1486 1488 724
3  973 1000 298
3  1004 973 298
3  2032 781 787
3  2032 787 2031
3  421 808 803
3  53 803 808
3  1103 1104 456
3  1106 456 1104
3  809 808 782
3  421 782 808
3  809 53 808
3  195 1005 1003
3  421 780 782
3  434 1787 732
3  1812 133 1652
3  801 1812 1652
3  1392 685 1021
3  911 910 294
3  911 294 1362
3  802 1478 1476
3  812 783 811
3  1635 1651 625
3  1958 1898 337
3  784 813 812
3  814 813 784
3  816 812 422
3  1133 227 1134
3  342 343 318
3  818 817 785
3  822 818 785
3  817 818 820
3  527 1301 1540
3  2030 1301 527
3  1719 907 1720
3  1541 527 1540
3  1520 102 1519
3  1520 1935 102
3  1656 1665 637
3  1666 637 1665
3  1213 1215 633
3  703 335 1825
3  1848 1825 335
3  786 827 828
3  828 838 787
3  838 816 422
3  787 838 422
3  786 828 829
3  826 1409 1406
3  826 1410 1409
3  1468 331 1559
3  1558 1559 331
3  850 718 876
3  850 876 502
3  827 822 785
3  839 819 823
3  841 1414 1
3  842 841 1
3  1728 1389 1727
3  1728 1901 1389
3  786 829 836
3  786 836 834
3  1383 7 1384
3  1658 1661 1657
3  1394 798 797
3  2085 284 903
3  1997 2085 903
3  1407 1406 1405
3  47 1415 1408
3  47 1416 1415
3  1736 1735 1734
3  1736 1734 579
3  822 834 425
3  822 425 818
3  828 827 838
3  786 834 822
3  786 822 827
3  785 816 838
3  827 785 838
3  870 7 1383
3  870 1885 7
3  1230 2108 678
3  1230 552 2108
3  1212 1211 1210
3  862 1856 1857
3  1414 840 1413
3  1968 481 1708
3  1968 1708 482
3  925 562 923
3  933 562 925
3  1413 1411 1
3  1722 1917 449
3  1722 176 1917
3  1159 607 1505
3  1126 1159 1505
3  936 935 934
3  937 935 936
3  845 1206 1207
3  845 1207 1208
3  1391 930 1240
3  1890 1889 48
3  1892 1890 48
3  859 861 171
3  735 1295 1296
3  477 2077 1362
3  229 2095 1872
3  1531 754 1529
3  835 1412 824
3  835 824 2105
3  2105 824 839
3  1296 1297 539
3  2106 539 1297
3  2043 573 572
3  2043 572 206
3  11 56 10
3  987 562 933
3  1739 1740 879
3  653 1740 1739
3  1043 58 1588
3  1907 58 1043
3  261 495 2160
3  1693 1690 955
3  1407 1405 47
3  854 1894 855
3  1545 287 1463
3  925 926 563
3  925 563 933
3  1511 1510 352
3  1341 1070 2180
3  1369 270 2005
3  991 37 2112
3  1690 1689 955
3  1482 856 1483
3  843 1485 687
3  1485 6 844
3  1485 843 6
3  1629 1628 628
3  1626 628 1628
3  776 1242 1556
3  1233 549 542
3  365 1674 1677
3  1368 1190 1878
3  1368 1878 106
3  1900 111 1923
3  861 862 171
3  951 2021 2020
3  951 2020 2062
3  528 1263 1261
3  1474 802 1395
3  1474 1395 504
3  1993 1994 1992
3  1993 472 1994
3  1833 1079 2163
3  1857 1856 642
3  1920 1928 5
3  1919 1920 5
3  197 196 166
3  197 166 2092
3  998 797 247
3  998 247 999
3  888 885 152
3  886 885 888
3  665 666 160
3  665 882 666
3  658 665 659
3  881 882 665
3  701 2025 80
3  701 80 445
3  141 901 575
3  888 152 465
3  888 465 889
3  464 465 152
3  442 972 194
3  503 797 998
3  890 994 416
3  889 890 416
3  2139 436 1537
3  2139 1537 678
3  245 503 246
3  998 246 503
3  1388 361 2051
3  576 892 894
3  894 892 891
3  113 245 246
3  891 887 415
3  997 804 418
3  416 994 993
3  1661 1658 297
3  1703 297 1658
3  896 895 415
3  1224 500 1225
3  900 576 901
3  900 892 576
3  765 764 1798
3  765 1798 8
3  1008 1998 1012
3  1008 1012 1870
3  1375 1374 791
3  1377 1375 791
3  711 1619 712
3  710 711 712
3  1364 1619 711
3  1619 1363 294
3  1364 1363 1619
3  1369 700 899
3  2176 434 675
3  1706 395 1705
3  1995 870 2014
3  1684 1815 1135
3  752 1836 657
3  124 1860 426
3  234 124 426
3  1733 1739 879
3  2042 471 2041
3  1168 19 1228
3  1441 125 1439
3  1771 1242 1243
3  301 1211 1212
3  301 1212 1213
3  1636 1635 629
3  1636 629 1639
3  1729 1732 223
3  1729 1730 1732
3  750 570 1234
3  230 1163 1164
3  1162 1163 230
3  1163 1146 682
3  543 1235 929
3  1130 1151 680
3  291 917 72
3  291 910 917
3  1207 844 6
3  615 1809 1808
3  619 1808 1809
3  1544 1545 1462
3  140 1545 1544
3  917 910 911
3  917 911 292
3  1600 240 1598
3  288 1465 1685
3  300 1365 711
3  1364 711 1365
3  1860 1861 426
3  788 234 178
3  1167 19 1168
3  1167 1166 19
3  1898 944 2167
3  1958 944 1898
3  928 929 773
3  232 1469 591
3  2057 922 921
3  77 2057 921
3  2154 98 25
3  286 25 98
3  86 933 932
3  86 932 934
3  921 201 2023
3  922 201 921
3  470 935 937
3  1242 1237 543
3  1242 543 1556
3  1555 778 1554
3  1555 1556 778
3  1483 1206 688
3  1033 1388 2051
3  473 557 1866
3  1867 473 1866
3  198 1543 557
3  1347 1815 1348
3  1347 1135 1815
3  1170 1228 19
3  937 936 469
3  934 773 936
3  1584 1583 460
3  597 2002 806
3  833 861 1408
3  860 1408 861
3  171 1893 1894
3  171 1894 859
3  2069 2068 641
3  253 2073 2069
3  1266 696 1264
3  1502 696 1266
3  1900 2089 187
3  953 758 952
3  465 1616 889
3  948 946 759
3  948 759 950
3  948 950 758
3  942 30 949
3  942 949 943
3  235 1573 1574
3  235 1574 458
3  641 2071 2070
3  1377 1379 1375
3  337 1899 702
3  337 702 941
3  1521 35 1178
3  509 1187 1796
3  564 2063 561
3  715 2063 564
3  1226 1795 261
3  950 759 949
3  945 759 946
3  1794 1793 511
3  949 759 943
3  945 943 759
3  657 2163 1533
3  1532 657 1533
3  338 945 946
3  2124 2173 255
3  2124 255 2123
3  1926 790 1928
3  897 225 895
3  194 1021 1013
3  194 1013 1959
3  1060 1670 1668
3  2087 2181 555
3  548 2181 2087
3  1943 27 2152
3  799 958 45
3  798 799 45
3  1641 156 1656
3  38 958 799
3  254 799 798
3  1714 1197 1713
3  1714 1713 1712
3  904 1498 1497
3  1815 1684 1136
3  1064 435 731
3  1064 731 433
3  867 868 265
3  867 2107 868
3  962 1984 1063
3  340 1933 1934
3  1754 1753 1752
3  1730 580 1732
3  532 1439 1440
3  993 994 996
3  805 996 994
3  898 2002 270
3  576 971 902
3  1205 1702 1199
3  858 1702 1205
3  1093 533 1094
3  1814 1093 1094
3  960 486 1442
3  961 486 960
3  1420 483 1421
3  1695 1360 154
3  651 1358 1356
3  1099 1358 651
3  836 1681 834
3  1321 723 1320
3  1056 793 1680
3  971 894 895
3  971 576 894
3  1329 2164 1676
3  25 286 1561
3  574 212 219
3  688 1206 1203
3  532 1441 1439
3  1532 1531 753
3  1078 59 1533
3  1529 754 1528
3  756 1529 1528
3  2141 2142 618
3  1771 1237 1242
3  1771 1238 1237
3  1008 1870 1869
3  2173 1809 618
3  399 982 981
3  399 981 404
3  1994 2074 424
3  1994 424 1992
3  1101 1102 983
3  202 308 148
3  983 138 588
3  1389 1729 1726
3  399 983 982
3  1498 496 1497
3  1499 496 1498
3  2176 203 733
3  1970 968 586
3  1970 586 1061
3  1669 403 1061
3  1970 1061 403
3  203 2176 2140
3  2018 2125 777
3  2064 1924 111
3  1925 1924 2064
3  887 886 993
3  887 414 886
3  993 996 887
3  805 896 996
3  995 997 805
3  994 995 805
3  805 997 896
3  890 995 994
3  46 997 995
3  890 46 995
3  1351 1281 73
3  1352 1351 73
3  509 1796 1543
3  509 1543 1542
3  1004 1005 685
3  1004 1003 1005
3  797 798 247
3  1801 1800 741
3  692 1002 1001
3  1002 1003 298
3  298 1000 1001
3  1280 708 1281
3  1273 708 1280
3  692 1001 45
3  692 45 958
3  2029 1213 633
3  693 1003 1002
3  817 820 1393
3  1788 1222 389
3  1325 1287 589
3  443 136 1960
3  442 1960 136
3  1020 694 1010
3  195 1020 1010
3  1449 101 1963
3  1071 1449 1963
3  947 1084 1085
3  1873 1084 947
3  1269 1784 735
3  1303 1276 1306
3  735 1303 1306
3  1214 1217 301
3  2029 1214 301
3  1216 2029 1637
3  1214 2029 1216
3  1481 856 1482
3  107 197 505
3  107 120 197
3  235 1019 1017
3  235 443 1019
3  437 205 107
3  1481 301 856
3  301 1481 1211
3  1006 686 1009
3  1011 1009 686
3  235 1017 1573
3  1296 1303 735
3  756 2033 1530
3  787 422 2031
3  444 1011 1012
3  1959 1960 194
3  1012 1014 444
3  1489 2096 1097
3  1748 1749 1747
3  1107 611 1108
3  1107 1108 1175
3  600 1166 1167
3  1010 1018 1007
3  1006 1010 1007
3  651 1098 1099
3  1209 1204 632
3  100 437 505
3  1081 1882 1082
3  523 1081 1082
3  1582 1583 1046
3  1584 1046 1583
3  1021 1009 1011
3  1021 1011 1013
3  444 1013 1011
3  1567 1568 695
3  614 616 617
3  1025 614 617
3  766 1023 661
3  883 1024 666
3  892 893 115
3  1024 115 893
3  883 115 1024
3  1074 1232 1231
3  1549 1551 592
3  338 1972 945
3  1509 142 1510
3  1521 1178 609
3  826 1407 860
3  826 860 2010
3  1872 1873 947
3  2052 1872 947
3  1742 1743 880
3  65 239 1589
3  1100 1514 303
3  691 958 2183
3  38 2183 958
3  794 1087 1057
3  794 1057 1056
3  1037 362 1032
3  328 1842 1841
3  1743 581 1087
3  902 903 284
3  238 1647 1636
3  624 1636 1647
3  1035 1030 361
3  747 1030 1035
3  747 1035 175
3  40 1373 1371
3  1374 1373 40
3  5 790 1375
3  1379 5 1375
3  1589 161 43
3  744 1040 1039
3  1040 1042 745
3  1043 745 1042
3  1589 239 161
3  1338 96 1646
3  654 1338 1646
3  738 163 743
3  1469 743 163
3  397 398 191
3  1414 1413 1
3  86 934 935
3  86 935 2022
3  980 2060 159
3  581 1741 1357
3  1950 1949 37
3  1733 879 1747
3  1741 1753 650
3  1769 1876 1875
3  2035 1720 1219
3  826 2010 1410
3  320 356 1774
3  357 1774 356
3  280 110 1860
3  1914 1109 610
3  1914 1522 1109
3  2070 2071 2110
3  1192 2070 2110
3  1742 581 1743
3  1052 1059 959
3  1330 1327 527
3  1331 1330 527
3  645 1377 1785
3  652 1755 1754
3  652 1754 1752
3  1835 991 429
3  1835 1851 991
3  620 1522 1914
3  632 1718 1210
3  632 1210 1209
3  1745 1746 880
3  1742 880 1746
3  499 494 1500
3  261 494 499
3  252 2161 639
3  1216 821 1220
3  1216 1220 634
3  333 336 258
3  1642 636 1643
3  1679 587 1671
3  1782 1783 1265
3  199 1363 1364
3  1598 1363 199
3  1862 803 1786
3  421 803 1862
3  1265 1974 1264
3  1273 699 1271
3  176 1402 1918
3  1917 176 1918
3  623 1597 1259
3  1332 1597 623
3  1060 1059 1670
3  1259 1262 1261
3  1259 1261 1258
3  1274 1275 708
3  1273 1274 708
3  1257 249 1258
3  1257 1255 249
3  547 1939 1938
3  814 627 813
3  1075 813 627
3  550 1168 1229
3  550 1229 1230
3  443 1959 1019
3  1037 1038 362
3  1086 362 1038
3  1077 1080 59
3  1078 1077 59
3  1965 1971 718
3  1077 1076 655
3  1077 655 1080
3  656 1076 1077
3  656 1077 1078
3  1533 59 1390
3  1533 1390 754
3  1379 1919 5
3  1086 1033 362
3  1116 611 1112
3  1084 655 1085
3  1085 1076 1973
3  1085 1973 338
3  1034 523 1612
3  1688 954 1695
3  154 1688 1695
3  794 1056 1055
3  1159 1133 1134
3  485 203 1318
3  17 1293 1294
3  17 1294 1295
3  1291 1290 722
3  1291 722 1319
3  333 1519 102
3  632 1205 1859
3  1204 1205 632
3  696 1257 1264
3  1291 721 1290
3  1291 1292 721
3  1001 1344 45
3  798 45 1344
3  1295 1294 734
3  1911 734 1294
3  2134 869 1885
3  2134 1885 870
3  1990 2009 219
3  64 1518 1513
3  1029 99 2009
3  1990 1029 2009
3  2140 2176 675
3  2140 675 2137
3  1490 428 354
3  607 1684 1352
3  1503 607 1352
3  1189 66 905
3  1709 905 66
3  399 404 1101
3  399 1101 983
3  749 1103 750
3  605 1121 1118
3  417 116 1508
3  1048 223 1049
3  2059 1049 223
3  603 1132 1152
3  1151 603 1152
3  2147 2146 54
3  456 1175 1176
3  750 1176 570
3  456 1176 1103
3  270 899 898
3  270 1369 899
3  296 1140 1139
3  765 1178 35
3  765 35 764
3  1915 620 1914
3  1125 1126 1161
3  1107 456 1106
3  1107 1106 1111
3  1111 939 1114
3  1111 1106 939
3  699 1280 1282
3  1142 683 1143
3  1142 1143 610
3  39 1112 1114
3  39 1114 1117
3  1105 545 1584
3  1584 1585 1046
3  605 1118 1119
3  1114 939 1115
3  1139 604 1138
3  602 1132 1131
3  1579 1580 1046
3  1585 1579 1046
3  1115 1117 1114
3  1322 1321 1320
3  1309 709 1276
3  1279 709 1309
3  1108 609 1175
3  1954 1736 579
3  1993 474 2056
3  1308 1880 1298
3  1158 1157 1160
3  1158 1160 1115
3  505 507 100
3  604 1122 1123
3  604 1123 1129
3  604 1129 1130
3  1168 550 1155
3  1167 1168 1155
3  1139 1122 604
3  606 1126 1125
3  1736 1954 1765
3  1736 1765 514
3  1954 213 1765
3  1129 451 1131
3  1123 451 1129
3  100 468 437
3  1232 549 1233
3  1232 1233 550
3  1232 550 1231
3  603 1131 1132
3  1129 1131 603
3  1130 1129 603
3  600 1154 1152
3  293 1152 1154
3  600 1167 1155
3  1462 1458 1455
3  2097 1090 540
3  1138 604 1130
3  680 1138 1130
3  1954 1728 578
3  213 1954 578
3  681 1147 1148
3  680 1148 1147
3  1309 1879 1279
3  539 1879 1309
3  2138 676 2137
3  108 591 2006
3  1444 591 108
3  976 2075 753
3  2002 898 806
3  296 1141 1140
3  296 1144 1141
3  1145 681 1146
3  1145 1146 1163
3  1163 682 919
3  296 1147 1144
3  1144 1147 681
3  542 1624 1155
3  600 1155 1154
3  1624 1154 1155
3  1938 221 667
3  293 1149 1151
3  293 1151 1152
3  1652 1650 237
3  1149 1148 680
3  1153 681 1148
3  748 1065 1066
3  1349 1016 24
3  1349 24 1348
3  748 1066 1137
3  1156 748 1137
3  1582 1046 1580
3  1460 1191 1193
3  2110 1191 1460
3  334 1593 510
3  333 510 1593
3  2083 781 2084
3  2083 2084 1252
3  1118 1117 1160
3  1118 1160 608
3  1119 1118 608
3  608 1120 1119
3  1156 1120 608
3  1157 1156 608
3  1157 608 1160
3  1443 532 1442
3  1443 1814 532
3  1145 1163 1162
3  497 511 1935
3  1162 230 1143
3  1162 1143 683
3  1164 919 1165
3  1026 1025 1165
3  1026 3 1025
3  2174 519 1494
3  596 2174 1494
3  2174 595 519
3  1522 35 1521
3  1177 570 1176
3  1182 569 1180
3  1802 1256 695
3  1175 1177 1176
3  1175 609 1177
3  1180 569 1181
3  1453 233 1072
3  1452 233 1453
3  68 1272 1868
3  1179 1181 570
3  1179 1178 765
3  1177 1178 1179
3  570 1177 1179
3  8 1182 1180
3  8 1180 765
3  1345 1956 143
3  394 1446 1449
3  1472 1471 315
3  1777 521 1778
3  1876 1769 244
3  1991 1989 352
3  733 1978 484
3  733 203 1978
3  1451 1184 1450
3  701 445 2086
3  27 1943 546
3  547 546 1943
3  455 1187 1186
3  1186 1187 509
3  1186 509 807
3  1022 1272 1310
3  1868 1272 1022
3  1225 499 1499
3  1225 1499 28
3  1502 1267 68
3  1502 1266 1267
3  1172 1228 1170
3  553 1172 1170
3  1367 700 1368
3  1367 1368 106
3  1917 1918 1770
3  9 1917 1770
3  863 864 517
3  2072 517 864
3  480 1461 1448
3  1239 2074 1240
3  1239 1240 930
3  1449 1447 101
3  1446 1447 1449
3  480 1447 1446
3  1313 1985 1983
3  1189 400 985
3  1230 1229 552
3  1227 389 1222
3  1790 1791 757
3  1440 531 1706
3  1440 1706 1705
3  1717 907 1716
3  1717 1716 403
3  1062 1219 1721
3  631 1210 1719
3  1415 833 1408
3  1415 1249 833
3  2045 159 2161
3  252 2045 2161
3  1195 1196 1198
3  1779 521 1777
3  521 1975 1976
3  521 1779 1975
3  619 2124 1916
3  326 323 327
3  2026 327 323
3  1201 402 1200
3  858 1201 1200
3  2113 1494 598
3  596 1494 2113
3  1852 1851 1830
3  2005 270 2003
3  2002 2003 270
3  2055 1727 585
3  1855 429 1490
3  15 1843 1838
3  1831 15 1838
3  372 274 447
3  931 1237 1238
3  1485 844 1484
3  1998 1008 1999
3  777 1771 1243
3  777 1243 2018
3  1202 858 1204
3  230 1164 1808
3  1904 1903 373
3  1211 857 1209
3  302 446 4
3  1632 633 1215
3  630 1632 1215
3  1353 1419 909
3  1993 2056 573
3  1504 1503 1352
3  49 274 33
3  2097 734 1911
3  857 1204 1209
3  1211 1209 1210
3  1203 1202 688
3  1201 858 1202
3  1201 1202 1203
3  908 1201 1203
3  908 402 1201
3  1829 1828 706
3  1847 1852 707
3  1847 707 1854
3  823 425 2105
3  1668 1670 587
3  1661 636 1657
3  1675 793 1676
3  1206 908 1203
3  845 908 1206
3  877 908 845
3  1221 877 845
3  1221 845 1208
3  1225 28 1224
3  1197 501 1223
3  1224 1197 1223
3  501 1222 1223
3  1224 1223 500
3  1195 1194 501
3  501 1194 1222
3  1195 501 1196
3  1196 501 1197
3  1721 1717 403
3  1226 1225 500
3  499 1225 1226
3  1226 261 499
3  552 1229 1228
3  1168 1228 1229
3  2109 1051 582
3  551 1073 1074
3  807 1542 508
3  550 1230 1231
3  1233 1155 550
3  542 1155 1233
3  543 1236 1235
3  543 1237 1236
3  1237 931 1236
3  1037 1588 58
3  1557 775 1558
3  475 1245 1247
3  1251 1245 475
3  303 62 1100
3  2001 875 2000
3  194 972 1392
3  554 1772 1174
3  383 98 2154
3  1772 1169 1174
3  602 1174 1169
3  1170 1171 553
3  1170 1772 1171
3  1170 1169 1772
3  248 2171 2129
3  691 2129 2171
3  864 863 1857
3  791 1723 1378
3  1785 791 1378
3  1810 615 617
3  454 508 1805
3  814 626 815
3  862 1857 863
3  1247 831 1248
3  1249 1248 831
3  2018 1243 331
3  1254 1238 172
3  1253 1254 172
3  1997 1367 300
3  1997 700 1367
3  1783 1784 1269
3  697 1783 1269
3  447 373 372
3  373 1903 62
3  373 62 372
3  2158 977 1904
3  1268 1269 1270
3  697 1269 1268
3  698 1268 1270
3  1590 1591 76
3  1590 1016 1591
3  14 320 1774
3  2133 1984 962
3  2133 962 1858
3  1017 444 1014
3  154 1686 1687
3  1313 1312 538
3  1324 1299 1301
3  1324 1301 364
3  2138 2137 436
3  1261 719 1258
3  1263 719 1261
3  1257 1258 719
3  1018 694 1255
3  314 14 1863
3  1265 719 1263
3  1264 719 1265
3  1267 1266 697
3  708 1275 1304
3  1278 1304 1275
3  1785 1377 791
3  1279 79 1277
3  68 1267 1272
3  1272 1267 1268
3  698 1272 1268
3  461 1572 1571
3  1015 1571 1572
3  1271 1270 226
3  1273 1271 226
3  1304 1281 708
3  1274 1273 226
3  1276 1274 226
3  73 1304 1278
3  73 1281 1304
3  709 1275 1274
3  1276 709 1274
3  1289 1263 528
3  1299 1289 528
3  1508 411 392
3  116 411 1508
3  709 1279 1277
3  1816 1817 768
3  720 1263 1289
3  1290 720 1289
3  1278 1277 1284
3  1278 1275 1277
3  1353 909 1096
3  1353 1096 1098
3  1273 1280 699
3  960 1442 1705
3  1969 716 201
3  1969 201 923
3  1457 1685 1027
3  2139 2138 436
3  990 1852 1847
3  2182 990 1847
3  2107 867 512
3  849 512 867
3  1277 79 1284
3  79 1308 1286
3  538 1286 1308
3  1066 1881 266
3  1581 266 1881
3  2144 849 848
3  502 848 849
3  1309 1276 1303
3  364 1320 1324
3  1319 1324 1320
3  1293 1290 721
3  1910 1911 721
3  1910 721 1292
3  1987 1985 1313
3  538 1987 1313
3  17 1295 1784
3  341 1984 2133
3  1911 1294 721
3  1530 2033 978
3  1262 528 1261
3  1001 1000 1344
3  1000 247 1344
3  798 1344 247
3  1324 1319 722
3  1960 442 194
3  1014 76 1015
3  1591 1015 76
3  1869 68 1868
3  1008 1869 1868
3  1270 1306 226
3  1596 690 1339
3  1287 1307 590
3  1287 1171 1307
3  1432 1508 392
3  1127 1504 1773
3  1326 1173 1172
3  553 1326 1172
3  1310 1272 698
3  1869 1525 68
3  1869 1007 1525
3  1271 1310 698
3  1286 1311 1288
3  538 1311 1286
3  488 1092 1091
3  724 1321 1322
3  869 2134 868
3  1995 868 2134
3  1320 364 1322
3  497 1935 1520
3  1453 1456 1452
3  538 1312 1311
3  1311 1312 537
3  537 1312 1314
3  537 1314 1315
3  677 1934 1316
3  677 1316 1704
3  537 1315 1316
3  255 761 762
3  677 1704 2138
3  722 1289 1299
3  1324 722 1299
3  1686 1099 957
3  1686 957 1687
3  1320 723 1319
3  1787 2176 733
3  733 2151 236
3  1695 1056 1057
3  1695 954 1056
3  1438 125 1437
3  1468 1467 332
3  1654 96 57
3  811 782 422
3  2031 422 782
3  1331 527 1541
3  1321 1342 723
3  1292 723 1343
3  1292 1343 488
3  1218 1720 2035
3  1342 1321 1188
3  1342 1188 1092
3  1333 129 1334
3  1336 1334 129
3  1866 1543 558
3  1867 1866 558
3  129 1333 1341
3  17 1784 1783
3  1782 17 1783
3  206 2042 2043
3  1412 1411 1413
3  161 239 118
3  161 118 1402
3  1404 825 1417
3  1405 825 1404
3  1849 1848 335
3  1849 335 2167
3  1488 1188 724
3  1488 1097 1188
3  526 1340 1331
3  1340 1330 1331
3  1340 34 1330
3  1692 363 1329
3  1676 793 1692
3  1676 1692 1329
3  1801 1457 2008
3  1801 2008 1028
3  1645 1045 1647
3  526 1335 1340
3  1346 1280 1281
3  1282 1280 1346
3  24 1346 1347
3  1282 1346 24
3  1070 1802 2180
3  1016 1282 24
3  1348 24 1347
3  1350 1349 1348
3  1350 462 1349
3  343 1930 80
3  1351 1135 1347
3  1351 1347 1281
3  1088 1091 534
3  1693 1696 956
3  1693 956 1690
3  1058 1359 1360
3  1493 344 1492
3  1493 1492 1494
3  1352 1684 1135
3  1352 1135 1351
3  651 1353 1098
3  651 1354 1353
3  1072 1961 332
3  651 1356 1354
3  640 2136 986
3  1359 1058 1358
3  1099 1359 1358
3  2136 2060 986
3  2136 159 2060
3  2040 1454 332
3  1072 332 1454
3  1360 1057 1087
3  589 1285 1286
3  29 2104 854
3  855 29 854
3  912 292 911
3  912 911 1362
3  1278 1284 590
3  2078 590 1284
3  1366 300 1367
3  1366 1367 106
3  475 1615 1252
3  1251 475 1252
3  168 2083 1252
3  168 1252 1615
3  465 466 1616
3  2081 466 465
3  2083 787 781
3  1368 700 1369
3  32 712 910
3  294 910 712
3  1619 294 712
3  1383 1381 646
3  476 830 2017
3  829 1615 830
3  829 830 476
3  1370 1036 361
3  645 1380 1379
3  40 1371 1372
3  1901 1730 1389
3  187 2089 2090
3  1036 1927 360
3  2120 180 447
3  1048 1047 1725
3  1048 1725 223
3  645 1379 1377
3  579 1731 1901
3  427 236 481
3  2151 481 236
3  1920 1921 1928
3  1888 1889 515
3  1926 1925 1927
3  1926 371 1925
3  1923 111 1922
3  48 1889 1888
3  1929 1644 768
3  830 1248 2017
3  1789 500 1788
3  1789 1788 389
3  2022 560 561
3  1932 1931 871
3  646 1382 1932
3  646 1932 871
3  1932 1382 872
3  1932 872 1931
3  803 53 796
3  803 796 1786
3  2015 1401 1400
3  1116 1110 611
3  1480 872 1479
3  1822 1821 1401
3  1528 754 1390
3  432 1370 1371
3  1371 1370 522
3  1388 522 1370
3  171 1895 1893
3  264 1887 1886
3  1888 1886 1887
3  1382 646 1381
3  814 1393 626
3  1393 814 784
3  244 1878 1877
3  244 1877 1876
3  817 784 816
3  1393 784 817
3  1635 624 1651
3  2016 1335 526
3  2016 526 1334
3  1671 1059 1053
3  1677 1053 1059
3  1744 880 1743
3  1744 1745 880
3  1398 769 1399
3  36 1398 1399
3  1334 525 2016
3  1662 297 1664
3  1662 1661 297
3  448 89 449
3  161 1402 530
3  161 530 55
3  1249 1415 832
3  1416 832 1415
3  1409 1 1411
3  1409 842 1
3  2108 552 1173
3  843 842 1410
3  843 687 842
3  942 1495 30
3  2145 206 468
3  1406 825 1405
3  825 1411 1412
3  1418 574 131
3  90 1418 131
3  1418 90 31
3  431 31 90
3  922 1806 1807
3  1318 487 1682
3  961 1682 487
3  940 837 476
3  1404 1417 837
3  940 1404 837
3  979 427 481
3  1438 1437 1421
3  1761 1762 513
3  810 53 809
3  531 1438 1422
3  1422 1421 483
3  1422 1438 1421
3  789 979 134
3  1431 789 134
3  154 1687 1688
3  1251 474 1992
3  2084 474 1251
3  1120 1156 227
3  1426 1422 483
3  482 1422 1426
3  1684 607 1134
3  1159 1134 607
3  1747 879 1746
3  1436 1430 153
3  573 2056 423
3  1424 483 1423
3  1420 1423 483
3  1127 1503 1504
3  1423 1420 285
3  1423 285 1425
3  2056 781 423
3  1424 1431 134
3  1427 1430 648
3  1431 648 1430
3  1425 1427 648
3  1425 648 1423
3  1424 1423 648
3  1424 648 1431
3  1810 2141 618
3  1810 617 2141
3  1940 547 1943
3  1940 1943 2152
3  1545 1463 1462
3  1450 1184 394
3  1763 1766 513
3  132 779 1862
3  2140 2137 676
3  1431 1436 789
3  788 789 1436
3  788 178 789
3  1435 207 153
3  1436 153 207
3  788 1436 207
3  463 1348 1815
3  1707 531 1422
3  1707 1422 482
3  1707 482 1708
3  858 1205 1204
3  1451 1452 1185
3  1451 1185 1184
3  1071 1450 1449
3  1449 1450 394
3  534 1443 1063
3  1088 534 1063
3  1442 486 1443
3  463 1815 1136
3  2013 582 1051
3  1106 1105 939
3  2111 939 1105
3  1445 480 1446
3  394 1445 1446
3  2038 755 1083
3  1698 1328 1697
3  1184 1185 1183
3  480 1448 1447
3  1459 1447 1448
3  1459 1448 1192
3  163 231 1469
3  233 1452 1451
3  233 1451 1450
3  11 1563 1897
3  1928 790 5
3  928 563 927
3  591 1469 231
3  591 231 119
3  119 231 162
3  815 626 1804
3  1548 1546 140
3  1548 272 1546
3  1896 863 517
3  1192 1460 1459
3  101 1460 1193
3  1459 1460 101
3  181 762 1897
3  181 2126 762
3  771 1563 95
3  771 181 1563
3  1465 1518 1027
3  353 1518 1465
3  154 1360 1359
3  154 1359 1686
3  1549 592 1562
3  1548 140 1560
3  1548 1560 330
3  1560 140 1466
3  1560 1466 1467
3  1560 1467 330
3  778 929 928
3  1034 2038 523
3  555 2181 1623
3  72 1623 2181
3  1478 802 1475
3  346 104 1865
3  421 779 780
3  645 1479 1380
3  1649 96 1654
3  237 1649 1654
3  1075 627 1477
3  810 783 1075
3  810 1075 1477
3  783 810 809
3  137 209 419
3  1426 483 1424
3  796 504 795
3  796 795 137
3  167 420 419
3  627 1478 1477
3  1475 1477 1478
3  1473 796 53
3  1474 810 1475
3  1474 1473 810
3  1473 53 810
3  629 1635 1634
3  766 661 767
3  1481 1482 857
3  1491 344 428
3  1490 429 1491
3  1490 1491 428
3  975 268 1617
3  975 1977 268
3  1079 1833 1832
3  9 2026 449
3  1833 2163 657
3  1833 657 1836
3  598 1491 429
3  1061 586 2175
3  942 941 1495
3  337 941 942
3  945 944 1958
3  1972 944 945
3  1777 1778 1776
3  697 1974 1783
3  1265 1783 1974
3  1916 620 1915
3  1916 1915 1143
3  1497 1496 400
3  1497 400 1189
3  1499 1500 496
3  1126 1505 1506
3  128 494 493
3  546 547 1936
3  546 1936 283
3  260 493 495
3  1782 1293 17
3  554 1174 1161
3  554 1506 1507
3  554 1161 1506
3  1508 1432 105
3  417 1508 105
3  492 417 105
3  267 417 492
3  1509 1465 1464
3  1509 1464 142
3  382 1511 1514
3  142 1990 1988
3  142 1988 1991
3  1512 353 1510
3  1511 1512 1510
3  18 2009 99
3  18 219 2009
3  1073 1941 549
3  1515 1516 1513
3  1044 1516 1515
3  1516 64 1513
3  1990 142 1029
3  1464 1029 142
3  1989 1418 4
3  1991 1988 1989
3  1989 212 1418
3  1251 1992 424
3  1251 424 1245
3  903 2157 1618
3  903 1618 1997
3  902 971 2157
3  225 2157 971
3  1906 304 1905
3  1100 1905 304
3  304 1517 1100
3  1044 1517 304
3  260 495 1519
3  112 1519 333
3  112 260 1519
3  1525 1502 68
3  470 937 1523
3  1523 937 469
3  1018 696 1502
3  1018 1502 1525
3  1524 470 1523
3  529 1524 100
3  470 1524 529
3  100 1524 468
3  987 2063 715
3  987 715 562
3  840 839 824
3  634 841 1526
3  634 840 841
3  841 840 1414
3  687 1526 841
3  687 841 842
3  280 1860 124
3  282 546 2098
3  679 2098 546
3  1078 2162 656
3  1078 2163 2162
3  1339 185 2034
3  1336 1339 2034
3  2076 642 878
3  1534 551 1074
3  1231 1534 1074
3  1965 760 1971
3  1964 760 1965
3  1530 1531 1529
3  1530 1529 756
3  1530 978 22
3  1531 1530 22
3  753 22 976
3  753 1531 22
3  1535 673 672
3  1535 672 551
3  556 673 1535
3  1534 1535 551
3  1534 1231 339
3  1534 339 1536
3  1051 1049 2059
3  780 2031 782
3  1442 1440 1705
3  532 1440 1442
3  1537 556 1536
3  1539 556 1537
3  674 556 1539
3  436 1539 1537
3  2079 1934 677
3  1332 1333 526
3  1333 1332 623
3  1333 623 1341
3  623 1070 1341
3  807 509 1542
3  276 2120 541
3  276 1841 2120
3  1542 1543 198
3  1542 198 508
3  180 1842 2099
3  1007 686 1006
3  1546 1545 140
3  1546 287 1545
3  272 1549 1562
3  1561 272 1562
3  926 92 592
3  11 10 95
3  11 95 1563
3  286 1550 1547
3  1974 1266 1264
3  1974 697 1266
3  1547 1550 287
3  1547 287 1546
3  927 563 926
3  1467 1468 1559
3  762 2126 763
3  1553 1554 21
3  1552 1553 21
3  776 1555 1557
3  776 1556 1555
3  1243 1558 331
3  1243 776 1558
3  1243 1242 776
3  25 1561 1562
3  335 703 1898
3  1664 297 1703
3  760 1227 1971
3  1564 964 967
3  966 967 964
3  1588 1032 745
3  1588 1037 1032
3  964 1564 66
3  588 964 66
3  57 96 1566
3  1566 96 1338
3  1817 44 1818
3  1566 1338 185
3  1566 185 689
3  2131 2130 689
3  2131 690 2130
3  690 2131 1339
3  185 1339 2131
3  1570 461 1571
3  235 458 726
3  1578 121 1577
3  1017 1014 1572
3  1015 1572 1014
3  1897 762 761
3  235 726 443
3  1573 461 1574
3  1570 266 1575
3  1570 1575 461
3  1084 1882 1081
3  1084 1081 655
3  458 1577 121
3  1081 1080 655
3  1581 1582 1580
3  459 1579 1577
3  459 1577 1576
3  1581 459 1575
3  1576 1575 459
3  544 1579 1585
3  459 1580 1579
3  459 1581 1580
3  1115 1160 1117
3  1581 1575 266
3  266 1570 1067
3  266 1067 1066
3  1576 1577 458
3  1587 343 390
3  1587 390 518
3  1585 1586 544
3  1585 1584 545
3  1585 545 1586
3  913 920 292
3  1945 920 913
3  1016 1590 1283
3  462 1592 1349
3  1592 1016 1349
3  462 1571 1592
3  1592 1571 1015
3  2104 852 854
3  1456 1457 1801
3  1594 64 1041
3  1594 1028 64
3  29 853 2104
3  2067 853 29
3  1597 1260 1262
3  1259 1597 1262
3  477 1362 1363
3  477 1363 1598
3  1608 1607 643
3  3 1026 1607
3  621 1165 919
3  240 1604 1599
3  916 1599 1604
3  916 1604 1605
3  1287 590 2078
3  1598 1599 477
3  1598 240 1599
3  621 1026 1165
3  1601 199 1365
3  1365 300 1366
3  299 1601 1365
3  299 1365 1366
3  1600 1602 240
3  1601 1602 1600
3  1604 240 1603
3  1604 1603 643
3  1033 1034 1611
3  1033 1611 522
3  413 881 1613
3  1605 1604 643
3  1811 1627 133
3  1811 1476 1627
3  1146 681 1153
3  1146 1153 1813
3  299 1610 1601
3  1610 239 1602
3  1610 1602 1601
3  885 413 1614
3  885 1614 152
3  1614 413 1613
3  882 881 413
3  1613 412 170
3  1614 1613 170
3  408 170 412
3  464 1614 170
3  974 1617 466
3  2082 974 466
3  2124 619 2173
3  2081 2082 466
3  974 975 1617
3  974 321 975
3  478 119 251
3  2006 119 478
3  267 492 2081
3  710 284 711
3  1620 593 1578
3  544 1620 1578
3  544 1586 1620
3  1620 1586 455
3  1621 1622 601
3  1150 1621 601
3  293 1621 1150
3  2092 387 130
3  2057 2153 200
3  922 2057 200
3  267 2081 465
3  267 465 464
3  601 1623 918
3  601 1622 1623
3  72 918 1623
3  1622 555 1623
3  640 2073 2155
3  639 2155 2073
3  1627 1476 1626
3  1627 1626 1628
3  2115 1605 621
3  916 1605 2115
3  1625 628 1626
3  627 1625 1626
3  2123 763 1522
3  1805 508 130
3  1630 1631 1629
3  1630 1629 628
3  1812 1811 133
3  1812 802 1811
3  1641 1640 156
3  1641 635 1640
3  1631 1632 384
3  1631 384 1629
3  1633 384 1632
3  630 1633 1632
3  508 2093 130
3  130 453 1805
3  714 1631 1630
3  169 2115 915
3  916 2115 169
3  1216 1637 714
3  1636 624 1635
3  457 453 388
3  1805 453 457
3  1445 2122 480
3  108 2122 1445
3  767 283 2179
3  1936 667 2179
3  283 1936 2179
3  1640 635 1638
3  630 1640 1638
3  1632 1631 1637
3  633 1632 1637
3  1662 1663 768
3  1633 1638 1634
3  384 1633 1634
3  630 1638 1633
3  1727 1726 585
3  238 1636 1639
3  261 2160 494
3  1672 1671 1053
3  1679 1671 1672
3  1357 1741 650
3  1045 1649 1648
3  237 1648 1649
3  1642 238 1639
3  1642 1639 635
3  1657 1641 1656
3  1715 1716 907
3  1715 907 1718
3  1667 587 1666
3  1660 1666 587
3  2017 1248 832
3  1249 832 1248
3  1644 638 1643
3  636 1644 1643
3  1653 1652 237
3  638 1645 1643
3  1578 2178 121
3  593 2178 1578
3  493 2160 495
3  1650 133 1651
3  133 1627 1651
3  1646 96 1045
3  1651 1627 625
3  1045 1648 1647
3  624 1647 1648
3  1655 1653 1654
3  1655 1654 57
3  800 1653 1655
3  38 800 1655
3  624 1648 1650
3  1650 1648 237
3  940 2017 832
3  1416 940 832
3  1219 1717 1721
3  644 1381 1384
3  2008 1457 1027
3  175 746 747
3  175 2036 746
3  1317 676 1704
3  1315 1317 1704
3  2166 919 682
3  637 1660 1658
3  1657 637 1658
3  1661 1644 636
3  1661 1662 1644
3  768 1644 1662
3  1665 1219 1062
3  636 1641 1657
3  156 1665 1656
3  336 80 1930
3  445 80 336
3  1056 1680 1055
3  1662 1664 1663
3  769 1663 1664
3  1740 1742 879
3  1472 1775 974
3  587 1670 1671
3  1059 1671 1670
3  1666 1660 637
3  1657 1656 637
3  1669 1667 1062
3  1698 1699 1328
3  1698 1327 1699
3  2110 385 1191
3  1669 1061 1668
3  1667 1669 1668
3  1667 1668 587
3  586 968 1047
3  1330 34 1699
3  1330 1699 1327
3  1059 1052 1677
3  365 1677 1052
3  1672 1053 1673
3  1674 1673 1053
3  1663 1816 768
3  1680 793 1675
3  1674 1680 1675
3  1674 365 1680
3  156 1640 1678
3  630 1678 1640
3  156 1678 1218
3  1215 1218 1678
3  630 1215 1678
3  1679 1659 1660
3  834 1681 835
3  834 835 425
3  1417 1412 835
3  1417 835 1681
3  1417 1681 837
3  1902 1249 831
3  2028 693 1002
3  1357 650 1356
3  650 1355 1356
3  1356 1355 1354
3  285 1355 1683
3  1354 1355 285
3  1354 285 1419
3  1420 1419 285
3  1683 1425 285
3  1090 2097 1911
3  1354 1419 1353
3  866 2076 878
3  866 2170 2076
3  1688 1687 955
3  1688 955 1689
3  1688 1689 954
3  1323 1322 1302
3  1323 1302 1696
3  1793 757 1823
3  1793 1823 1957
3  1697 956 1698
3  1694 1693 955
3  1696 1302 956
3  2079 677 2139
3  2079 2139 678
3  66 1564 970
3  1775 321 974
3  14 314 320
3  1982 1981 957
3  1687 957 1694
3  1687 1694 955
3  1057 1360 1695
3  491 1486 1323
3  491 1323 1696
3  491 1696 1693
3  1982 1098 535
3  1982 535 1981
3  1690 956 1697
3  1690 1697 363
3  1699 1700 1328
3  1822 1337 654
3  44 1821 1818
3  1700 1701 1328
3  1329 363 1701
3  1328 1701 363
3  1396 2165 2164
3  985 66 1189
3  66 985 588
3  499 1500 1499
3  401 1712 992
3  1195 1198 402
3  402 1198 1200
3  1702 1200 1198
3  866 172 1244
3  1713 1781 992
3  28 1781 1713
3  66 970 1709
3  728 1198 1196
3  904 905 401
3  905 1709 401
3  1710 1711 401
3  1709 1710 401
3  1710 1199 1711
3  1804 1216 714
3  915 2115 621
3  915 621 919
3  728 1702 1198
3  728 1712 1711
3  401 1711 1712
3  992 1712 1713
3  1713 1197 1224
3  1713 1224 28
3  1499 1498 1781
3  1781 1498 1780
3  904 1780 1498
3  728 1714 1712
3  1196 1714 728
3  1722 89 530
3  449 89 1722
3  1402 1403 1918
3  1062 1721 1669
3  1721 403 1669
3  1719 1210 1718
3  907 1719 1718
3  1767 1845 2027
3  23 2027 1845
3  631 1720 1218
3  631 1218 1215
3  826 1406 1407
3  1219 1720 907
3  1219 907 1717
3  176 1722 530
3  1402 176 530
3  1964 953 2121
3  1964 2121 760
3  1909 488 1089
3  1850 1848 1849
3  656 1850 1849
3  1750 653 1739
3  1733 1750 1739
3  105 1432 1761
3  105 1761 1470
3  1389 1730 1729
3  315 1471 1766
3  1741 653 1753
3  585 1047 967
3  2058 1066 1067
3  2058 1067 463
3  1137 1066 2058
3  1252 2084 1251
3  1432 1760 1761
3  223 1725 1729
3  1726 1729 1725
3  1736 514 1735
3  1757 393 1756
3  1758 393 1757
3  315 1766 1764
3  1250 833 1249
3  1250 1249 1902
3  1399 769 1737
3  16 1751 1750
3  1735 1751 16
3  792 1399 1737
3  1675 1676 792
3  1675 792 1674
3  1737 1673 792
3  1674 792 1673
3  1672 1673 1737
3  1738 1664 1659
3  1672 1738 1659
3  1672 1659 1679
3  1672 1737 1738
3  769 1664 1738
3  769 1738 1737
3  1741 1740 653
3  581 1740 1741
3  581 1742 1740
3  951 758 1361
3  1054 582 1745
3  1437 1096 909
3  1096 1095 2096
3  125 1095 1096
3  951 1361 2021
3  2062 2020 229
3  951 2062 948
3  951 948 758
3  1734 1735 16
3  2021 872 2020
3  1733 1747 580
3  2014 1383 646
3  2014 870 1383
3  1748 1747 1746
3  1750 1751 1752
3  16 1733 1731
3  1750 1733 16
3  649 1683 1755
3  649 1755 1756
3  1734 16 1731
3  579 1734 1731
3  1745 582 1748
3  1746 1745 1748
3  1749 1732 580
3  1747 1749 580
3  1750 1752 653
3  1751 1757 652
3  1756 652 1757
3  1754 1755 1355
3  1754 1355 650
3  1755 1683 1355
3  1753 1754 650
3  1751 652 1752
3  1755 652 1756
3  1758 1735 514
3  1758 514 1759
3  1751 1758 1757
3  1735 1758 1751
3  393 1428 1756
3  393 1759 1429
3  393 1429 1428
3  578 1764 213
3  513 1470 1761
3  513 1471 1470
3  1761 1760 1762
3  244 1918 1403
3  1878 244 1403
3  1763 1765 213
3  1763 1762 1765
3  1763 513 1762
3  578 347 1764
3  315 1764 347
3  1764 1763 213
3  1764 1766 1763
3  346 310 348
3  2178 457 121
3  454 457 2178
3  314 1865 104
3  314 104 313
3  314 1863 1864
3  314 1864 1865
3  2163 1078 1533
3  1829 1830 1828
3  707 1830 1829
3  1898 703 1899
3  1826 1825 1848
3  704 1855 1490
3  704 1490 1853
3  554 1171 1772
3  554 1507 1171
3  1773 1507 1127
3  1506 1127 1507
3  1307 1507 1773
3  1307 1171 1507
3  1307 1773 590
3  2138 1704 676
3  1933 1316 1934
3  1933 537 1316
3  512 852 2107
3  853 2107 852
3  1315 1704 1316
3  1978 1979 484
3  1978 485 1979
3  321 1778 975
3  2177 1655 57
3  38 1655 2177
3  401 1780 904
3  401 992 1780
3  521 1976 1977
3  1778 521 1977
3  2177 57 1566
3  689 2177 1566
3  1223 1222 1788
3  1223 1788 500
3  2095 1480 1785
3  2095 1785 1378
3  525 1822 1401
3  525 1401 2015
3  108 479 2122
3  1794 511 497
3  1794 497 1795
3  498 1790 1792
3  1841 180 2120
3  1841 1842 180
3  747 746 262
3  747 262 2101
3  976 977 2158
3  1181 2143 1234
3  569 2143 1181
3  764 181 1798
3  1800 1028 1594
3  1800 1594 740
3  771 77 772
3  771 772 1799
3  771 1799 181
3  2127 1095 533
3  1456 741 1452
3  1456 1801 741
3  1801 1028 1800
3  626 820 821
3  626 821 1804
3  540 1986 1297
3  2106 1297 1986
3  1393 820 626
3  1259 1258 249
3  1259 249 1803
3  1802 1803 249
3  1803 1802 1070
3  623 1259 1803
3  623 1803 1070
3  821 1216 1804
3  634 1214 1216
3  1214 634 1526
3  1214 1526 1217
3  1248 830 1247
3  2097 540 1297
3  1146 1813 682
3  534 1091 1093
3  534 1093 1814
3  1094 1095 1441
3  1095 125 1441
3  906 1859 1710
3  1709 906 1710
3  1859 1199 1710
3  1715 1859 906
3  1716 1715 906
3  139 1930 343
3  139 343 342
3  638 1646 1645
3  1820 1646 638
3  654 1646 1820
3  493 494 2160
3  1821 1820 1818
3  1821 654 1820
3  1587 518 150
3  1587 150 1824
3  318 343 1587
3  318 1587 1824
3  1856 1250 642
3  878 642 1250
3  1855 1835 429
3  1827 1834 1826
3  1840 276 327
3  23 1840 327
3  1842 1844 375
3  1827 705 1832
3  707 1829 1831
3  1831 1854 707
3  2123 620 2124
3  328 1839 1843
3  1768 1839 1845
3  1838 1839 1768
3  957 1487 1694
3  1981 1487 957
3  1842 328 1844
3  1981 1489 1487
3  1486 1487 1489
3  1444 1184 232
3  1951 806 804
3  966 2055 585
3  966 585 967
3  1837 1831 1829
3  15 1831 1837
3  1837 1829 706
3  1836 1837 706
3  752 1837 1836
3  15 1837 752
3  2121 757 1791
3  355 1851 1835
3  1966 2118 851
3  15 751 1843
3  15 752 751
3  338 1973 1972
3  1832 705 1079
3  1853 1490 354
3  192 1846 1767
3  192 1767 1769
3  1846 1845 1767
3  2175 586 1913
3  2175 1913 1060
3  1980 1705 395
3  1068 1973 1076
3  656 1068 1076
3  1850 705 1848
3  1850 1079 705
3  1830 355 1828
3  1851 355 1830
3  491 1694 1487
3  1091 1088 1089
3  1089 1088 963
3  341 1314 1312
3  707 1852 1830
3  38 2177 2183
3  1826 1834 704
3  1825 704 1853
3  1826 704 1825
3  703 1825 1853
3  1768 1854 1831
3  1768 1831 1838
3  1768 1845 1846
3  1768 1846 1854
3  704 1834 1855
3  864 1857 642
3  864 642 865
3  867 1724 849
3  1984 1983 963
3  1063 1984 963
3  1088 1063 963
3  485 1318 1682
3  961 487 1858
3  1858 487 1314
3  962 486 961
3  1858 962 961
3  1443 486 1063
3  1063 486 962
3  1995 2134 870
3  1862 1786 420
3  1863 315 1864
3  414 887 2050
3  891 2050 887
3  1022 1310 1305
3  1012 1011 1870
3  1007 1018 1525
3  1999 1008 1022
3  1868 1022 1008
3  947 1085 2053
3  1489 535 2096
3  1489 1981 535
3  2030 1327 1302
3  2030 1302 2150
3  909 1419 1420
3  987 561 2063
3  1723 524 1873
3  1378 1723 1873
3  524 1084 1873
3  2054 1609 351
3  2054 3 1609
3  1140 1874 1113
3  1140 1113 1139
3  1874 1140 684
3  1141 684 1140
3  1141 1144 683
3  1109 1521 609
3  1124 1953 606
3  1119 1953 1124
3  1732 2059 223
3  1066 1065 1881
3  1582 1881 1065
3  1582 1581 1881
3  872 1382 1479
3  523 1080 1081
3  1612 523 1082
3  1372 1612 1082
3  1372 1082 40
3  1082 1376 40
3  1376 1374 40
3  1082 1882 524
3  1082 524 1723
3  1082 1723 1376
3  166 387 2092
3  1086 2038 1034
3  1884 1885 264
3  1884 1883 1386
3  1884 7 1885
3  1884 1386 7
3  1884 1886 1883
3  264 1886 1884
3  1886 1888 515
3  1883 1886 515
3  577 1890 1892
3  859 1894 854
3  859 854 536
3  986 1890 577
3  516 1890 986
3  181 1897 1563
3  394 1184 1444
3  56 11 774
3  968 967 1047
3  968 2169 967
3  1749 2013 1050
3  1749 1748 2013
3  2070 2069 641
3  345 126 1900
3  345 1900 187
3  1250 1902 878
3  958 2171 692
3  958 691 2171
3  248 2028 2171
3  1902 1253 878
3  172 878 1253
3  931 1238 1254
3  1254 1253 1246
3  831 1246 1253
3  831 1253 1902
3  304 1906 1043
3  1907 1043 1906
3  1903 374 1905
3  739 262 738
3  2101 262 739
3  374 1907 1906
3  1292 488 1909
3  1908 978 1907
3  1908 1907 374
3  977 978 1908
3  977 1908 374
3  1286 1288 589
3  1912 589 1288
3  1520 1519 495
3  1326 1325 1912
3  1326 553 1325
3  340 1326 1912
3  340 1173 1326
3  1935 511 334
3  1935 334 510
3  1808 619 1916
3  1808 1916 230
3  616 622 208
3  774 208 622
3  2142 208 774
3  2125 2018 874
3  2125 874 1191
3  1926 1928 371
3  1921 371 1928
3  9 449 1917
3  1379 1380 1919
3  1385 391 1920
3  644 1385 1920
3  644 1920 1919
3  1380 644 1919
3  1922 111 1924
3  1921 1922 1924
3  1921 1924 371
3  1817 1818 1929
3  1817 1929 768
3  391 1922 1921
3  1923 1922 391
3  1380 1382 1381
3  1380 1381 644
3  432 1927 1036
3  432 1036 1370
3  139 342 317
3  619 1809 2173
3  1200 1702 858
3  445 1593 334
3  445 336 1593
3  899 225 897
3  340 1912 1288
3  340 1288 1933
3  1311 537 1933
3  1311 1933 1288
3  510 102 1935
3  510 333 102
3  1113 1122 1139
3  1113 1874 1937
3  1116 1112 1937
3  1116 1937 1874
3  1941 1073 221
3  1284 79 1285
3  2078 1284 1285
3  1286 1285 79
3  548 1941 1939
3  1942 549 1941
3  548 1942 1941
3  2088 542 2087
3  1624 542 2088
3  1039 1946 88
3  1039 88 744
3  1948 1947 596
3  1948 597 1947
3  2112 37 2113
3  384 1634 2114
3  806 1951 1947
3  806 1947 597
3  1951 595 1947
3  1952 684 1142
3  1141 1142 684
3  1952 610 1109
3  1521 1109 1522
3  30 1495 1957
3  30 1957 1823
3  1956 1345 740
3  1800 740 1345
3  1387 2102 1386
3  1793 1957 511
3  1958 943 945
3  1963 101 1193
3  875 1963 1193
3  1963 1962 1071
3  1963 875 1962
3  565 2119 567
3  2168 1962 1072
3  2168 1071 1962
3  847 2144 848
3  2039 1058 1360
3  2039 1357 1058
3  2039 581 1357
3  647 1967 1931
3  647 1964 1966
3  647 1966 1967
3  1966 1964 1965
3  1980 395 1979
3  1980 1979 485
3  594 46 1975
3  594 595 46
3  1966 851 1967
3  265 851 1724
3  871 1931 1967
3  2037 2027 9
3  1767 2027 2037
3  253 1448 1461
3  253 1461 2073
3  2069 2073 640
3  2102 391 1385
3  849 850 502
3  2034 185 1337
3  1336 2034 1337
3  849 1724 850
3  447 274 275
3  447 275 2120
3  1653 2128 801
3  1395 801 2128
3  254 1395 2128
3  1832 1828 1827
3  2118 1965 718
3  1966 1965 2118
3  1724 851 2118
3  1724 2118 850
3  491 1487 1486
3  1985 1089 963
3  1983 1985 963
3  1313 1983 341
3  1312 1313 341
3  1985 1986 540
3  1985 1987 1986
3  265 1724 867
3  2107 853 868
3  1988 1990 219
3  1988 219 212
3  559 567 2044
3  1988 212 1989
3  1464 1463 1029
3  814 1625 627
3  814 815 1625
3  1625 815 628
3  1618 899 700
3  1618 700 1997
3  711 2085 300
3  711 284 2085
3  2168 233 1450
3  1996 646 871
3  1995 1996 265
3  1996 851 265
3  871 1967 851
3  871 851 1996
3  1193 2000 875
3  1590 1999 1022
3  1590 1022 1305
3  1998 1999 76
3  1590 76 1999
3  108 478 479
3  2006 478 108
3  1876 988 1875
3  2005 2003 988
3  1949 2004 597
3  1949 989 2004
3  1875 2004 989
3  1875 988 2004
3  2004 988 2003
3  2004 2003 597
3  2183 689 2130
3  2183 2130 691
3  1877 2005 988
3  1877 988 1876
3  1877 1190 2005
3  1369 2005 1190
3  1220 819 2007
3  819 839 2007
3  840 2007 839
3  2007 840 634
3  2007 634 1220
3  2016 525 2015
3  1335 2016 2015
3  2011 536 846
3  847 846 536
3  2010 2011 846
3  847 6 846
3  2035 1219 1665
3  156 2035 1665
3  763 2126 764
3  2012 2011 860
3  2012 860 861
3  859 2012 861
3  536 2012 859
3  536 2011 2012
3  86 2022 561
3  921 2023 924
3  568 1182 924
3  2023 568 924
3  924 1182 8
3  159 2045 980
3  2045 252 164
3  980 2045 164
3  893 661 1023
3  2024 661 893
3  893 1023 1024
3  666 1024 1023
3  428 2025 701
3  428 701 354
3  390 428 344
3  390 2025 428
3  390 344 518
3  548 2087 1942
3  2028 1568 693
3  2028 248 1568
3  1218 2035 156
3  644 1384 1385
3  1385 1384 7
3  743 1469 1183
3  1469 232 1183
3  1890 516 1889
3  2036 358 188
3  2036 188 746
3  737 746 188
3  359 358 2036
3  471 1523 469
3  471 469 2041
3  568 2044 569
3  568 569 1182
3  2043 1993 573
3  469 1391 1240
3  469 1240 2041
3  716 2044 568
3  716 568 2023
3  2091 1883 515
3  157 1883 2091
3  157 1386 1883
3  157 1387 1386
3  106 1878 1403
3  106 1403 2046
3  2046 299 106
3  118 299 2046
3  572 2047 467
3  572 467 206
3  572 779 2047
3  2047 779 132
3  467 2048 205
3  467 205 437
3  529 2049 560
3  2049 557 473
3  2049 473 560
3  507 2049 529
3  507 557 2049
3  508 506 2093
3  1432 1429 1760
3  1760 1429 1759
3  1727 2055 311
3  1728 1727 311
3  492 1470 319
3  492 319 2082
3  492 2082 2081
3  514 1760 1759
3  1051 2059 1050
3  2013 1051 1050
3  2060 516 986
3  1891 516 2060
3  980 1891 2060
3  1054 1745 2061
3  1743 1087 1744
3  794 1744 1087
3  794 2061 1744
3  794 1055 2061
3  229 1871 2062
3  1871 2052 946
3  1871 946 948
3  1871 948 2062
3  360 1925 2064
3  2066 2065 175
3  360 2065 2066
3  1035 2066 175
3  1036 2066 1035
3  360 2066 1036
3  2019 855 48
3  2019 2067 29
3  2019 29 855
3  577 1896 986
3  1192 1448 253
3  2142 761 618
3  1972 2167 944
3  1068 2167 1972
3  1973 1068 1972
3  641 2072 865
3  641 865 2071
3  2077 916 169
3  865 2072 864
3  1461 639 2073
3  1461 479 639
3  1247 1245 1246
3  1240 2074 1994
3  976 751 2075
3  752 2075 751
3  169 913 912
3  169 912 2077
3  913 292 912
3  2077 912 1362
3  913 914 1945
3  169 914 913
3  1054 2109 582
3  2109 1054 1052
3  365 1052 1054
3  1071 2168 1450
3  2167 335 1898
3  2080 1944 295
3  1945 295 1944
3  1150 1944 2080
3  1150 1149 293
3  2080 1149 1150
3  1148 2080 1153
3  1149 2080 1148
3  295 1813 1153
3  2080 295 1153
3  1068 1849 2167
3  1068 656 1849
3  1916 1143 230
3  941 2086 445
3  941 445 334
3  702 701 2086
3  354 701 702
3  777 2125 873
3  777 873 1244
3  873 1191 385
3  2125 1191 873
3  941 334 1495
3  555 2088 2087
3  599 1624 2088
3  1154 1624 599
3  293 1154 599
3  293 599 1621
3  367 2091 1891
3  515 1889 1891
3  2091 515 1891
3  2094 1361 758
3  953 2094 758
3  229 1480 2095
3  2071 865 2170
3  385 2071 2170
3  282 2098 141
3  679 141 2098
3  375 1904 2099
3  1842 375 2099
3  2101 739 744
3  740 739 1956
3  1386 2102 1385
3  1386 1385 7
3  2103 739 740
3  2103 271 739
3  1594 2103 740
3  2103 1041 271
3  1594 1041 2103
3  1523 471 2145
3  835 2105 425
3  1308 1279 1880
3  1879 1880 1279
3  2106 1880 1879
3  1298 1880 2106
3  539 2106 1879
3  1052 1051 2109
3  1052 959 1051
3  959 1049 1051
3  1115 2111 460
3  1115 939 2111
3  991 2112 429
3  2112 598 429
3  2114 625 1628
3  991 1851 1852
3  1635 625 2114
3  1635 2114 1634
3  706 1828 1832
3  718 1971 1194
3  1195 2117 1194
3  876 1194 2117
3  718 1194 876
3  502 877 1221
3  908 877 402
3  2116 402 877
3  2116 2117 1195
3  2116 1195 402
3  511 1495 334
3  2086 941 702
3  1899 703 702
3  1495 511 1957
3  876 2116 877
3  2117 2116 876
3  502 876 877
3  2128 1653 800
3  254 2128 800
3  248 2129 2132
3  690 2132 2129
3  192 1875 2182
3  1769 1875 192
3  2181 548 1940
3  2181 1940 72
3  2133 1858 1314
3  341 2133 1314
3  1317 2140 676
3  1317 203 2140
3  1318 203 1317
3  615 1025 617
3  56 774 622
3  774 761 2142
3  2141 208 2142
3  2141 617 208
3  2144 512 849
3  847 512 2144
3  847 852 512
3  852 2104 853
3  206 2145 2042
3  471 2042 2145
3  2146 750 1234
3  1301 2150 364
3  1301 2030 2150
3  1322 2150 1302
3  1322 364 2150
3  733 484 2151
3  1708 2151 484
3  200 1806 922
3  200 2154 25
3  200 25 1806
3  640 2155 2136
3  159 2136 2155
3  2156 1989 4
3  352 1989 2156
3  2157 903 902
3  375 976 2158
3  375 2158 1904
3  1397 1400 44
3  1397 2159 1400
3  1400 2159 1565
3  1335 1400 1565
3  2159 34 1565
3  34 2159 1396
3  1700 34 1396
3  1818 1820 638
3  1335 2015 1400
3  2162 1850 656
3  2162 1079 1850
3  2168 1072 233
3  915 919 2166
3  169 915 914
3  2166 914 915
3  1396 1701 1700
3  1396 2164 1701
3  2164 1329 1701
3  2165 2159 1397
3  1397 44 1819
3  1819 1816 1398
3  1663 1398 1816
3  36 2165 1397
3  36 1397 1398
3  1397 1819 1398
3  2159 2165 1396
3  2169 965 967
3  1970 2169 968
3  969 2169 1970
3  969 1970 403
3  969 403 1716
3  965 2169 969
3  969 1716 906
3  321 1776 1778
3  321 357 1776
3  1776 357 1824
3  318 1824 357
3  1776 1824 150
3  966 2172 2055
3  2172 311 2055
3  1527 583 584
3  584 583 311
3  584 311 2172
3  966 964 584
3  2172 966 584
3  584 964 588
3  138 584 588
3  584 138 1527
3  1774 357 321
3  1774 321 1775
3  14 1774 1775
3  2132 1569 248
3  2180 695 1569
3  1069 2180 1569
3  1069 1569 2132
3  1596 1069 2132
3  690 1596 2132
3  1341 2180 1069
3  1596 1341 1069
3  129 1341 1596
3  2182 1875 989
3  192 2182 1847
3  192 1847 1846

