OFF
4441 8780 0

179.971 111.348 38.3088
103.538 94.6242 45.2553
144.205 79.1606 127.201
123.594 142.07 148.04
117.003 65.2471 124.095
134.699 44.8988 64.2557
112.22 88.537 46.6509
124.326 52.7512 52.8322
70.7107 126.807 121.91
165.759 99.1424 122.825
89.9672 111.794 134.438
91.975 116.054 135.085
179.715 111.18 40.8029
98.9494 91.528 131.411
186.368 131.015 51.9146
166.681 72.5734 104.128
172.267 158.114 29.5196
100.434 201.929 50.5611
91.9937 84.3569 124.49
123.528 195.369 107.445
91.8395 92.3883 127.803
66.4268 85.7566 96.2609
151.194 54.8915 102.907
163.261 86.0504 117.231
80.4796 190.846 87.1865
77.0297 90.631 116.031
128.294 71.7989 129.924
159.273 168.818 120.81
145.78 96.4605 28.5986
109.022 66.3887 50.4276
159.869 79.227 54.4236
118.329 73.4954 129.372
161.523 164.773 123.325
129.322 68.0473 124.834
113.551 173.272 13.1493
79.9477 138.848 128.997
120.881 160.777 7.73011
183.669 104.209 94.1123
72.1827 155.957 19.676
84.3711 171.082 120.932
143.77 43.508 76.413
72.8433 91.0224 111.107
106.5 40.493 74.045
147.562 121.678 140.518
106.097 157.962 7.40407
66.2965 157.984 32.7902
185.268 127.267 86.9783
86.5741 80.8901 39.9456
105.124 59.8191 55.3196
134.983 70.2243 126.461
127.726 93.7494 137.311
89.9775 87.9987 123.803
106.817 113.909 144.32
67.1589 130.963 40.8819
62.8545 135.118 111.948
147.408 115.998 137.646
93.7254 111.925 136.23
77.5228 152.635 12.8186
137.423 48.2099 105.216
159.781 51.0412 87.095
53.6945 144.318 56.8975
116.791 95.4527 138.057
133.106 56.9596 117.738
178.391 167.806 75.6368
106.537 51.9727 109.699
145.493 133.168 142.083
148.205 120.806 38.1005
126.587 93.1002 137.326
79.2355 191.372 53.6354
95.7892 99.6305 133.924
142.496 102.587 137.694
128.614 91.5915 138.535
147.852 175.988 124.829
93.1769 199.505 92.192
130.236 83.1739 134.474
129.599 63.218 122.651
72.7456 185.582 72.3018
76.3763 108.446 122.426
141.833 121.334 142.67
110.721 200.934 84.7763
178.974 99.0075 59.6117
178.227 169.73 73.508
160.342 186.118 100.706
114.426 94.1063 136.842
140.716 95.648 135.357
132.539 96.3086 138.734
57.3984 108.483 90.4829
53.3295 145.545 58.2039
124.009 44.426 95.4702
149.714 103.687 135.65
111.134 79.1073 131.371
106.935 39.2839 75.6692
68.2794 96.4679 106.443
100.061 92.167 133.451
102.384 97.7238 135.015
85.6042 110.976 130.73
84.9641 151.43 9.38543
135.637 86.2755 134.157
81.013 93.0303 120.208
87.0961 82.8276 119.804
133.702 208.81 69.1883
174.639 66.128 74.4458
184.577 136.806 49.8212
79.9701 112.195 126.301
132.427 192.949 111.476
177.907 102.589 104.995
170.726 88.9655 111.756
108.639 158.374 143.38
93.4708 77.2999 118.441
77.799 82.5241 112.063
136.58 92.4775 134.68
59.3701 109.46 77.4478
113.026 113.513 147.094
61.4693 154.285 104.726
119.505 96.4797 138.833
182.21 133.81 81.9079
154.325 63.6637 109.448
131.663 58.8695 51.8068
174.291 75.9503 91.7129
131.867 75.8262 48.0065
96.2382 68.2001 55.8736
107.431 124.073 146.904
78.692 77.99 106.066
59.5059 97.6274 90.6203
118.782 88.2194 46.1084
77.0397 173.381 23.0882
99.2027 201.22 92.7265
129.948 91.2164 137.89
146.001 182.304 25.5065
88.2978 55.2871 95.4501
58.2049 128.171 41.1598
69.7546 151.954 117.942
112.847 90.7374 137.13
100.685 83.0389 129.854
159.78 139.089 132.002
116.857 79.3968 46.2527
127.965 46.66 96.4216
86.5721 198.726 75.2924
154.239 154.752 132.175
140.72 99.5634 136.267
71.7701 96.929 112.219
101.376 45.6282 66.0033
144.306 79.8137 128.357
104.549 81.5314 128.188
153.668 160.066 132.686
62.8436 114.483 39.6369
177.844 98.7267 105.134
93.9996 81.5919 125.2
181.838 144.773 105.493
74.3631 68.3603 91.4752
87.5284 167.416 9.40434
130.994 52.4028 111.447
131.065 45.7426 100.432
100.856 129.641 140.656
105.778 103.273 138.513
110.182 186.111 124.154
182.172 92.1082 82.3586
175.345 140.541 116.163
152.769 44.5487 85.7191
149.891 107.547 27.5417
170.704 146.866 33.1857
151.358 131.214 137.909
60.1999 149.811 107.069
163.28 152.322 126.774
125.459 86.8457 136.345
116.38 52.0339 110.41
99.0966 134.948 144.337
133.848 83.8648 133.073
115.316 174.761 131.274
133.117 101.501 141.572
84.2452 63.829 59.3691
182.674 113.157 101.296
149.141 79.7195 122.889
155.429 76.4422 116.961
111.655 142.544 11.7195
132.995 187.281 24.5749
86.5939 75.5019 115.903
140.18 117.295 143.52
137.905 97.2039 135.435
176.029 111.787 113.39
138.803 41.3498 77.2289
131.847 139.475 146.259
118.51 135.75 148.643
72.5316 113.049 118.556
171.577 125.356 121.962
181.864 97.0031 95.9332
146.159 181.412 120.523
132.094 131.283 148.584
175.798 92.6902 60.2296
100.279 103.054 136.384
130.732 143.465 144.857
174.289 151.916 116.634
185.735 123.744 72.1294
52.4435 125.525 55.1154
131.661 101.407 49.7182
103.882 49.0939 105.05
179.414 91.1662 82.2611
132.375 104.487 141.774
73.0132 72.4425 94.4395
96.972 110.716 137.405
104.882 109.762 142.016
73.6455 122.364 123.501
117.575 113.222 145.871
181.583 85.7673 83.7592
157.958 47.5141 72.9314
185.148 122.448 83.2854
77.0919 111.62 123.576
110.895 187.837 28.0917
63.6546 86.6311 77.1817
146.256 130.33 140.791
78.1002 95.0955 31.8743
97.7924 44.5188 89.9736
118.225 106.978 51.4807
70.2349 134.311 124.662
140.877 84.8173 131.038
153.971 78.1939 119.205
183.9 98.4161 89.1416
139.892 203.772 82.3906
65.3242 80.2933 77.7245
144.955 57.0337 59.3839
83.0875 100.334 125.762
170.06 174.923 97.1927
108.849 83.544 131.63
102.823 40.3569 75.7583
100.159 78.6166 126.744
132.426 164.864 140.662
75.1143 180.654 96.3421
128.035 42.8464 72.2008
91.8387 199.679 86.0324
90.1707 175.947 125.188
97.7872 104.179 136.699
82.1704 146.868 130.521
185.412 155.367 72.9276
89.2882 187.288 108.824
132.981 47.3353 104.3
57.2605 135.165 92.9718
126.336 78.5934 133.793
177.995 99.019 105.786
110.542 196.595 105.093
176.374 97.7634 109.683
138.095 55.2536 58.4833
162.858 94.0831 123.212
176.734 71.9489 80.5714
183.27 98.2046 93.2628
125.062 95.5725 138.511
135.888 86.4532 134.118
111.123 78.2385 129.874
71.3093 100.738 116.312
140.833 107.347 141.409
57.1412 142.158 97.3934
127.326 96.9295 140.701
66.3092 122.402 115.035
129.144 114.131 147.341
94.7415 107.515 135.583
96.0815 83.9735 128.047
165.663 150.203 127.088
134.176 99.8571 138.517
89.2195 61.8851 106.447
147.941 66.1718 116.397
148.963 153.582 136.864
95.9007 66.3534 114.744
137.588 90.4919 135.766
155.757 85.8621 122.112
137.838 55.4334 58.2702
80.0597 127.108 130.499
114.16 100.258 140.48
90.1445 191.424 102.513
117.893 155.574 142.19
104.041 45.7394 99.8373
143.59 81.6761 48.7112
162.181 51.672 84.1598
126.104 57.4057 49.5992
94.2665 86.8935 128.018
53.7297 145.076 78.2248
142.698 104.402 137.359
95.243 193.808 108.251
65.319 110.818 37.314
115.09 136.01 147.792
85.956 76.592 113.506
129.643 92.552 138.637
104.654 96.983 137.038
134.928 86.2672 134.69
102.244 39.7174 77.0118
122.199 87.6028 137.212
123.252 191.443 112.722
61.6768 93.5132 92.0821
170.756 174.081 95.8594
154.583 132.444 136.207
124.964 74.3084 131.263
159.332 62.3868 99.4723
102.175 188.226 30.0056
105.806 132.034 27.2393
162.159 79.215 112.46
91.3548 106.256 134.622
118.126 75.67 128.849
108.123 53.2808 114.656
164.482 137.887 130.322
85.6444 100.563 127.114
159.607 180.295 107.32
125.889 49.9237 108.75
121.381 53.675 112.34
134.922 69.3333 48.9236
97.4906 48.0318 100.597
119.779 105.831 141.418
175.526 165.5 97.8106
112.502 86.9101 134.26
176.574 107.653 35.5746
162.885 100.98 126.903
115.852 85.7845 134.751
129.274 90.5512 137.781
100.506 166.284 135.002
117.682 90.8336 136.237
113.872 93.3995 136.322
85.7634 47.9878 68.8549
120.139 79.3817 131.579
123.812 86.5689 46.3991
169.554 80.8338 107.738
76.4688 145.337 127.062
112.001 76.8833 127.855
65.1383 90.5992 63.7032
98.654 85.3915 129.577
106.877 43.2587 63.4358
132.114 102.654 141.997
163.95 88.0006 118.07
89.6512 104.569 131.653
164.477 157.445 123.336
84.2469 89.7745 121.355
53.0235 151.122 67.3051
110.39 188.604 118.727
83.324 93.5182 122.094
84.9705 167.074 12.6941
145.621 195.973 101.141
168.253 100.089 30.4128
110.6 78.455 129.819
117.405 53.1939 49.9245
136.6 173.322 132.574
124.176 87.7314 137.187
72.4264 70.7767 61.1795
116.155 112.374 145.936
167.924 55.89 68.9037
181.943 120.65 106.443
140.407 82.821 128.918
125.31 48.8036 103.32
176.775 170.561 90.3519
94.9952 98.8601 27.1537
124.023 72.5369 127.339
164.769 129.3 131.854
180.439 100.098 49.1683
107.801 58.6474 52.7916
65.7147 83.8155 88.1365
113.808 79.7254 129.819
95.0405 107.361 136.058
93.3414 98.2915 133.843
58.3437 109.781 88.6119
67.0402 91.5455 105.158
140.923 105.648 138.847
169.29 91.7112 113.104
104.61 44.8265 95.064
183.765 156.033 76.0544
97.1967 106.766 135.47
165.012 156.986 123.711
70.2512 81.4828 67.5668
167.576 175.687 105.551
110.711 78.8797 130.663
111.129 102.905 139.29
104.383 161.085 140.031
165.661 114.281 126.768
102.876 111.908 142.591
183.62 104.426 83.5995
118.217 208.041 61.4623
123.58 57.8222 115.337
116.192 84.5461 133.657
116.968 91.796 136.595
128.893 70.7723 126.801
171.71 117.061 36.2327
112.714 191.011 113.733
148.978 106.911 136.153
106.138 128.342 145.726
114.271 56.2555 117.471
139.076 68.8928 123.199
180.816 98.9012 99.2965
117.156 41.8757 90.667
135.096 94.3646 136.648
99.2768 89.5183 130.287
157.699 69.4135 112.403
166.354 184.664 75.6976
111.383 179.679 15.3201
183.493 132.995 95.0052
166.761 179.111 54.3428
140.741 172.012 134.017
102.432 84.4918 129.618
129.029 95.1243 139.785
89.613 193.13 100.068
152.112 127.539 39.0318
84.5673 65.3947 100.065
138.154 107.136 143.301
66.7162 84.7059 73.7507
123.554 47.4983 57.2044
92.8321 118.22 134.67
69.6915 148.613 120.094
175.9 112.909 115.051
116.278 90.288 135.533
150.539 66.3734 55.4797
183.262 131.295 99.4711
166.337 59.6193 64.2127
124.63 142.572 147.309
58.1467 147.568 89.6391
128.844 72.1902 130.538
77.1806 176.027 31.1145
108.224 127.389 147.599
161.677 175.391 25.156
146.294 199.082 79.6539
176.823 168.894 58.0662
134.498 77.177 47.9337
119.168 79.7304 131.955
109.5 88.8044 133.896
93.4611 121.88 136.597
145.781 62.1919 115.491
92.9263 77.9579 118.67
96.27 91.9532 131.7
78.5169 172.594 111.715
134.365 40.7751 80.6064
69.1142 133.18 120.642
113.936 112.551 145.332
123.889 102.41 143.905
63.956 96.8959 74.213
69.7951 76.3539 67.146
102.074 148.064 144.408
120.46 105.708 143.673
183.622 117.062 92.5782
51.6088 122.987 62.0854
171.922 169.868 104.071
58.8507 134.621 103.811
160.989 51.1711 67.557
90.548 65.4923 111.053
62.8703 92.0161 62.6644
176.529 92.4697 102.653
105.543 93.1843 133.349
64.0223 87.8859 72.4813
167.957 134.538 126.965
181.138 98.6218 75.5618
101.096 160.264 139.364
60.291 98.7241 61.4704
95.2551 90.3164 128.281
98.5839 96.9714 133.585
127.257 106.537 143.065
123.765 64.547 121.5
81.7682 196.257 59.3087
104.971 102.187 137.919
126.165 146.205 145.699
150.207 138.697 137.719
110.88 83.2101 132.839
105.067 79.3628 130.413
100.824 70.87 119.929
165.267 93.8638 121.325
171.883 110.803 119.411
172.625 90.0846 107.499
72.2026 176.74 98.4235
84.9224 148.311 133.214
170.318 139.953 37.6669
88.4247 97.0519 127.769
169.628 62.4042 71.92
124.945 75.2515 45.276
147.007 56.3066 107.95
149.708 118.069 137.004
163.897 111.245 127.775
53.4589 135.59 74.4346
151.586 75.3176 119.535
56.9593 145.624 89.27
58.5912 102.66 87.0427
138.025 158.698 141.102
64.8449 91.4283 63.8464
162.985 182.182 99.6196
80.8798 94.1774 121.314
70.3522 79.5434 68.3098
165.795 81.8943 111.073
181.429 113.879 106.538
138.793 63.73 121.907
119.721 62.2621 120.072
73.7417 186.647 55.0779
142.542 74.9305 127.632
120.317 82.0836 131.709
131.882 200.162 98.6863
122.706 131.108 147.379
147.475 86.3993 126.311
84.4841 108.21 129.154
181.641 111.082 105.051
90.6864 197.516 87.8514
180.694 85.7012 78.074
137.168 120.243 146.38
116.278 93.3886 137.162
58.7766 110.628 83.0259
109.312 95.4307 139.879
164.669 79.8549 110.191
59.9794 100.191 79.9048
97.1778 198.637 46.9277
65.1807 125.379 114.298
128.982 209.906 70.7526
162.138 115.226 130.074
143.033 68.2352 120.357
148.02 123.573 138.244
177.378 95.5599 49.696
172.698 101.885 118.153
147.612 61.117 111.52
128.806 136.587 150.389
117.345 114.881 145.133
106.017 114.787 143.454
59.5571 154.477 44.7323
87.6553 61.4752 61.8033
137.544 43.3025 66.8326
116.164 92.2431 136.599
101.849 40.2725 80.5834
121.97 147.275 144.301
56.3673 119.935 81.798
126.09 51.8848 110.416
153.49 113.581 134.33
94.1212 86.8143 127.532
160.171 49.622 80.3655
182.3 116.026 102.181
146.99 98.6148 131.584
121.411 140.326 5.81508
64.6695 170.802 82.3482
66.9744 75.215 82.7467
181.357 83.1337 80.3026
138.216 63.2979 120.139
168.295 99.7058 119.015
149.617 117.658 137.45
161.149 126.598 131.824
170.711 62.5346 81.006
177.771 113.425 111.595
138.878 185.523 119.121
123.176 99.5035 141.662
136.99 113.833 144.459
64.3941 112.99 107.925
82.5341 124.913 39.9463
180.797 93.3056 75.8516
117.621 106.983 140.913
79.8157 88.6886 117.482
145.699 98.7421 133.626
117.273 79.9647 131.822
57.3329 137.483 89.38
86.0287 93.6404 124.891
132.525 112.636 144.48
82.2154 190.743 92.2887
100.001 74.8719 123.92
103.427 72.3386 123.557
161.266 187.684 50.3311
129.895 143.756 144.671
162.463 90.9939 120.506
167.57 176.979 99.072
147.664 74.7366 121.913
96.92 65.5849 115.629
148.728 64.0078 58.8213
109.631 93.8973 136.929
181.257 90.3428 85.8041
133.213 59.3411 120.38
129.438 105.345 142.711
138.97 45.8278 98.5871
146.781 159.7 136.708
96.858 53.078 63.6801
65.1408 92.1744 103.142
69.5325 89.6587 53.7772
159.562 190.657 65.9648
157.712 122.254 133.473
65.6563 167.997 94.8727
98.786 186.256 117.149
147.922 147.446 140.082
159.506 123.891 41.1574
129.783 54.0895 115.811
85.5775 63.9088 101.175
131.79 143.033 145.144
87.8688 199.581 76.2141
105.086 68.8609 123.466
63.4202 131.972 115.628
158.596 92.7097 28.7066
126.996 81.4257 133.713
55.6702 111.675 51.2868
90.8936 124.251 134.549
127.758 70.2298 125.732
179.626 87.1716 94.3762
107.854 57.8155 116.623
98.0245 81.9502 128.914
112.878 43.387 65.1822
112.994 117.611 51.4582
167.269 155.303 122.298
145.193 102.904 137.984
186.011 130.783 51.4604
88.872 91.2979 27.5055
73.3557 116.02 119.966
122.552 83.3108 133.317
176.43 107.626 111.194
144.105 56.8907 110.063
143.501 109.699 138.388
107.171 42.3336 64.3847
110.203 83.9704 133.229
140.459 108.782 141.338
172.535 65.0882 80.8117
83.0842 160.833 9.7162
117.465 42.6588 65.407
122.405 72.546 127.552
140.2 47.3425 102.757
88.8437 113.597 130.866
184.502 150.479 85.2382
97.8415 162.02 6.09695
114.282 112.641 145.395
154.921 194.83 56.7731
170.456 142.618 124.39
94.1733 104.479 135.392
106.414 192.6 47.1637
51.9689 140.875 64.0315
143.278 184.988 27.2438
68.9643 78.7411 90.568
65.4451 88.8255 96.7438
83.0193 98.8238 125.009
80.4914 185.157 44.9356
110.529 127.374 148.548
140.806 49.6419 103.768
128.279 104.819 143.081
110.602 159.046 142.85
160.164 49.3349 72.5736
73.8889 127.433 125.153
141.408 118.588 144.825
124.872 90.7601 138.938
80.645 174.016 114.612
167.621 105.456 124.701
148.573 72.4449 120.758
148.463 90.9229 129.492
171.192 85.3329 57.7878
171.202 168.295 107.702
141.824 102.545 138.34
153.552 189.051 101.567
63.6873 92.7411 93.2026
65.8756 105.886 106.75
127.838 55.9862 118.081
122.747 174.371 134.448
143.725 114.212 139.308
107.226 42.0721 88.5237
108.121 64.2197 51.8194
122.313 55.7519 113.321
146.23 76.7983 123.749
94.5188 109.123 134.686
110.643 147.465 145.844
110.572 165.027 8.22007
97.8122 78.8124 52.944
122.018 110.738 142.52
165.617 50.3183 76.6223
70.3244 180.316 65.9501
74.0879 185.802 76.5638
181.044 84.071 79.3412
96.7022 103.338 135.365
100.481 154.189 141.405
76.6525 126.841 128.03
183.106 116.264 44.3101
94.8715 170.222 129.343
76.5595 107.523 27.706
144.848 97.6526 134.543
140.032 183.122 21.9728
90.2166 115.149 132.589
95.2451 149.6 140.238
72.5286 71.54 60.6695
66.9604 81.9956 92.0425
75.8591 188.48 69.3794
123.318 184.831 123.295
105.727 78.0341 128.827
92.8753 143.286 138.799
132.176 79.0863 131.835
62.2006 88.145 74.8739
136.899 58.0704 117.861
120.894 114.298 143.386
157.957 57.5827 101.008
94.29 60.3804 108.54
154.588 115.301 32.3115
98.2756 116.226 139.417
136.84 65.4115 122.897
181.328 87.087 78.4811
76.5687 108.317 123.972
172.428 71.3642 58.5127
175.281 154.253 40.5758
149.543 122.423 137.445
176.319 66.9113 68.3529
113.821 102.088 140.429
65.0673 118.377 113.532
78.8233 105.436 125.995
62.6126 155.633 104.96
85.7371 94.9389 124.825
100.967 87.6099 131.114
133.135 78.9262 47.0991
110.586 85.1215 134.676
58.8685 118.841 98.2562
178.038 103.217 105.671
141.45 49.8255 103.976
62.5737 91.5799 77.1777
63.0285 125.347 111.551
72.9477 114.86 117.301
87.5367 88.9187 30.6714
135.428 112.783 143.124
82.5438 149.826 131.432
176.758 134.41 118.88
150.813 131.919 137.668
104.686 112.393 143.664
145.164 89.1451 129.119
180.652 87.4905 73.5033
143.292 62.0034 57.9284
113.424 91.2035 137.633
151.259 46.2955 69.6218
94.5454 58.0668 106.453
112.964 80.6327 130.762
146.331 98.263 132.579
65.2005 163.337 100.353
96.3151 197.939 102.688
59.322 104.39 65.8716
182.699 105.915 77.934
131.327 76.0844 131.847
183.096 122.755 104.028
71.5684 169.699 105.209
132.227 61.6255 122.998
137.26 112.889 144.7
155.717 73.4346 114.965
104.502 96.4429 136.762
144.596 87.6482 128.493
84.8443 110.354 128.975
90.1143 89.7834 127.091
169.517 62.0024 68.563
75.2439 140.487 127.722
135.957 112.134 143.107
101.071 151.086 142.963
91.2905 199.98 80.4981
130.145 83.6239 134.988
122.76 120.998 144.518
80.3186 118.407 129.083
112.914 86.6836 134.283
125.747 77.9339 132.983
104.691 112.396 143.666
185.534 147.428 73.1864
96.3001 132.184 141.103
121.481 88.798 138.007
120.451 135.049 149.525
106.573 178.167 129.818
161.12 57.9924 61.4901
59.4829 136.538 43.4795
178.982 87.371 92.6795
159.11 191.104 53.6624
139.322 135.497 144.026
174.363 71.4566 86.2472
65.5084 73.6076 77.6923
145.77 102.102 137.348
106.948 101.106 139.366
95.8777 119.579 137.849
148.592 91.1463 129.415
171.505 63.2268 77.1449
124.954 99.8823 141.548
67.2892 85.3967 72.7626
176.565 134.525 39.3239
135.781 104.743 142.519
137.23 67.8979 122.585
55.3149 115.292 73.1276
165.421 179.47 105.472
85.9304 100.468 128.078
169.151 90.8852 113.742
153.723 178.727 119.984
175.411 90.7709 51.5277
64.1952 122.731 113.658
119.328 73.0951 128.68
187.786 132.079 60.622
140.683 99.6162 136.31
141.56 92.5258 132.977
118.855 100.383 139.381
97.3745 136.9 140.087
181.134 87.6057 77.9894
181.482 113.845 106.804
108.936 78.6978 128.619
132.154 72.1783 128.239
111.12 101.194 139.289
183.401 106.259 88.1506
176.428 98.7361 109.594
86.9419 151.146 8.59551
181.797 94.7407 77.0312
102.151 86.8698 132.025
118.738 88.296 134.747
121.874 65.0486 47.4418
106.045 97.3202 138.24
113.965 103.505 140.431
64.4331 167.802 55.6322
116.531 97.2584 138.471
122.423 41.8783 76.8616
149.447 112.428 137.142
163.929 87.9337 115.967
106.521 94.3262 137.715
136.093 179.494 15.6019
62.395 92.4207 90.7838
61.5098 132.042 42.7896
146.894 70.0881 54.5143
60.6703 98.4 57.9138
124.925 100.924 141.62
69.1018 67.5989 77.492
77.603 111.208 29.9112
116.008 177.51 128.436
100.371 68.4688 56.7194
102.369 121.767 142.495
159.426 58.9804 100.563
151.28 96.3868 25.7177
100.564 90.6904 133.164
131.229 105.19 142.145
118.289 123.574 147.772
90.4804 88.7611 126.95
136.25 120.511 146.671
108.21 76.5728 128.931
149.247 66.8597 54.6201
186.587 128.445 80.4894
176.621 86.1839 65.6686
125.422 113.756 145.795
63.941 159.48 101.918
118.055 184.926 120.164
127.213 173.578 136.798
113.915 87.0147 135.053
94.0231 85.5768 33.5289
153.502 160.115 132.838
177.739 101.787 104.222
71.0386 133.801 39.3343
180.54 165.626 75.214
78.3595 54.7213 71.5687
129.042 113.018 45.9022
121.531 124.092 144.919
110.795 75.3259 128.916
167.855 55.8087 76.5994
142.915 85.7536 47.4215
180.385 153.784 47.2641
137.448 106.378 143.856
80.9863 104.433 126.09
116.631 122.64 148.165
145.989 79.0036 50.3801
148.374 92.0442 130.577
76.5469 131.575 40.379
112.154 99.2828 141.965
157.269 111.558 133.076
161.69 66.0522 104.336
130.209 90.5258 137.415
123.692 108.059 141.005
124.551 41.927 80.8991
94.8014 113.647 136.808
96.8382 134.947 142.274
58.6776 148.743 98.1914
85.6869 194.487 91.8197
91.6643 120.342 135.359
154.526 112.197 133.253
99.6354 109.495 137.56
185.089 120.939 82.3059
138.323 54.4688 110.221
103.003 190.311 38.3624
136.111 164.312 140.207
150.379 103.175 134.663
88.9659 94.2246 127.773
95.2724 48.0873 96.2281
146.724 151.768 137.819
119.26 158.651 140.779
143.119 106.826 139.577
120.301 104.241 143.827
100.175 108.485 138.463
143.247 106.452 139.534
164.273 82.0832 53.5961
171.307 63.0313 81.2767
179.409 145.428 110.358
106.688 159.064 140.699
79.375 90.1904 116.237
160.955 122.561 131.569
99.3951 117.988 139.387
121.456 123.634 145.274
62.7295 95.8038 76.0794
152.884 107.767 133.753
81.6064 161.329 125.618
133.364 54.8371 115.016
101.452 112.495 141.215
133.212 43.8122 65.1132
125.625 142.657 147.092
108.96 194.819 49.5983
107.426 121.835 35.3932
91.6717 87.4587 31.6786
146.852 118.831 139.917
106.168 48.2791 105.444
165.638 185.06 65.9451
56.7308 119.803 91.5267
83.1345 80.9064 115.786
65.7336 167.123 50.1528
120.784 55.7316 113.794
143.039 86.0411 129.303
122.7 208.3 71.9639
94.5275 167.541 130.246
122.032 109.739 142.84
140.905 106.428 138.718
114.448 122.005 148.126
86.9289 134.422 134.043
120.113 87.7068 134.479
112.99 111.36 145.465
58.5641 150.84 87.7421
140.908 105.108 138.943
121.208 206.695 50.4095
114.42 148.435 145.536
94.3573 74.3095 53.6624
100.475 56.8873 61.8271
125.069 106.669 141.179
119.595 97.3554 44.8992
140.472 43.5377 93.0673
117.134 46.8736 102.595
94.0236 75.5269 53.2895
132.371 61.5292 122.023
112.518 80.7839 130.695
95.1915 138.439 139.915
146.49 113.96 139.912
115.786 103.885 140.951
109.596 170.393 136.86
106.459 91.2281 133.072
141.715 117.155 142.484
153.828 89.5045 126.928
118.619 180.082 23.4224
115.79 111.647 146.111
177.662 160.148 108.7
115.828 83.7753 132.672
147.759 129.484 140.196
92.7071 120.011 137.28
75.8078 126.811 41.7557
99.3513 89.9448 130.798
121.938 104.153 143.888
137.179 196.241 106.539
162.99 186.202 53.2456
114.737 106.252 142.627
109.098 104 140.604
138.206 109.804 142.603
138.555 78.2286 128.828
129.823 94.2421 139.236
124.439 103.232 143.835
107.45 46.7087 59.7329
107.651 124.464 146.719
59.8871 105.45 80.1765
108.229 64.7146 120.727
108.731 67.4343 124.432
109.33 80.7834 46.7727
119.852 45.9751 97.5538
150.71 118.011 135.587
155.263 152.392 6.13849
136.243 120.148 146.898
133.36 83.8921 133.452
134.755 76.2931 129.471
103.429 114.152 142.024
103.028 41.6302 86.766
90.1576 89.4122 126.766
120.755 95.484 47.1821
95.5955 43.3783 71.502
103.221 93.751 134.518
146.354 200.663 53.6284
147.152 116.268 137.774
154.254 97.0662 131.25
108.043 112.328 145.588
133.021 140.344 144.671
180.867 117.646 108.503
78.4448 61.4145 94.4571
181.183 123.947 108.75
106.612 207.221 72.0529
146.36 83.8656 49.0276
92.8918 74.7318 118.699
179.836 156.846 103.028
82.3748 48.9876 74.2998
83.2317 48.8914 69.8316
88.9656 121.686 134.084
135.99 88.869 47.3024
134.801 70.0218 126.016
185.219 145.994 75.6969
126.417 87.3015 136.501
96.2637 54.6292 105.972
65.3365 82.1055 85.1568
103.095 127.544 144.583
123.732 177.618 15.931
72.3145 169.795 44.2969
153.702 176.29 121.934
178.473 168.928 89.7517
136.036 62.539 52.8571
134.599 149.091 5.24688
114.031 86.6688 134.813
153.317 105.832 133.502
154.48 83.7895 123.285
128.321 82.1641 134.152
94.6649 122.304 137.839
65.7451 83.0382 88.5808
95.994 117.874 139.311
184.988 115.602 68.0519
157.432 98.8485 129.679
84.6136 116.048 130.251
134.519 79.3873 130.439
68.0234 176.166 88.5896
101.646 123.696 143.621
159.651 91.242 124.773
164.532 83.8644 113.178
156.625 88.9422 124.527
154.974 47.7837 82.3711
136.638 134.842 146.32
161.562 121.777 131.008
153.558 54.6601 65.7019
87.2621 183.282 33.0259
93.3169 166.392 133.027
88.5398 118.077 131.685
183.467 151.608 84.9647
105.806 111.364 142.504
104.276 113.516 142.938
105.264 111.796 143.174
104.507 112.94 143.265
105.008 111.75 143.878
104.963 112.235 143.233
152.147 168.411 128.51
142.632 100.584 136.746
138.908 99.0123 135.436
152.048 163.737 129.909
133.527 49.6652 58.9434
187.673 119.38 56.4022
141.646 100.199 136.36
129.913 120.387 146.664
168.468 59.7243 92.341
139.764 99.0779 136.101
153.69 157.25 133.793
150.439 89.1893 127.297
141 58.3122 57.2223
152.813 161.909 131.334
137.283 83.794 132.263
186.367 125.233 54.4412
133.398 151.684 143.519
136.179 52.0819 57.7822
89.5614 139.214 22.3749
126.475 124.492 146.956
180.356 115.84 107.145
78.4703 68.2022 57.7011
92.7112 203.743 63.7682
110.837 122.992 148.026
133.074 120.778 147.396
140.904 100.414 135.448
141.307 99.6358 136.76
141.12 99.9973 136.151
169.828 61.1546 86.7268
140.275 99.171 136.433
146.124 107.75 138.649
85.8052 73.6888 56.9668
87.822 90.9345 125.091
153.812 158.74 133.446
150.477 89.9065 129.437
181.223 112.087 106.489
104.879 125.087 145.383
183.323 152.774 94.7537
182.139 105.817 101.817
137.836 126.769 144.19
137.906 100.496 139.143
139.462 52.275 106.791
139.594 56.5733 57.4512
136.593 85.0133 133.354
178.637 77.5741 74.7785
137.541 68.3037 125.984
153.411 161.213 132.21
159.41 160.303 128.464
172.349 98.829 113.453
66.3023 90.6207 68.7372
95.2068 77.8406 122.725
185.904 133.872 50.3936
186.284 128.071 53.0572
137.082 53.715 58.0707
113.099 82.4598 132.313
131.764 147.761 144.734
55.1387 151.49 51.8461
167.931 94.3701 117.119
70.4894 73.4668 63.9809
123.969 124.191 146.04
161.911 156.175 126.296
84.2976 196.222 82.5862
87.0687 143.773 14.4914
119.495 124.948 146.076
180.479 114.597 106.96
132.166 82.0075 131.543
149.508 90.4876 129.504
176.616 96.4162 106.862
166.64 179.425 91.4507
132.787 70.4232 126.962
144.275 107.203 137.907
115.71 69.8099 126.539
146.377 114.913 138.488
75.3222 69.5897 59.147
142.813 48.6936 62.3814
114.281 38.6523 71.9106
140.49 99.3806 136.362
141.552 97.7328 135.261
139.444 100.727 137.665
180.414 89.107 80.4139
85.108 104.381 128.178
93.4326 180.259 17.9852
114.319 111.344 146.001
140.834 99.8316 136.106
88.3567 203.711 69.9241
108.997 124.316 148.637
94.1735 88.8275 127.459
134.551 120.295 146.673
158.944 55.6717 93.4221
128.823 100.48 142.032
175.294 176.117 81.4452
141.003 98.4758 135.915
148.243 117.173 137.434
148.797 119.614 138.664
170.588 61.7832 83.9008
83.8868 69.0061 107.525
186.338 137.667 69.3949
108.574 118.564 146.169
184.98 150.57 79.3795
132.566 92.4838 136.673
152.975 184.268 38.4812
89.9907 74.2741 55.1319
177.497 81.1969 93.4993
64.5124 85.353 91.8119
139.959 99.9518 137.112
137.399 123.651 145.685
129.107 141.119 146.296
95.1187 85.3962 127.736
154.063 159.645 133.427
157.486 158.172 131.515
179.358 104.889 103.218
149.729 162.025 134.446
115.603 87.5996 134.631
181.22 112.993 106.606
179.45 112.198 109.156
139.191 105.723 140.583
88.5727 89.9547 126.312
120.513 186.799 41.2674
106.272 124.567 145.938
136.944 116.74 146.428
76.8568 95.9872 117.796
140.181 113.919 143.343
113.722 113.639 146.006
114 117.737 147.431
67.943 81.4447 71.2803
183.482 151.748 89.9132
98.1959 41.6813 75.2187
111.975 85.4279 133.926
119.054 110.679 144.175
142.217 106.405 138.723
136.128 69.0907 126.203
122.896 67.9798 125.233
184.663 118.733 87.3851
146.442 82.4072 125.938
125.099 110.739 144.113
79.268 101.249 122.378
98.0691 91.0284 129.641
114.044 60.4374 47.0806
135.1 62.8249 122.8
68.5706 111.613 113.166
140.305 49.6854 106.465
180.655 80.5478 77.0215
95.6182 62.0921 112.733
150.615 85.9319 36.7201
109.47 81.0736 131.216
88.9414 157.427 132.478
163.373 124.56 130.234
138.728 56.2392 58.2142
141.74 54.3112 60.916
148.229 91.4234 130.081
145.314 91.1628 131.921
120.24 92.8017 138.238
110.282 76.8446 129.437
138.365 133.367 21.57
156.715 162.828 130.323
182.5 92.0485 92.8763
63.9074 90.135 66.6414
175.149 98.5678 112.333
136.496 85.4212 134.561
97.7413 69.7491 116.935
128.701 89.0009 135.043
166.672 157.963 121.687
63.4648 153.004 109.149
184.872 124.946 44.8684
127.263 84.57 135.596
171.959 171.148 99.4529
152.619 160.122 131.698
153.031 159.685 132.288
148.373 95.317 132.112
138.696 72.4953 127.803
111.84 153.697 144.974
151.31 160.098 134.081
84.502 54.3078 63.9265
156.883 61.4972 104.918
95.7005 108.814 135.756
112.304 79.5219 130.962
133.537 55.1715 54.739
74.2916 61.855 65.6214
139.347 145.248 142.745
135.596 86.7591 134.849
133.115 89.2918 135.192
137.805 88.1352 134.668
93.5115 106.125 136.264
133.953 111.029 143.57
159.448 120.02 132.331
131.81 84.1045 134.402
93.464 76.995 121.01
186.67 132.246 50.6206
184.338 131.333 44.7195
141.884 48.3562 102.745
147.091 50.8282 103.199
123.292 80.0647 133.92
144.032 106.997 138.97
176.96 101.168 107.143
83.5129 187.982 99.6757
163.178 156.229 124.553
147.271 101.768 134.15
86.1761 156.63 7.62481
183.839 124.428 78.6598
105.44 45.2483 66.7905
151.777 93.0616 130.432
187.224 129.223 51.7289
105.904 112.993 143.875
82.935 60.868 97.5012
112.644 81.0481 132.158
87.8631 168.868 127.15
171.881 62.7866 79.2174
149.636 131.117 139.755
134.267 85.0167 134.035
80.8525 181.747 108.085
104.243 97.6202 135.313
137.789 54.4666 57.8521
136.232 56.0142 55.7885
128.694 77.8706 131.78
130.671 46.3676 61.5388
112.028 94.4372 137.912
144.819 125.929 140.626
75.1103 103.754 122.983
121.539 143.157 144.602
179.578 165.372 82.9255
104.159 111.466 142.442
135.354 108.379 142.683
87.7916 107.516 26.8311
130.912 145.71 145.358
126.976 73.4349 130.741
146.919 89.569 130.582
132.481 116.647 146.912
54.6177 148.175 54.8138
108.641 123.938 147.42
125.497 139.412 147.642
177.257 171.407 84.4899
115.269 127.18 148.397
97.293 75.5448 52.7451
110.065 132.995 146.494
99.5759 142.579 142.156
109.252 108.277 142.367
98.1328 92.96 32.4391
62.0809 155.673 100.534
168.395 92.8053 115.194
132.698 83.3609 132.132
118.427 78.1076 129.943
147.281 104.435 136.866
155.84 159.747 131.943
56.844 114 92.4061
150.183 116.774 136.33
160.109 147.102 131.972
71.7716 72.3547 62.5734
77.5573 80.7891 59.9879
71.3685 67.7209 67.5948
74.3409 77.2511 62.7722
138.445 81.0101 46.1598
117.421 111.081 145.182
152.115 71.4173 54.4256
106.193 96.2501 136.915
168.686 177.046 94.0211
110.277 42.8633 62.9702
65.3411 84.4175 90.1184
63.0462 88.373 87.3667
130.294 71.3452 129.099
169.688 91.9172 40.1473
181.194 114.52 106.808
182.602 115.475 104.765
103.053 105.013 137.193
122.938 123.642 145.116
182.514 113.028 104.904
87.4526 99.048 126.958
178.88 108.768 106.996
61.8834 98.547 97.8103
141.46 78.8515 128.382
104.521 76.2151 50.4859
52.594 141.949 60.0946
54.2672 135.131 52.9535
140.407 105.599 140.068
55.8813 128.533 86.1197
186.548 125.231 49.2833
86.5341 196.684 79.0109
152.954 133.053 137.911
78.357 86.5738 113.839
119.271 119.369 146.732
151.172 126.702 137.07
166.68 56.4616 83.2506
86.4329 147.469 11.5679
99.1264 145.378 10.0312
125.907 155.223 144.463
90.9218 76.349 116.819
67.2351 178.603 76.7464
89.9878 88.5054 125.385
78.1889 138.569 29.2066
178.611 100.282 104.669
139.454 50.9602 60.0629
139.441 53.3402 59.3344
147.446 115.671 139.022
124.33 101.911 48.4309
133.841 71.3725 126.099
106.311 121.115 145.431
124.676 144.395 145.831
159.507 175.278 118.236
140.625 99.7011 136.084
140.22 100.117 136.481
177.002 97.8067 106.15
177.55 95.7059 103.429
99.8337 88.6123 131.4
146.673 91.6619 130.897
121.269 124.979 146.489
114.683 109.596 143.128
114.492 90.6236 136.148
134.267 88.0523 134.184
148.955 90.6172 128.958
114.925 87.0299 135.123
75.4617 153.638 124.394
112.542 86.6554 135.884
170.441 156.357 117.404
86.712 202.4 73.4553
86.9505 70.922 112.194
117.25 71.7145 127.662
57.7466 145.605 94.0474
158.68 82.9611 43.9194
136.128 85.8839 134.302
137.527 86.6048 134.407
147.762 89.428 129.122
77.1068 166.682 118.233
84.3071 82.5029 50.5768
82.2132 197.489 67.8891
154.058 160.305 133.209
153.672 159.601 133.015
154.564 159.263 132.034
180.489 114.811 109.847
133.669 66.687 124.572
91.3644 48.314 79.8712
73.5188 70.175 59.6616
73.8431 65.6715 62.17
187.832 137.691 56.1531
174.484 108.973 116.385
184.255 141.752 90.1756
104.867 68.3659 53.498
157.211 192.241 87.361
110.282 38.8975 73.1645
114.242 38.188 82.0844
120.506 128.602 145.48
135.319 121.058 147.918
135.436 120.122 146.426
134.546 117.873 146.583
149.463 118.767 138.019
71.4732 119.189 36.0368
131.006 108.662 143.625
162.477 180.535 48.3224
168.089 166.628 45.7429
160.047 87.1853 120.2
92.2809 89.9318 127.39
91.2801 90.0744 126.536
180.853 88.2225 79.308
181.614 91.2065 78.2177
118.336 83.0822 133.15
85.4985 102.427 127.87
141.974 105.382 139.075
65.8812 82.5598 86.8315
66.9345 78.2665 86.6661
89.2219 174.16 14.0782
56.7602 155.546 60.0431
169.408 59.3733 78.414
114.095 112.159 146.066
136.331 118.493 145.91
85.5801 67.3924 103.825
158.66 135.762 22.6075
66.6002 91.8468 58.2519
114.025 191.755 43.5347
79.3682 192.607 76.5186
95.9007 87.7617 127.117
95.0802 87.2136 127.451
96.6574 87.1489 129.592
57.903 144.224 47.5951
140.56 50.3305 105.107
144.011 53.2611 105.487
92.6748 125.254 137.483
60.7201 106.401 44.7531
98.2342 122.688 140.71
156.565 107.745 132.312
65.8363 146.748 113.414
140.12 87.2138 132.838
158.685 81.7814 117.189
129.192 180.147 129.698
128.421 210.787 60.1566
58.6109 105.058 58.9008
151.381 105.429 135.019
158.637 57.1662 97.1036
137.934 98.6317 137.611
129.177 103.09 141.058
70.2134 176.599 52.9787
140.892 99.0149 136.13
176.51 167.272 93.6268
126.805 100.414 142.17
184.269 150.619 82.2718
186.625 143.528 83.2469
181.136 165.061 65.6888
178.767 119.834 115.364
114.296 88.5147 136.555
78.8284 71.3803 100.978
172.118 66.3153 86.9058
90.5444 100.402 130.026
70.783 78.9726 98.2192
128.761 83.6744 134.236
121.04 101.646 142.311
133.345 106.527 143.529
153.14 191.06 45.7252
147.707 116.655 137.459
148.746 115.435 136.321
146.882 117.897 138.413
184.052 156.314 81.762
175.613 172.056 77.7507
172.478 177.593 69.2194
176.174 98.0965 107.829
161.158 74.7077 107.47
85.3923 126.552 133.365
67.8009 161.8 110.78
129.236 43.004 88.3986
153.271 160.072 132.425
152.148 160.243 133.082
151.16 119.866 136.894
155.351 118.59 135.213
156.413 115.761 132.414
182.609 86.6659 81.1241
154.624 137.303 136.249
170.999 62.0827 82.4484
169.186 58.8982 82.0945
171.854 64.771 84.0597
115.133 93.7156 46.3859
141.642 98.5618 136.841
72.0412 79.4362 64.8909
70.5955 85.9755 61.6416
181.026 114.766 105.077
179.634 101.03 101.58
142.261 64.1976 119.63
70.7049 119.855 117.088
65.4598 90.857 65.6423
68.6198 88.391 64.4329
67.4528 87.6306 101.547
61.288 95.1634 89.171
186.545 142.297 72.066
186.129 147.215 61.9338
107.358 116.416 145.114
106.471 53.0899 56.9122
147.451 115.984 138.369
131.856 91.3036 138.001
180.993 115.78 39.9775
121.157 138.802 148.098
50.2747 134.324 59.81
91.9268 76.7326 118.107
88.9616 79.4676 118.513
153.54 51.9457 96.6412
113.935 113.62 144.856
113.918 113.073 145.734
115.266 113.612 146.378
180.572 135.497 109.194
100.872 203.586 82.5476
68.5163 140.95 120.947
149.329 184.868 31.84
138.387 192.762 40.1693
184.324 131.803 48.1345
160.453 66.2741 56.0507
135.068 83.2304 130.613
112.469 112.76 145.535
129.719 142.682 145.986
147.204 116.933 139.222
78.1843 94.1525 119.859
64.603 91.2238 61.7624
62.8415 93.5537 58.7951
165.633 165.159 114.751
180.574 160.052 90.5897
179.923 112.409 107.537
178.565 84.2539 93.4533
175.563 83.7125 101.766
180.074 81.9313 88.1254
89.6114 90.1457 126.232
92.4351 74.9617 55.1891
89.5763 80.5541 53.7376
92.3422 70.5213 56.1461
166.047 158.672 123.445
165.767 163.133 120.415
162.834 161.044 124.774
79.1094 74.8066 57.5704
112.569 86.6213 135.046
110.777 87.8191 135.36
137.369 122.136 146.988
177.524 104.386 104.04
152.558 116.022 135.173
161.48 186.222 92.2155
171.788 176.287 87.6485
100.432 110.74 139.653
107.952 72.7735 125.67
110.412 111.125 146.951
57.1706 147.562 85.5969
56.6898 155.14 78.3574
114.541 74.2287 129.069
94.2708 106.719 135.978
92.7588 107.755 134.983
95.7675 105.731 135.825
93.6669 204.443 75.0612
112.799 92.2423 136.588
109.069 79.0104 130.276
122.249 166.509 138.296
84.3541 141.19 134.472
69.8425 110.175 30.8827
109.274 164.44 140.673
165.257 120.232 126.582
91.0392 54.8047 101.641
133.351 207.006 77.6782
165.537 91.1521 116.901
176.677 98.312 40.6444
96.708 74.0257 121.129
108.332 122.134 145.979
118.343 86.116 133.201
113.352 86.4395 135.211
138.443 113.452 143.462
181.585 113.375 106.583
180.804 113.573 106.764
113.972 84.4981 133.653
138.336 105.37 142.364
126.564 69.9604 128.409
141.323 99.4426 135.667
127.003 89.771 138.253
105.006 40.1517 77.5866
109.926 41.0142 80.0205
150.973 68.9644 54.7542
155.437 67.4077 56.984
97.8328 56.9757 110.406
123.677 110.391 143.088
130.983 62.4081 122.235
127.96 60.3913 119.41
131.787 64.7051 123.734
184.321 125.067 94.5923
142.636 106.487 139.247
141.877 107.175 140.344
86.7031 94.5832 127.01
88.4679 82.4774 34.0599
63.0299 95.1788 68.9477
181.839 160.409 72.0382
115.815 45.0203 58.6454
183.264 139.247 99.936
101.44 173.669 11.5054
125.102 102.104 142.793
107.112 124.129 146.011
105.936 122.842 145.652
134.747 170.027 137.715
61.491 99.8431 75.9734
62.852 120.348 108.442
172.993 94.2754 110.909
135.861 72.6656 127.63
141.158 101.777 136.922
154.874 162.028 130.942
115.127 80.957 132.867
140.301 54.9841 58.5035
147.794 99.7752 133.306
150.865 99.0953 130.889
119.971 110.094 142.314
59.5781 160.377 52.4633
164.255 55.2645 89.1432
130.071 59.5896 121.473
65.4655 86.475 73.3606
125.398 141.124 147.857
106.577 151.569 144.384
70.464 68.9879 64.0265
135.314 85.2655 133.956
91.2553 201.723 54.2078
114.068 142.059 145.967
180.497 89.868 93.3802
177.393 90.7747 97.6475
183.371 116.051 97.3829
178.554 95.6905 67.8525
187.235 130.401 51.1181
186.171 128.431 48.7384
67.4754 83.2926 72.3011
68.38 85.3099 68.5335
67.4645 80.6443 74.7999
140.153 99.3753 135.99
63.8586 92.8117 73.4148
148.947 135.156 139.389
144.32 140.16 141.445
97.6218 169.661 133.219
148.373 65.6188 56.7704
79.4537 56.2649 83.5362
129.178 90.104 136.186
100.443 40.9469 75.8828
102.107 43.5426 71.1771
98.3452 41.6511 79.2201
60.6 108.812 99.4168
134.483 70.8099 126.093
135.137 71.4599 127.229
182.779 150.514 87.474
185.51 146.173 87.8647
136.457 54.6777 56.8159
118.726 131.768 147.86
170.385 90.4579 112.588
171.496 91.1515 109.975
63.9516 84.5587 85.9292
138.477 55.6048 57.9823
137.608 56.7874 56.808
137.115 59.1416 53.9567
64.8975 84.8015 81.3304
75.5163 73.0667 59.6227
122.932 70.8048 125.385
144 165.952 135.264
130.21 86.5269 134.696
133.484 62.6029 122.584
97.7679 63.2159 60.5467
103.284 100.313 136.269
62.2645 95.7346 95.1884
150.962 91.8802 128.894
140.759 130.443 141.287
184.653 112.152 83.1868
90.4615 71.453 115.758
112.76 81.0521 131.387
111.105 81.4687 131.534
114.358 80.9943 131.462
74.1555 106.603 123.339
71.9667 104.78 119.21
135.852 70.0609 125.874
128.942 79.8952 133.255
64.201 93.6037 52.0874
69.7559 90.3063 40.7234
134.348 137.256 145.428
121.408 124.406 145.779
175.156 164.348 104.548
145.894 93.917 132.498
79.2207 149.881 127.282
145.229 80.9624 126.861
152.094 110.719 134.738
92.2313 87.2185 125.77
148.784 88.4146 43.5666
140.494 100.141 136.113
110.495 62.7463 48.3822
139.736 121.463 145.019
142.268 45.7845 100.171
176.058 98.4009 111.074
176.498 102.995 111.751
175.436 95.6231 111.961
98.0995 107.617 137.555
105.267 113.728 143.365
113.979 85.2935 134.776
184.694 120.268 85.0179
183.959 123.137 88.5498
184.971 116.533 82.667
183.79 113.538 75.5192
67.5437 89.733 61.6163
81.1903 109.85 128.875
110.266 91.2963 136.549
139.17 54.8963 58.532
182.021 82.185 78.1735
81.5676 100.553 123.566
122.936 126.308 145.143
105.599 43.6805 65.213
103.961 46.0423 62.0758
177.67 98.9834 102.238
141.553 176.243 128.27
144.498 71.9429 121.758
143.066 41.398 84.9312
70.8075 112.757 115.559
165.725 154.318 125.625
97.6128 89.7661 130.761
122.871 142.672 146.157
102.306 105.19 36.7468
103.454 112.775 142.965
95.5507 63.924 114.401
99.873 61.3557 115.556
118.948 92.432 136.651
175.568 100.873 110.687
144.721 83.0233 129.603
110.159 79.9592 131.163
115.162 68.3794 46.5103
80.4845 146.634 15.6738
70.2392 72.5588 88.149
104.297 97.1695 136.163
104.031 95.6271 134.816
104.683 99.0049 136.927
123.185 112.696 144.549
154.298 144.82 136.172
65.2655 80.0689 88.4101
146.385 176.211 16.545
148.423 91.2098 129.786
148.167 90.1068 130.538
149.24 92.0518 129.785
149.3 93.9651 130.738
149.166 91.0417 129.924
148.091 90.7329 130.202
147.544 90.8628 131.328
148.886 90.8851 129.619
148.552 90.0282 129.703
86.761 152.835 131.483
92.1428 96.301 130.001
162.116 123.373 130.534
164.4 121.313 129.514
111.297 45.2318 98.2908
144.29 117.107 140.299
143.114 50.741 105.906
144.029 102.258 136.657
144.114 105.36 138.092
178.811 107.344 39.1864
183.215 106.09 45.3117
152.77 81.7923 52.799
58.9291 151.847 93.376
62.1925 160.466 88.7059
179.469 77.4151 82.4789
110.582 77.62 129.636
112.124 76.8955 129.555
103.076 132.371 146.163
87.9942 102.132 129.686
143.22 88.2786 130.595
137.672 164.652 9.03426
101.174 115.64 140.443
177.844 101.916 106.275
176.896 103.683 108.04
144.049 50.6259 102.368
124.143 121.974 145.961
125.68 118.013 145.453
123.405 75.1457 128.784
99.172 176.444 130.146
139.913 130.672 34.5666
83.6592 93.7705 124.468
124.407 97.6443 140.126
180.948 113.43 105.342
130.692 95.9833 139.253
131.705 98.6361 140.874
92.5297 195.338 102.851
76.0688 133.154 127.062
93.253 77.2625 119.738
92.4098 80.3843 121.217
61.6737 160.196 95.8146
102.852 110.074 141.559
103.843 107.078 139.957
58.6761 106.206 87.9244
59.1572 103.228 93.4257
170.401 95.9331 114.79
187.253 128.557 57.6001
188.921 125.216 64.8088
185.847 131.954 51.4187
187.593 133.871 54.6231
186.874 132.66 53.0875
186.35 131.174 55.9177
147.94 97.1755 132.482
137.653 70.122 126.253
88.6265 197.305 83.7351
54.4072 141.363 84.5213
141.336 76.3362 48.1004
85.3771 113.406 128.814
183.578 122.915 81.0077
183.522 119.056 76.8387
82.8041 92.5036 28.6107
79.152 85.3499 34.1362
122.474 50.7839 110.148
67.6028 125.534 118.458
134.699 60.6962 121.724
94.088 154.539 5.84919
134.378 145.4 144.804
152.832 160.338 132.916
152.349 161.927 133.358
96.8085 67.7678 116.289
101.177 66.2408 118.128
94.2711 70.6012 115.298
135.764 112.477 144.611
134.468 114.987 145.483
103.968 118.218 143.912
171.628 92.7657 112.562
166.146 74.8256 55.5731
142.748 105.587 139.694
120.166 123.615 146.025
120.393 121.473 144.878
182.449 98.8217 81.5106
150.38 91.3127 129.839
84.5401 51.3317 66.7782
90.9833 50.179 65.2175
144.32 99.8865 135.206
125.014 79.8298 132.859
122.981 77.8483 131.292
119.101 128.91 17.7139
62.8156 153.951 106.869
65.58 157.602 109.026
121.616 125.607 144.874
92.9882 148.321 9.94035
109.727 77.7173 128.713
137.828 140.191 143.464
148.744 116.111 137.291
125.907 109.374 141.896
141.559 49.7934 102.484
141.421 48.2597 104.266
141.49 49.0323 103.368
157.884 82.3235 121.286
126.575 85.5927 136.837
124.248 83.4152 136.109
141.883 107.21 139.299
141.2 108.61 139.866
141.636 111.888 140.635
143.482 108.485 139.575
95.4092 108.024 135.683
96.7376 107.977 135.788
103.959 115.387 144.164
133.662 126.76 147.013
143.855 106.855 139.677
143.402 106.781 138.976
143.648 105.808 138.867
178.959 84.3691 98.3192
120.347 89.5096 136.029
137.639 54.8363 58.345
171.136 172.868 97.9373
174 170.947 94.8648
169.037 173.588 101.851
131.08 100.643 142.054
66.2263 87.142 70.426
67.12 99.7786 34.8471
162.651 60.4605 93.9439
167.563 67.1061 97.1892
69.3019 108.134 116.661
147.86 117.079 138.411
103.338 121.405 145.3
181.121 86.5806 77.4707
180.572 84.3375 74.9055
181.68 88.1404 75.6465
180.623 85.313 76.3638
178.559 84.1307 70.0771
174.854 77.1164 65.3305
67.901 76.2946 71.9868
108.764 86.3095 132.98
160.474 47.4586 76.5437
119.373 69.0016 126.119
140.363 97.0331 136.037
110.707 156.341 144.136
112.548 80.0811 130.599
113.073 79.2356 130.343
114.143 77.6415 129.348
103.988 197.725 48.5894
108.232 201.773 56.2775
154.014 92.1569 128.502
54.1644 112.588 63.63
90.6889 108.949 132.051
145.396 155.776 137.494
140.63 152.254 141.125
178.446 106.018 106.235
181.639 84.9555 80.9987
138.937 97.8133 136.403
150.847 131.863 139.195
147.236 79.6961 125.127
137.705 55.9081 57.3547
157.543 49.5885 69.3227
105.319 96.3628 137.176
128.464 78.5338 45.8654
108.055 124.142 147.154
108.13 125.718 147.726
108.082 122.877 146.986
108.707 124.982 147.216
109.723 126.139 147.808
112.081 125.247 148.567
184.534 107.406 55.8875
135.499 86.777 134.314
62.3105 88.7756 92.8875
103.337 172.341 135.47
135.793 67.0573 125.265
157.139 60.33 102.095
154.647 57.4193 104.737
107.666 42.318 68.3506
120.077 141.394 146.728
117.846 145.411 146.227
148.767 91.3101 130.228
186.036 147.059 81.2326
77.9004 184.82 90.789
166.184 160.666 121.557
170.368 161.489 118.498
181.074 83.2125 83
142.8 99.4895 135.764
59.4791 126.508 104.305
99.0611 87.4651 129.789
73.0093 68.1314 61.3763
91.4037 78.224 120.929
167.964 85.6572 111.205
164.015 157.032 124.34
163.515 159.096 124.267
163.609 157.091 126.226
161.719 158.678 127.765
164.726 155.61 125.038
89.1859 129.015 136.136
102.497 92.3631 132.334
149.423 177.402 120.778
79.9611 97.6695 121.964
91.6076 64.6135 58.0933
147.215 188.951 111.515
81.5503 100.682 26.3592
160.369 121.136 131.767
162.3 118.479 130.976
62.9448 168.209 69.1271
90.708 89.8031 126.77
91.3338 89.0501 126.453
90.4979 90.6068 126.214
89.1642 92.1224 127.116
91.5907 91.5224 126.625
186.006 129.944 49.8031
146.843 47.9729 98.794
138.958 118.308 145.763
143.41 107.779 138.866
123.077 103.454 142.764
122.669 105.954 142.151
130.294 84.9382 46.4217
153.71 123.275 137.136
105.368 95.8234 135.954
148.88 102.114 135.054
150.872 100.418 133.584
179.922 96.0031 75.1981
178.085 93.0285 71.8599
178.258 98.8959 71.5779
181.847 102.14 65.8176
136.599 107.331 142.834
114.749 158.085 143.98
127.417 77.664 132.876
128.223 75.3149 132.061
130.743 84.0961 134.219
131.157 82.8813 132.946
131.459 85.7803 133.166
130.256 85.1123 135.226
93.9582 83.3637 126.929
58.5956 97.6846 85.4886
124.096 198.249 42.3231
133.473 69.9565 125.917
131.099 69.6743 125.336
134.104 69.0364 127.055
134.088 70.0294 126.609
134.331 68.8352 124.108
149.271 133.132 139.563
104.63 138.916 144.944
85.5785 191.58 101.739
152.116 132.169 137.217
153.581 129.455 136.5
157.623 129.5 133.679
138.297 115.825 143.972
139.865 111.53 143.022
134.914 73.0719 46.8896
129.092 69.8203 45.3905
104.544 190.698 113.398
184.175 156.822 64.2346
116.237 120.022 146.533
56.3064 130.77 47.6004
65.5922 137.535 40.7693
70.2828 141.054 33.5048
128.792 148.077 145.978
125.273 150.476 144.24
91.4178 168.868 128.503
88.2469 165.789 131.487
153.834 160.524 132.01
130.895 89.4646 134.884
170.687 63.8553 79.8819
80.0623 177.426 110.787
87.6153 180.878 116.191
74.8283 178.079 105.379
169.411 60.9541 81.5907
86.2535 153.964 8.77911
81.3638 155.143 10.2715
90.2853 155.248 7.81618
90.2129 161.787 7.39005
76.6591 159.999 13.3604
98.5082 89.6044 130.766
91.4363 77.722 53.477
92.4057 81.094 45.908
93.9724 81.5504 52.1297
101.169 86.5879 49.1989
79.8916 91.0759 118.73
64.1757 86.9007 89.4842
104.579 46.4035 103.115
109.179 46.6721 102.223
141.752 103.727 139.649
139.769 103.518 140.768
94.368 65.8005 111.268
166.703 110.401 123.52
94.7947 45.1317 77.3752
101.686 89.3437 132.029
111.881 87.4768 135.409
111.543 88.6568 137.584
117.954 53.9545 112.842
113.298 53.5495 113.691
134.783 119.086 146.585
132.771 118.85 146.809
109.419 121.114 147.811
133.998 123.695 147.023
163.346 175.893 110.796
184.268 110.691 93.7857
134.052 72.622 128.362
132.603 73.9392 130.449
85.5611 47.8803 72.6174
90.079 44.8076 70.8842
86.404 48.7699 77.8512
85.6181 50.0579 87.2238
54.6255 121.476 46.8305
84.0195 62.8314 99.1418
86.4844 58.0548 100.875
80.7147 66.0983 96.2129
150.34 150.91 139.841
182.695 87.7805 89.6289
126.564 94.4919 138.546
133.95 64.6683 123.244
112.129 48.2519 107.61
83.6387 103.4 125.941
149.861 44.2033 79.5069
107.868 92.8313 134.961
130.475 205.539 88.6696
185.431 136.782 76.3548
172.6 64.9561 69.8112
171.296 65.8907 62.8933
181.314 90.8215 73.5924
144.933 198.412 90.4933
95.9914 87.4426 128.439
96.9499 89.01 129.091
98.2219 89.1584 129.523
160.886 134.05 36.7359
123.773 85.451 137.108
122.132 123.357 144.579
122.798 122.257 145.112
138.759 49.5693 104.298
113.224 93.7868 137.521
114.12 95.8706 139.362
130.605 144.622 145.034
128.537 145.501 146.17
132.375 145.185 143.604
82.1594 108.981 27.0491
87.3342 116.234 34.2336
78.5376 117.12 123.831
104.739 111.831 142.677
104.763 110.799 143.105
108.654 43.1164 63.7186
108.576 44.2652 60.9839
111.129 45.0172 56.6348
108.674 43.1217 66.214
111.53 40.74 68.1231
136.748 86.4391 134.083
137.762 85.9608 133.029
136.691 86.9447 135.103
135.712 88.7048 135.484
173.663 68.5777 83.0998
141.08 99.4752 136.031
146.175 127.901 141.245
133.382 82.4792 133.077
94.0592 116.916 137.147
154.462 161.462 131.843
173.705 101.911 113.298
114.757 113.207 145.824
180.811 92.3552 96.4393
159.345 156.063 129.03
57.6761 151.965 82.57
151.983 158.233 134.021
151.399 155.005 134.949
149.535 158.341 136.003
154.604 150.44 135.793
133.663 84.8212 133.271
132.866 86.1095 134.217
132.303 84.6878 133.035
95.7222 75.3128 53.3934
97.7935 72.0012 54.9582
95.2099 77.9863 53.1198
179.472 166.027 79.0139
180.844 160.588 77.9015
155.849 157.896 132.511
156.433 155.756 130.996
157.551 151.943 132.889
126.403 103.775 143.153
108.286 96.5296 138.026
120.944 122.663 144.432
184.934 146.118 52.4015
110.385 115.662 146.574
111.777 80.3298 131.158
72.3268 75.19 62.566
81.022 107.43 126.928
149.756 117.314 136.74
186.358 135.296 52.6648
163.288 150.565 131.202
70.7741 167.372 29.6297
62.4873 154.948 102.724
59.5392 151.709 101.521
132.55 44.5754 62.5257
135.516 46.6136 60.6902
165.319 157.965 123.621
166.223 157.066 122.814
164.625 159.315 123.151
96.264 73.2818 54.0356
95.1167 71.4412 56.0005
125.143 54.0981 115.709
94.1753 75.5568 119.908
95.8733 73.4678 117.963
109.68 98.5199 139.971
112.364 102.156 46.8434
52.0302 146.125 63.3095
51.671 144.472 70.7126
167.838 148.307 16.9626
128.988 50.5904 109.59
133.392 50.4992 107.817
138.403 54.1693 58.6702
147.677 113.15 138.239
148.016 114.619 137.946
148.113 110.122 138.72
62.2249 95.0544 81.8082
98.1789 90.3753 132.033
115.05 92.9469 136.717
154.564 163.298 128.096
150.689 96.3395 131.004
147.726 126.66 138.8
127.841 72.7482 130.403
125.997 71.8456 129.491
129.4 74.356 130.415
153.609 159.845 132.868
153.966 159.464 132.375
153.06 159.814 133.139
153.9 159.759 132.623
154.092 159.985 132.097
154.727 160.536 131.532
115.37 110.463 144.679
117.037 110.125 142.958
179.425 144.485 42.0366
141.874 103.623 137.788
124.642 104.976 142.513
104.94 88.6761 131.486
94.431 196.274 97.1686
145.395 111.68 138.786
177.69 99.8251 105.087
177.189 99.1361 103.745
116.049 101.566 140.886
175.246 103.194 38.5283
53.6888 146.503 56.124
54.5394 143.704 51.6823
55.5693 149.368 59.0609
130.316 124.842 146.978
119.064 78.8024 130.944
120.641 76.552 130.558
64.7405 137.81 117.187
143.107 128.401 141.436
81.2923 156.072 129.629
176.747 169.867 87.2375
173.609 172.512 88.3109
158.915 76.5089 114.079
67.0238 162.338 105.402
92.4127 152.332 134.907
116.677 125.074 149.336
117.829 102.887 142.872
136.026 79.6736 47.3087
135.372 84.2688 47.3777
135.211 121.889 146.152
120.448 80.663 132.793
105.314 155.525 142.927
115.107 88.1674 135.647
149.766 120.277 137.571
154.014 158.306 132.39
136.769 120.313 146.776
136.379 119.828 145.988
124.333 54.2325 111.488
111.511 84.3685 133.197
127.732 142.683 146.76
138.749 106.235 37.1126
139.514 100.686 136.729
182.029 102.981 98.5612
126.253 76.0089 132.304
112.953 88.0132 136.253
111.865 89.3919 135.484
180.312 151.269 106.939
52.8073 139.367 55.589
128.674 48.713 105.841
129.382 72.1179 129.424
131.052 72.7491 130.248
128.139 71.8554 128.088
139.607 66.526 121.548
128.011 128.79 148.398
171.519 97.9343 36.0877
177.162 99.9898 106.388
177.696 99.6891 108.325
87.4023 78.7458 115.632
152.505 161.013 133.474
151.6 161.243 132.729
105.17 50.2245 107.589
101.298 52.9273 110.08
107.122 109.347 142.887
106.799 106.828 141.021
93.3075 101.372 132.054
140.206 105.461 139.257
139.773 103.78 139.038
141.07 105.503 139.624
141.378 106.083 140.685
90.5311 78.294 117.638
148.33 118.091 139.658
133.978 160.778 142.705
127.571 161.123 142.564
110.942 86.3855 135.279
95.2239 89.723 32.8435
100.578 87.0422 39.9422
94.1083 93.1333 28.4967
109.638 130.116 147.483
113.299 132.075 149.988
127.97 43.1644 64.7729
128.807 92.7586 48.7635
97.9864 140.144 140.531
181.354 89.4138 78.0242
180.967 90.6173 75.9703
178.927 117.785 111.966
94.7143 105.642 136.686
128.558 85.9112 135.351
145.843 103.607 136.603
106.491 112.026 143.325
127.078 140.499 146.663
129.014 137.853 146.575
167.455 91.8588 113.764
166.713 88.5913 114.175
150.097 90.254 30.3073
96.9836 120.262 140.286
142.24 91.284 36.3198
103.191 97.5391 135.883
102.851 98.9938 135.68
99.6739 99.438 135.354
101.638 100.922 134.184
115.322 48.3311 53.3228
181.382 114.55 105.903
180.957 115.855 105.91
181.972 118.305 104.738
180.682 117.672 106.562
99.9339 138.91 143.89
179.117 166.851 86.5092
113.631 38.0748 76.9794
168.995 88.8963 112.996
71.6005 71.6737 61.5201
70.5395 70.7798 63.0309
69.6917 71.2514 65.9287
68.5712 70.7489 71.4087
119.4 58.393 117.417
99.3038 42.8552 83.8545
67.4935 157.124 115.052
121.852 57.191 114.602
113.121 113.145 145.804
112.296 113.285 146.405
112.005 114.977 146.921
111.074 112.313 146.137
113.944 115.424 148.546
113.974 114.8 147.075
111.776 117.154 147.661
112.416 119.849 149.082
170.304 117.442 122.069
57.2178 111.464 90.8351
57.3753 115.954 86.5002
60.0197 109.678 94.5462
105.278 84.6664 132.616
159.658 122.459 133.082
158.409 125.597 133.606
82.1558 56.0643 92.9054
167.088 127.77 125.985
166.592 123.986 127.379
106.556 126.571 146.699
111.988 43.74 59.9073
111.33 177.111 129.744
116.057 91.1075 136.338
187.156 126.821 51.0937
185.579 149.497 76.0591
130.764 141.118 144.864
183.818 135.374 45.901
183.462 141.664 45.9666
119.4 39.9124 81.0587
100.455 43.1489 73.7387
158.501 71.862 53.4085
178.967 161.962 86.3808
123.126 80.913 44.5452
64.4935 90.9948 62.8637
65.9044 90.5523 62.3321
66.0701 90.8646 60.1547
66.2079 88.2432 63.4812
148.538 200.865 66.7065
166.433 139.023 28.3079
104.37 103.841 137.55
104.737 105.07 139.416
102.507 102.874 136.712
133.685 83.1494 133.419
142.105 125.145 143.267
184.776 126.015 82.5453
179.433 94.0523 100.042
133.718 103.271 141.15
119.379 57.3821 115.098
121.672 58.3939 116.663
124.665 59.3917 118.381
177.438 103.048 103.801
178.95 102.344 102.822
179.927 103.684 100.438
116.569 111.574 145.454
179.576 110.689 106.256
145.791 63.9483 57.5931
141.315 66.3798 53.4644
146.979 60.4414 59.0471
152.875 59.9497 61.8819
119.708 176.877 131.56
121.44 179.673 126.259
169.955 175.984 95.3543
172.258 174.822 91.7966
168.186 177.517 96.5661
165.519 179.954 97.8212
163.377 183.036 95.0488
123.037 98.6873 46.4454
118.915 102.255 47.3698
128.065 98.5298 47.457
165.663 155.361 123.175
129.281 61.4134 121.811
126.626 63.1473 121.509
103.047 112.896 141.674
66.8202 84.0583 89.3887
86.8268 198.041 77.3393
83.2319 195.322 75.7238
88.746 198.65 79.5819
146.708 52.1767 60.989
63.9736 94.6953 99.3987
63.4319 98.9989 103.708
58.2504 158.392 83.8619
61.3865 162.818 76.4243
139.06 99.4002 138.108
156.715 179.486 31.6481
166.068 173.5 36.1403
133.39 41.8625 70.4783
96.8483 109.215 136.821
109.719 87.0322 134.234
85.465 98.4649 127.49
109.129 122.624 148.127
99.234 147.456 140.875
182.647 94.8823 86.2025
181.459 134.185 41.3133
179.402 126.202 37.9617
80.5883 54.4206 67.0755
79.9623 59.1747 62.1186
133.926 45.295 94.8097
108.744 49.576 108.033
142.707 107.305 138.997
141.919 108.524 138.521
151.66 70.8435 116.906
68.3126 115.736 113.952
134.453 87.393 135.447
113.527 80.7561 131.895
105.473 74.6655 127.516
125.613 87.1895 138.081
128.623 94.7471 138.246
174.071 92.0272 45.1411
168.487 84.6807 45.7822
53.5553 145.945 53.2659
55.3889 147.576 49.4135
126.73 83.0493 134.626
124.768 81.8367 134.27
180.761 83.1847 76.7264
179.498 81.6615 74.6083
136.995 50.9104 106.154
184.413 146.687 93.9776
101.8 113.941 141.922
156.174 103.309 130.683
161.063 105.973 129.157
102.479 163.59 137.393
97.8008 162.407 136.392
96.2009 157.011 138.36
57.8485 126.97 95.9693
114.425 86.9135 135.048
114.553 85.9479 135.264
114.338 87.798 135.296
146.994 115.323 138.02
146.684 115.726 137.378
147.036 115.806 137.914
84.4372 187.124 105.45
57.7615 148.997 44.3378
67.4628 149.19 39.8453
61.8602 143.707 41.5378
109.471 102.058 140.117
180.623 80.3124 81.6726
148.931 57.2543 62.0266
175.268 159.688 114.687
146.618 87.8658 128.499
176.057 104.774 115.875
114.278 162.429 140.815
78.831 169.867 115.402
72.2211 167.622 112.582
166.785 179.458 94.5662
182.996 128.937 105.326
141.367 70.8479 125.585
183.2 120.994 41.0275
138.569 72.678 50.6031
101.261 48.4604 102.024
124.867 143.212 146.241
125.831 144.327 147.054
100.075 89.3103 130.783
100.478 90.4791 131.663
100.054 88.5168 129.551
84.1467 120.666 132.523
61.0705 99.5065 70.8751
60.5616 105.232 73.1167
93.4876 134.835 140.108
89.9768 138.586 137.89
181.241 120.252 100.594
180.587 112.843 107.182
179.741 113.762 107.788
179.728 164.564 90.4454
100.452 76.8636 50.4521
103.266 81.3001 47.9265
180.757 115.056 108.377
180.992 113.913 107.946
147.474 134.008 140.948
146.172 137.301 140.245
106.565 132.181 147.392
82.3223 115.263 127.126
88.716 89.429 124.225
87.2061 87.5913 121.42
86.0263 89.5223 123.489
83.7081 85.8727 118.891
122.359 80.0616 131.618
119.014 113.743 144.326
119.508 116.483 144.416
122.763 116.438 145.124
155.286 86.1567 125.233
151.252 85.6104 124.987
118.557 121.211 148.093
99.5823 51.1671 105.626
100.38 105.972 137.157
122.202 155.895 142.34
131.648 93.1633 139.019
104.722 167.88 136.849
169.502 121.317 124.717
167.196 181.871 83.5041
121.298 108.76 140.635
136.938 105.067 140.502
139.47 107.807 142.384
140.136 62.2681 54.3237
116.428 88.7979 135.153
151.321 134.469 139.135
87.6992 200.329 73.988
84.9534 199.504 70.664
90.5468 202.284 75.6734
86.4837 200.773 64.7595
79.4225 103.684 123.837
169.064 127.303 38.7639
137.319 119.12 146.054
138.78 119.851 146.346
142.285 205.014 72.9852
136.788 71.5059 126.774
71.4741 87.3252 106.29
186.774 119.883 47.0073
185.539 113.415 51.0961
142.04 159.392 138.225
140.916 99.9123 136.525
140.777 100.825 136.972
96.0093 107.517 136.334
97.0946 107.571 136.875
180.491 108.522 104.681
181.601 109.997 101.848
183.29 110.554 97.9522
163.773 154.315 126.376
185.9 139.538 52.8242
187.361 143.385 56.8485
188.762 139.845 62.967
172.47 177.378 75.7216
112.461 181.214 125.96
121.295 59.7837 119.327
159.174 102.61 26.7608
75.5061 86.4286 109.474
152.956 130.694 137.523
151.515 128.88 137.856
145.14 67.0294 55.6452
52.861 143.525 58.689
53.4542 145.075 61.0402
52.9261 141.784 56.684
92.312 130.323 139.413
126.307 66.1355 123.73
142.536 80.3324 127.451
149.632 116.399 137.032
128.181 110.036 143.992
139.464 90.3404 133.362
137.85 52.5581 59.1819
135.827 50.7935 60.4201
57.7078 132.482 88.7046
53.1231 134.533 83.8566
113.356 87.1911 135.833
114.154 86.8473 135.872
135.16 44.3417 66.7549
137.966 131.58 144.132
160.711 124.613 131.418
68.0432 88.3404 58.1227
72.7336 85.3626 56.1991
73.3128 84.6592 47.049
58.8928 146.726 103.031
60.0237 142.201 109.531
113.157 112.201 145.869
74.1335 81.9354 105.676
98.5625 90.6755 130.876
97.5507 91.6525 131.138
97.7337 94.6475 131.773
96.0839 91.1013 129.911
94.4716 93.9751 129.817
98.2009 92.9678 132.153
100.016 94.5582 132.762
137.931 76.7769 47.5603
98.9869 113.349 139.766
111.547 50.7316 111.022
134.172 82.9825 132.354
135.5 83.8624 132.846
140.204 98.3476 136.201
140.228 98.0023 134.823
155.409 45.9614 77.3651
117.269 56.2718 116.981
116.17 58.9807 119.764
111.382 59.6315 119.403
119.343 74.656 128.982
121.278 73.8775 128.724
62.1019 92.1064 86.9322
63.7415 89.9746 82.3337
102.316 95.5199 132.994
53.2834 141.689 53.6332
55.1126 138.993 49.6062
161.542 153.995 127.505
140.294 101.615 137.791
139.429 101.369 139.307
137.528 102.815 139.785
179.441 162.334 95.5056
95.4249 110.907 135.433
96.8099 143.873 139.509
156.359 176.352 119.544
156.985 180.774 113.957
155.61 171.915 121.268
78.5596 88.0942 115.603
81.5728 85.7517 115.727
76.643 89.0711 113.432
101.978 73.4995 53.3828
134.39 101.676 139.766
150.733 114.748 135.516
143.056 104.895 138.382
143.879 103.674 137.989
160.613 119.421 130.909
159.179 116.995 132.07
115.212 112.413 146.111
64.8526 90.7983 64.7374
62.844 92.7172 65.4433
64.3787 92.1151 65.6282
63.6217 93.1198 67.741
62.6426 95.9698 63.1427
66.1003 90.3934 64.5844
66.8469 88.5842 66.6537
59.106 97.8233 66.4108
64.7064 93.2516 70.5531
128.069 96.6613 138.792
129.352 98.2624 140.184
129.275 144.824 145.246
129.514 144.2 146.899
166.875 92.2025 32.3988
72.4049 66.2155 84.3267
71.1926 181.664 75.3417
72.6475 181.43 83.7362
80.8376 50.9291 80.231
178.129 103.632 104.624
178.343 104.662 105.661
179.457 105.753 104.782
106.72 112.121 144.839
107.936 110.233 144.784
127.676 89.037 136.639
149.644 124.802 136.893
66.578 86.5243 76.2286
85.2648 196.134 76.9295
82.7576 194.848 79.4326
82.3607 192.031 83.1059
76.8561 188.316 82.1363
175.529 96.506 104.631
175.672 93.3334 105.816
181.147 105.817 103.616
54.5183 148.164 62.1027
55.2075 152.25 62.0166
56.7912 157.035 66.906
59.079 164.044 61.7816
134.615 85.5555 132.977
73.5114 108.18 119.937
85.8311 148.972 9.51982
81.835 149.08 11.9327
88.866 149.473 10.66
90.0946 145.464 11.0284
94.5265 141.032 16.2024
94.518 144.883 13.1254
98.547 136.699 23.5109
94.6328 131.006 35.8588
128.172 73.9849 130.713
90.1132 117.879 134.014
104.032 112.281 142.605
89.5555 91.3389 126.301
88.2735 91.8815 126.042
87.2197 92.4756 124.897
85.3845 91.7843 123.595
166.812 152.87 123.533
169.397 151.827 119.34
170.573 148.471 124.412
74.1616 60.4625 77.9578
99.7415 88.909 35.2034
101.593 95.0862 38.3596
72.166 152.007 121.765
72.4221 159.729 120.54
73.266 147.313 123.556
181.07 87.5382 80.9356
180.44 88.951 82.944
153.391 159.76 133.109
153.161 159.159 133.556
153.004 158.132 133.759
153.347 159.3 133.154
152.69 158.547 132.854
152.272 156.846 133.541
151.488 156.886 135.286
149.191 156.022 135.277
152.673 159.254 132.933
182.675 102.961 71.7073
184.196 108.57 67.6514
102.812 195.508 106.553
185.382 151.379 72.5252
185.616 148.517 67.526
183.979 153.828 68.3176
71.8737 145.67 23.6226
103.849 96.1423 135.845
102.613 96.2066 134.934
100.304 96.6247 135.159
76.4751 137.643 36.2711
85.2047 133.495 34.0447
177.69 98.2087 105.811
177.088 97.2279 104.532
177.036 98.8881 106.394
106.576 81.6292 131.606
178.381 104.676 107.52
177.418 105.579 109.823
99.1475 67.6322 117.363
96.1188 85.938 128.789
185.481 149.299 88.9436
183.489 129.959 82.8125
184.517 133.809 88.1937
180.458 79.5945 85.2916
177.469 75.6258 86.9933
101.281 85.7024 130.682
101.43 182.437 124.395
145.488 115.608 140.059
146.018 96.1081 132.074
119.348 201.793 94.7729
140.255 63.9362 120.348
140.845 60.387 117.497
115.804 115.692 146.39
116.99 117.619 144.767
172.042 104.08 33.2849
165.968 108.754 28.0937
171.999 110.869 31.1945
176.471 110.427 115.558
121.077 43.6111 85.9611
113.335 79.8683 130.854
169.535 174.477 92.8604
77.9667 109.71 123.124
78.1613 109.721 126.184
148.452 118.112 138.175
121.519 127.226 145.415
123.81 129.201 145.305
119.827 126.98 146.74
117.977 129.204 146.75
108.255 174.256 133.239
144.63 186.787 38.9412
92.1386 172.969 127.538
96.0475 176.707 125.118
156.22 160.958 130.772
88.3409 93.3737 126.585
130.923 91.2122 137.621
131.255 90.5784 136.095
131.13 92.34 138.188
98.1871 106.925 136.388
86.7423 73.6587 113.494
84.4966 74.6499 108.315
139.608 99.2813 136.858
85.4705 177.391 22.0597
180.947 115.273 107.041
182.458 88.4704 82.3151
146.822 116.57 138.524
146.045 116.57 139.498
139.858 62.0719 118.891
136.948 61.1569 118.268
179.11 84.983 89.9059
166.55 81.2032 108.189
166.493 76.3831 107.228
170.212 77.7455 101.882
140.858 50.031 104.447
142.034 50.0583 105.262
139.816 49.8231 104.193
139.532 48.4221 103.625
137.178 46.7789 102.493
141.564 51.9186 105.667
142.351 53.434 109.242
143.249 50.7831 104.046
142.825 49.429 103.762
139.141 50.6879 105.163
178.113 100.853 105.668
104.708 113.372 144.37
63.914 128.962 113.032
61.078 129.273 108.551
157.11 61.8135 58.138
123.71 140.226 147.28
123.559 138.069 148.684
85.7911 192.414 96.5994
181.143 100.864 95.3151
148.271 167.009 132.063
181.579 107.863 102.681
181.861 107.921 99.688
141.572 136.652 140.128
104.62 184.364 21.0693
114.829 86.421 134.911
115.66 86.4863 135.348
112.012 102.987 141.305
171.878 70.1583 91.8627
82.0017 89.0892 119.492
73.7706 90.8884 114.565
66.2903 94.6077 104.819
92.4617 180.953 121.068
161.818 188.735 59.6444
120.593 78.2676 130.335
137.515 75.6036 126.812
65.9546 89.4208 65.7469
126.201 137.383 149.526
126.438 132.889 149.397
127.776 139.538 149.093
68.8895 102.248 110.79
118.26 138.138 145.56
147.404 102.801 135.969
79.1157 122.91 128.656
142.899 95.9098 133.72
125.291 94.4762 45.985
180.813 83.8359 85.9254
140.714 48.3954 102.766
107.186 135.719 145.38
109.624 140.131 144.017
158.354 63.4966 102.56
156.751 66.0205 106.185
128.844 63.2787 47.3932
57.6866 112.96 87.9062
93.3135 106.762 135.292
135.79 42.7046 69.0722
141.108 42.6874 71.3448
136.844 41.6784 73.2599
132.017 40.5238 75.6362
132.688 43.2668 67.9721
117.455 112.361 144.886
115.748 130.765 148.416
68.8025 83.5193 70.2086
104.48 50.3537 60.211
181.565 87.566 76.7846
180.979 86.6775 75.5571
100.786 89.0661 131.535
177.342 100.7 102.798
94.558 108.485 135.449
94.3271 109.937 136.027
91.9266 110.383 135.273
93.6434 108.425 134.796
93.0709 109.917 133.96
92.6211 108.539 133.754
91.9987 109.672 132.736
90.3022 110.159 133.489
89.6153 111.146 131.195
87.6733 108.702 131.278
120.317 151.632 143.318
113.838 90.5873 136.932
113.028 89.9744 135.98
113.75 91.5779 136.239
80.7084 193.374 71.2299
78.574 192.69 64.8824
110.307 43.6283 64.9522
103.508 158.219 141.745
105.899 111.444 143.782
107.197 110.91 143.8
171.256 63.7297 82.8392
69.1056 178.059 71.2193
65.0263 174.732 65.5919
64.992 173.09 73.423
101.156 98.6588 135.802
175.667 108.252 113.881
113.837 95.2922 137.837
59.5836 102.731 51.5301
155.474 167.544 124.384
186.378 124.305 51.8599
186.406 121.77 54.2292
185.543 117.559 52.8718
185.95 113.368 57.6662
185.801 121.939 49.5117
187.864 123.303 57.8355
187.611 119.271 62.8091
95.606 97.1922 131.681
123.969 100.331 142.239
122.366 100.667 142.535
121.136 99.9953 140.703
93.028 113.966 135.301
138.958 45.1593 63.0683
142.616 44.4204 66.6842
105.062 197.114 98.0647
186.682 130.666 51.4186
186.959 130.133 52.4381
186.464 130.302 50.5618
186.292 131.334 49.5756
187.081 128.939 50.23
186.872 130.205 47.9468
186.833 127.846 45.3206
186.97 131.316 53.0823
186.058 129.894 54.3007
186.372 131.944 54.4722
168.1 159.508 119.364
65.1856 83.6281 77.2484
150.842 162.78 131.419
149.882 165.253 130.68
151.343 162.6 132.694
149.431 162.864 132.733
147.203 164.455 134.987
134.005 203.298 49.5578
110.224 83.9467 131.787
51.4774 139.631 58.3726
51.5302 136.262 56.9956
53.515 131.095 56.6783
113.861 81.7681 132.013
114.499 82.9597 132.802
63.7465 157.198 103.19
64.4724 159.874 105.402
72.6528 70.609 60.1376
72.399 69.3515 60.8439
71.8968 69.0324 62.7024
71.9186 66.5406 64.0804
73.7127 71.3703 60.148
73.5145 73.61 60.6022
75.4089 75.7378 60.6075
71.8293 73.3947 61.131
168.495 59.1114 70.6474
155.546 187.008 109.085
150.462 117.874 136.482
150.432 118.964 136.875
130.463 118.074 147.707
161.931 133.99 133.817
112.128 78.5727 130.33
148.015 115.478 137.963
148.183 115.066 137.065
149.539 114.088 136.93
168.277 156.375 119.594
164.324 158.326 124.04
104.117 113.499 143.773
104.001 114.57 143.34
102.881 116.234 142.449
104.515 114.327 144.159
129.455 103.617 142.681
120.502 124.944 145.767
119.93 126.157 145.682
85.5834 99.558 127.562
83.9286 99.2248 126.915
84.2829 97.0861 125.984
83.0037 96.3835 123.535
130.354 81.065 132.164
58.385 105.315 83.9604
116.442 110.505 145.073
124.21 135.038 149.016
117.233 87.8014 133.881
117.271 86.5897 135.002
97.7181 105.544 136.127
170.455 63.5787 80.9
171.197 63.0418 80.2533
171.213 61.4347 79.8845
172.295 63.7499 80.6604
173.191 64.4983 78.8013
174.937 67.7789 79.6071
170.52 61.9349 78.1663
171.051 60.2623 74.7604
179.414 79.3634 70.3377
177.917 72.9954 70.1587
159.265 83.8666 50.1582
178.307 106.658 108.241
53.8998 128.796 78.4644
51.1892 128.046 69.7297
56.8937 139.784 93.4001
56.2936 136.983 97.813
74.1566 187.44 62.3398
148.205 47.8055 64.7414
117.932 73.2473 127.758
115.868 73.2387 127.835
112.672 71.5593 127.474
52.2859 117.379 56.1269
114.304 78.547 130.421
116.263 77.138 130.385
70.9591 178.393 93.0338
103.622 56.1041 113.759
135.018 74.5378 128.261
111.193 76.9151 129.624
111.632 75.8422 129.536
112.52 74.2154 128.603
113.252 75.7386 128.951
110.615 73.8206 126.387
108.567 160.851 141.931
104.836 97.9729 136.645
105.386 98.316 137.758
107.267 99.1075 138.541
106.405 99.6556 137.008
103.579 98.2824 136.903
172.59 145.523 119.097
68.8008 77.0441 77.6122
177.097 115.544 35.9565
152.432 172.561 125.358
149.504 89.3472 129.778
150.323 88.5061 128.719
149.266 87.3299 127.188
182.341 148.731 100.059
65.2805 80.7037 86.5429
66.0184 79.2793 83.7291
58.7497 145.49 91.428
57.6084 141.987 90.3321
88.489 77.6174 55.735
84.993 80.6818 54.8838
79.2364 83.5191 54.4072
115.091 85.7164 134.774
115.551 84.7737 134.501
147.839 91.244 130.724
148.322 91.7003 131.741
148.756 92.9728 131.503
147.478 92.9417 132.918
146.089 97.2527 133.719
144.804 95.8456 133.909
175.879 121.363 37.0791
67.039 115.96 36.4057
64.987 123.649 38.0723
183.669 107.112 96.4962
86.376 61.0794 100.164
88.6988 60.2453 103.056
90.4308 91.8193 127.138
90.113 93.3044 127.342
90.6672 94.1277 129.784
149.387 89.7344 128.879
103.194 119.066 140.856
184.111 120.345 79.5085
183.271 116.941 79.6257
178.141 69.8366 75.9105
159.448 95.9411 126.247
93.7327 85.2786 126.228
130.065 210.4 65.3869
139.206 207.532 59.4143
123.512 210.485 64.5649
135.552 119.431 147.192
98.993 105.182 137.026
127.752 92.3887 137.729
126.264 91.9113 138.674
124.067 93.2459 139.22
122.187 95.3973 138.771
117.224 110.486 144.121
86.8516 99.3513 128.251
87.5692 100.931 128.484
88.843 99.278 129.191
143.888 94.2745 132.904
153.434 155.806 133.105
153.528 153.478 134.415
155.083 156.278 132.587
152.077 152.815 137.22
99.658 48.9142 62.3827
95.6016 46.6425 65.9553
147.484 115.521 137.955
147.451 114.893 137.982
147.351 113.969 137.941
148.311 113.66 137.102
146.949 113.643 138.937
146.662 112.287 138.693
146.588 110.657 137.698
98.0082 63.2072 115.131
100.204 63.8938 116.823
104.416 61.3092 117.679
71.4116 70.4116 62.0331
67.9798 80.6921 68.7211
142.487 93.9723 45.1294
182.692 156.372 87.3086
131.736 90.6114 137.117
132.367 89.7921 136.221
133.767 91.1738 135.66
98.8222 43.8286 70.9465
135.947 86.0677 133.979
135.813 85.5214 134.008
135.867 84.8842 133.578
136.092 84.5364 132.779
136.472 86.0157 133.92
136.842 86.4427 133.049
181.097 88.9205 76.7011
151.233 119.082 135.934
153.532 120.071 136.104
152.555 117.832 135.577
156.188 121.359 135.851
147.518 171.934 129.018
145.247 50.7235 103.967
146.35 53.069 104.329
148.702 53.2619 102.46
151.763 51.9744 100.227
149.011 54.7572 105.428
151.48 57.6268 108.161
155.12 54.6289 99.6358
165.416 117.007 129.392
116.093 199.918 47.0588
135.198 54.4453 55.381
132.637 52.3907 56.8027
128.282 50.4245 59.1009
128.911 53.8453 54.0346
95.8978 125.511 139.558
134.179 113.03 144.27
110.752 113.618 147.555
147.518 131.523 139.484
186.594 127.851 55.4154
187.295 125.874 57.1493
187.241 126.564 61.2507
85.3911 65.965 102.087
82.7163 69.3172 101.091
87.1573 64.2886 104.737
153.404 102.534 133.51
114.617 86.9103 135.57
115.182 87.4057 135.747
129.944 41.4503 69.4674
125.22 41.6549 68.4531
122.668 41.9417 63.486
66.5131 90.1478 67.1463
67.5928 89.0591 68.4928
69.2818 88.7429 66.7572
70.2419 85.6344 65.6714
68.5538 160.061 42.8658
147.179 112.047 137.213
148.759 121.314 138.483
163.593 85.7181 114.698
161.334 82.7476 114.743
177.176 99.0175 105.568
176.904 98.2641 104.825
64.6841 156.068 106.83
144.85 120.5 141.839
124.411 88.6526 139.133
153.76 69.2854 55.527
156.953 69.1303 54.5542
140.193 104.577 139.082
138.754 104.804 139.471
140.543 104.465 137.528
141.087 104.005 138.574
134.836 118.445 147.77
117.62 78.9855 130.791
115.855 79.3021 130.935
87.5597 194.205 47.6849
116.494 98.9462 140.551
122.421 47.8589 106.684
116.987 92.7746 136.809
117.878 93.8555 138.141
64.1776 92.3454 63.0307
181.353 85.8469 79.6084
106.793 41.8491 83.6677
111.93 41.6856 85.669
84.5934 194.06 87.0196
63.0043 98.3289 45.2422
140.777 106.995 139.809
153.825 159.101 133.065
154.23 158.587 132.952
142.122 45.2712 96.2361
148.326 42.4954 92.035
153.461 160.26 132.572
153.095 160.655 132.225
152.758 161.227 132.717
153.421 159.955 132.627
153.005 159.924 132.728
152.526 159.847 132.996
151.827 159.293 133.594
150.611 158.783 134.329
149.636 160.246 134.742
147.909 161.41 135.689
144.549 162.456 136.293
140.769 164.503 138.665
124.859 177.361 130.69
143.445 63.8905 54.8958
176.273 162.057 45.6736
100.363 193.387 46.0265
93.0693 187.37 41.0253
112.274 67.7158 126.331
111.755 64.1421 123.554
178.799 110.982 107.916
177.896 110.134 110.608
136.414 83.6395 132.648
136.349 83.4589 131.224
136.659 81.0764 129.776
138.533 83.4031 130.271
121.023 110.234 142.706
120.698 112.262 143.021
120.841 108.936 142.028
118.899 108.594 141.316
120.093 109.942 143.67
122.254 108.111 141.814
162.553 152.342 129.346
160.674 152.345 132.018
133.672 208.365 61.215
132.053 208.847 54.0247
184.104 124.065 99.3994
147.796 140.782 139.891
150.524 143.016 137.352
146.045 144.089 142.089
143.011 147.605 140.444
169.437 172.051 106.751
166.889 169.59 111.292
163.776 170.9 116.636
53.2394 138.589 52.3569
139.238 57.9576 113.548
94.56 58.0867 61.1191
103.535 44.8245 65.4445
130.639 143.851 146.179
149.725 118.29 137.633
150.433 118.951 137.873
149.61 119.05 137.193
149.253 117.861 138.179
157.939 161.277 129.606
159.347 164.266 126.937
158.052 163.285 128.535
156.488 165.412 126.948
158.484 166.278 124.509
183.558 153.309 80.5175
81.2347 63.4784 97.8548
110.413 41.3339 65.958
152.094 135.568 136.373
132.65 106.25 141.903
130.986 107.099 142.461
129.063 107.743 143.261
145.72 105.332 137.21
141.587 110.093 140.82
103.801 140.036 16.0838
131.973 91.4976 136.351
108.746 153.87 144.344
109.872 150.917 145.938
140.199 98.7798 135.692
73.2826 165.24 20.3589
89.2045 89.2199 125.748
85.5291 199.412 73.1099
83.4975 196.436 72.1838
136.078 70.4883 127.05
187.315 129.789 64.8684
186.657 135.019 64.8485
186.932 132.835 55.8832
188.414 135.005 57.2156
187.74 131.664 58.0575
188.29 137.661 59.9111
139.159 98.6343 136.518
139.331 98.5368 137.558
127.159 42.7468 76.935
127.844 102.056 143.303
158.239 178.838 117.143
159.751 177.278 113.172
117.939 92.0951 137.485
137.269 117.965 146.602
138.154 117.167 145.867
139.05 117.278 144.595
137.064 116.547 144.795
137.168 115.039 145.813
112.978 78.3869 129.251
181.804 86.7266 86.7737
120.768 107.188 141.92
51.7731 128.961 61.9828
51.5116 134.055 66.5142
146.152 44.7556 70.849
134.992 106.727 143.042
104.428 187.355 121.215
180.821 116.305 109.376
180.427 118.018 110.519
178.787 121.623 110.919
177.686 128.755 113.691
179.708 120.069 108.893
179.084 116.21 110.57
177.088 115.896 112.297
175.498 114.147 112.968
105.647 94.7193 134.446
111.46 161.655 141.588
153.998 117.28 133.804
163.383 184.265 49.684
159.115 185.095 44.1565
161.465 178.244 40.6954
154.178 159.386 132.832
130.157 150.798 144.337
130.518 155.424 143.474
93.7849 193.097 45.8364
110.885 191.719 46.8516
108.321 191.341 41.2751
114.052 190.25 35.3754
112.565 196.446 45.3497
105.954 144.194 144.286
135.341 70.1 126.065
135.212 69.1597 125.93
135.915 68.3924 125.06
135.61 70.3574 126.607
136.429 67.4758 123.88
135.078 70.6572 127.138
136.297 70.3476 126.372
137.007 70.0333 127.055
134.2 69.2422 125.614
132.505 68.3902 125.423
98.4005 74.4087 54.6757
99.7605 74.5988 52.3902
91.6107 59.5973 106.738
92.3153 57.9753 103.351
145.155 85.0991 128.007
76.9201 99.1842 120.038
174.421 96.9768 110.478
117.266 84.0232 132.809
116.79 82.3859 132.934
118.238 81.4896 132.219
118.438 84.5878 133.836
120.755 85.1519 132.682
58.3341 113.485 97.9706
61.8178 115.592 102.789
66.6085 83.0797 87.6912
134.689 81.2905 131.26
93.3471 105.462 135.148
92.8738 103.715 133.213
74.7183 113.048 121.354
108.402 39.4578 74.085
108.444 40.5127 70.978
109.86 39.8907 76.9646
105.253 41.9928 70.8908
90.4559 98.0022 130.528
92.4063 103.786 135.078
94.2345 101.447 135.844
149.473 116.097 136.078
150.538 115.957 135.489
151.584 116.833 135.971
149.485 115.037 135.336
107.103 66.8204 52.5365
106.526 70.7257 49.2411
103.701 63.8924 53.6528
101.524 62.1371 57.6402
161.829 87.2105 118.678
159.44 85.0476 117.649
105.964 110.099 143.06
180.683 160.61 54.3708
63.061 92.7945 63.9478
62.4714 94.6305 64.7226
62.2216 94.0184 62.4384
60.8754 96.0033 60.9252
62.1079 97.5146 65.7613
60.9204 101.033 65.9355
61.5962 103.339 61.9852
99.4436 107.125 137.155
108.256 103.332 138.366
167.442 174.271 48.0111
154.777 114.315 132.699
68.6511 173.217 95.0714
152.289 119.752 136.27
151.974 121.942 136.644
150.554 113.06 135.943
151.162 111.068 136.73
150.677 108.779 135.661
95.7128 77.0769 120.636
184.685 143.3 79.2252
183.261 139.187 82.6303
141.495 105.289 138.482
141.863 104.486 138.808
148.962 117.339 137.025
112.577 85.8379 134.523
113.005 84.9888 133.932
112.895 84.2208 132.654
111.604 85.9152 134.707
110.848 86.6335 134.104
182.888 153.44 87.1921
182.721 154.661 84.2024
180.003 158.508 83.183
183.276 154.832 89.9242
179.614 78.244 79.2294
179.071 74.7156 80.0389
127.209 74.5443 131.529
166.081 86.0116 113.698
110.097 86.7053 132.936
92.2606 78.2127 119.849
90.5696 78.1911 119.387
103.071 45.2619 68.0508
100.11 45.6386 68.8118
96.955 44.625 68.2724
93.1244 45.1281 68.5158
104.767 39.4452 75.0497
104.445 41.9444 74.5576
181.753 112.053 103.026
148.975 98.3349 131.141
155.207 71.6775 54.1549
153.034 76.2627 51.6688
156.556 75.3639 53.3548
144.637 44.5046 92.8575
144.774 41.6904 89.2059
147.661 43.7404 85.4245
97.9957 60.9201 113.558
100.331 57.9649 113.936
96.0105 59.0506 111.952
167.697 55.981 72.7512
165.145 51.7948 70.7686
67.4836 78.7421 70.6779
148.489 46.2169 94.8167
152.685 45.8735 91.1451
147.897 156.811 137.521
101.458 113.926 140.203
163.226 157.934 124.322
161.828 158.963 125.62
160.508 161.28 126.171
128.397 125.386 27.9713
138.181 98.4302 136.654
136.998 96.8998 137.204
138.069 97.3237 137.011
136.02 98.046 139.539
136.727 95.3987 135.663
166.028 115.463 31.5387
103.134 64.0317 117.517
104.436 66.4474 120.383
150.39 92.6242 130.469
176.127 91.082 67.4226
61.7907 153.048 100.972
59.656 154.019 97.1906
60.9488 156.252 93.0777
175.869 89.315 105.151
172.828 85.241 105.826
93.7441 123.745 136.962
91.758 123.196 136.25
147.188 106.303 136.458
147.828 107.961 137.506
178.901 139.05 41.3947
172.123 170.612 96.797
175.348 169.335 98.6421
138.65 46.8331 103.559
136.202 56.335 57.3176
83.7914 180.867 112.459
67.4977 89.1901 65.2941
87.8329 170.329 12.6005
95.3112 168.715 10.4185
82.5262 172.25 17.5017
115.066 91.9222 135.274
172.143 106.273 119.189
93.2013 199.255 88.9521
96.9526 201.529 85.7228
96.3857 200.277 90.5269
99.9183 201.384 88.6337
106.913 201.542 91.9753
177.967 73.9138 83.6109
180.235 112.074 106.648
180.796 110.835 106.885
180.642 109.489 105.982
181.715 88.0186 78.7537
182.263 86.965 79.5722
180.151 87.3951 78.7117
180.942 87.7106 78.733
180.56 88.684 78.3293
163.912 162.2 122.386
133.248 134.521 147.5
92.1396 171.436 12.0394
94.5831 176.201 14.0973
100.816 179.66 16.5633
136.841 121.478 145.929
138.395 121.821 145.807
138.794 123.127 144.275
100.074 46.5267 96.5183
115.078 84.7243 133.459
89.0218 77.3738 116.291
89.0721 74.8437 115.876
132.162 93.0848 137.792
132.282 94.6454 138.466
133.558 93.7976 137.119
134.101 95.5146 137.874
134.292 93.0287 135.504
85.9644 101.467 127.637
86.9682 102.383 128.428
87.0821 104.546 129.839
84.6771 101.608 127.039
83.0708 113.672 30.7733
80.1059 118.534 36.1321
90.7025 80.4904 119.652
89.7973 82.4202 122.488
66.951 148.951 116.868
67.7084 144.046 117.143
65.4069 151.447 113.165
64.2924 141.825 113.936
170.363 61.8066 76.0496
171.469 64.0827 74.0089
155.212 134.856 137.686
157.987 135.381 134.522
139.122 96.0807 135.491
139.203 93.3067 135.168
106.126 63.8331 118.532
108.492 61.511 119.479
140.777 99.4545 135.987
140.443 99.5733 135.642
140.461 99.4452 135.995
140.227 99.7558 136.094
140.383 99.0813 135.865
140.71 98.7727 135.606
139.666 99.7726 136.43
138.641 99.9398 136.983
61.24 152.005 106.034
60.0049 150.063 104.04
151.963 159.667 133.135
151.537 160.15 133.417
150.843 161.086 133.626
128.876 68.8747 126.508
127.48 118.869 147.812
131.699 145.066 144.641
131.847 146.43 144.148
134.216 147.801 143.182
132.491 143.932 144.282
135.433 142.641 143.01
133.773 143.931 142.555
132.725 142.048 143.692
77.2079 58.2548 67.9515
73.5478 61.532 71.8246
57.6309 114.857 79.0757
132.846 147.477 143.724
132.924 149.64 144.323
129.418 40.9498 80.9741
131.192 103.751 142.136
130.516 102.213 142.33
94.2755 124.775 138.613
93.8662 127.73 139.165
97.0428 128.779 140.379
118.124 184.23 30.8784
138.708 43.2206 69.6079
137.711 68.5046 124.043
138.751 69.8957 124.75
140.671 69.4371 124.315
142.133 71.3451 123.003
144.139 73.5352 124.851
141.241 68.7858 121.986
139.696 70.137 126.572
127.041 71.7385 130.254
106.815 104.414 140.278
123.08 89.2973 137.079
121.911 91.131 138.027
137.386 57.4003 54.9124
135.015 57.1911 53.0993
138.96 59.3161 55.8553
162.621 142.975 129.325
123.027 160.406 142.763
178.068 103.955 102.38
137.274 150.524 142.763
136.453 154.936 142.989
74.5875 71.182 58.5114
162.566 87.8096 38.1914
109.786 85.3117 132.971
108.704 85.2371 131.663
106.81 86.0775 132.162
107.811 88.5293 131.851
107.292 84.2458 132.526
133.02 83.3231 132.919
132.101 83.0416 132.821
131.419 83.9992 132.632
159.454 109.714 130.044
66.3309 129.042 116.489
134.489 131.452 145.645
138.837 55.892 56.14
138.581 56.4762 57.1249
139 58.1304 57.0826
94.2166 91.9228 129.25
114.795 89.4201 135.772
154.874 107.223 133.421
156.218 109.411 134.535
155.621 104.78 132.792
95.4929 123.168 139.926
89.9298 47.4159 67.8815
153.607 158.199 132.992
154.151 157.216 132.738
153.356 158.749 132.882
139.154 55.6225 58.3195
107.053 122.419 146.259
105.351 112.448 144.164
176.58 88.6001 101.108
187.815 130.936 72.3267
101.419 88.2081 132.008
103.121 88.421 131.333
103.705 89.9183 132.993
104.175 86.9711 132.324
59.9095 98.8224 94.3809
84.8544 100.687 125.474
63.3423 92.5547 60.6347
162.222 77.4423 109.418
160.603 74.4826 111.274
159.83 70.9268 109.002
168.612 88.0723 110.585
170.701 85.6721 108.774
112.419 105.771 141.093
117.926 196.081 43.0488
155.685 91.9489 125.623
156.337 94.8241 127.725
123.188 85.1415 134.775
74.3909 81.1296 62.2606
170.081 174.39 99.6771
134.384 96.8689 139.352
122.816 188.534 118.26
130.674 186.434 119.837
101.928 45.3541 63.5013
150.64 49.0637 97.4603
177.089 118.068 114.029
173.958 119.895 118.436
174.548 116.189 115.814
175.791 119.993 116.003
175.543 125.295 117.939
177.097 123.031 114.06
74.8302 66.6443 59.5013
77.3997 62.902 60.7817
107.873 123.533 146.863
106.853 123.132 147.102
111.037 133.699 15.4949
140.195 42.4894 88.4916
138.083 41.5246 83.9787
134.644 41.2358 88.5034
57.6335 139.807 102.363
112.303 54.0715 53.87
84.5327 197.295 74.7914
105.215 97.0757 137.816
117.483 190.801 107.836
118.415 195.233 100.409
162.45 164.306 119.927
72.9826 184.7 67.1227
179.777 125.198 112.19
181.137 128.378 109.354
84.4313 67.6879 100.733
81.9281 67.214 98.8903
78.3437 68.7351 98.0348
75.6406 72.2577 98.0141
75.9132 75.7384 102.077
78.0819 68.4739 93.7103
134.073 105.114 141.997
58.3182 101.912 68.9942
61.0568 109.442 40.3144
57.453 114.18 44.6166
63.0283 102.97 39.304
87.6389 64.738 108.576
139.21 87.1227 134.344
114.327 87.402 135.741
137.201 64.569 121.191
136.323 62.5591 120.988
107.253 124.27 146.475
106.862 125.392 146.745
107.254 125.056 145.961
106.747 123.67 146.536
107.104 124.796 146.823
107.788 125.186 147.153
107.751 126.334 146.746
100.728 123.343 141.19
100.341 126.616 142.275
100.378 120.431 140.75
165.352 178.969 101.598
136.751 86.3046 133.561
136.549 85.7332 133.089
137.334 86.4561 133.805
138.206 85.8044 134.037
137.208 86.0127 133.281
137.425 85.1811 133.189
138.141 85.0563 131.752
138.724 86.652 133.327
136.917 84.8192 132.529
139.381 86.0695 131.97
177.362 94.5175 55.1858
156.648 79.3315 117.777
145.802 112.628 139.874
144.426 112.83 139.178
143.296 112.978 140.815
141.886 115.144 140.867
143.739 111.316 138.842
141.018 86.5479 131.448
141.326 88.7695 131.727
143.439 89.7047 132.601
90.5886 151.577 8.15253
77.2632 71.3395 58.55
80.9564 71.2809 56.938
82.5573 68.0183 59.6325
87.4358 67.6432 58.0041
143.541 73.9881 52.5607
135.431 69.6643 125.611
135.435 68.9988 125.195
135.331 68.6217 124.241
134.59 67.515 124.042
134.509 66.1036 123.408
134.281 84.642 132.218
98.2176 151.482 140.852
95.7054 152.983 138.021
62.1463 88.8317 90.0374
105.956 125.758 145.992
104.598 126.922 145.485
137.754 205.82 65.341
144.074 204.567 63.1386
171.253 73.95 96.9084
162.969 71.0062 105.911
164.614 68.9157 102.053
168.483 70.8959 99.9995
136.327 82.611 129.897
135.229 85.1203 133.192
178.3 168.907 81.5392
165.114 182.671 53.0712
165.308 182.747 59.7185
171.478 177.296 60.959
134.856 71.8823 126.206
134.315 71.258 126.875
133.126 72.0291 127.175
134.296 71.7079 127.851
131.32 85.0449 134.012
176.817 98.0017 103.66
177.696 97.037 103.353
177.564 96.2161 100.567
176.746 96.3921 102.071
176.633 94.2697 101.273
176.83 91.8816 100.04
139.998 80.7505 127.447
151.535 133.055 138.204
160.825 65.659 100.667
164.486 62.6262 98.3873
146.663 116.219 138.087
175.224 142.487 38.8385
176.995 148.668 37.6323
139.936 191.377 111.802
187.277 130.52 51.8674
98.2606 101.964 136.337
54.0436 148.742 57.1809
56.0338 152.43 56.0016
57.6826 155.74 52.6179
52.9689 148.551 59.7798
172.53 64.2425 82.1141
173.282 66.3694 82.5725
172.519 67.1929 84.7011
172.704 69.1524 86.8283
172.35 67.8245 89.7209
169.915 66.2354 93.3103
169.034 65.5039 89.4165
173.082 71.2883 89.1491
175.234 73.7126 88.5012
74.886 83.7151 59.1954
99.6344 46.78 64.1662
97.3817 49.0715 64.7095
101.949 47.6766 62.3231
101.641 49.9323 60.5439
102.671 53.6276 61.4706
103.559 56.942 58.4802
100.288 51.9353 62.4647
136.952 85.8178 133.73
141.431 110.192 139.021
157.077 51.9216 65.5487
152.645 49.8941 64.9476
157.066 55.7056 62.6148
129.169 71.2528 128.521
130.443 70.7253 127.515
57.7908 127.786 90.8651
56.6411 123.6 87.8532
171.39 163.049 37.5878
169.219 167.444 29.073
163.966 163.707 14.3231
112.547 197.371 95.5907
129.27 82.7951 132.609
179.473 107.356 105.603
68.6591 169.556 99.8975
93.1484 50.5142 100.085
126.74 70.7671 129.427
91.4288 51.2916 95.3724
93.2467 48.2013 90.694
86.4325 50.6517 92.7927
94.5282 46.1295 85.257
76.0376 78.5203 60.8473
78.6814 77.8283 58.9273
81.9814 81.1336 58.4564
82.5619 77.1056 57.6501
168.386 83.7265 107.972
95.6251 68.7672 114.383
91.9957 68.3142 113.216
118.272 109.471 143.615
160.295 69.3688 54.7617
165.722 69.0414 57.6775
162.695 72.8566 53.8447
133.402 82.089 131.859
133.198 81.2858 130.277
93.2152 202.636 78.4498
98.2475 204.524 77.9215
99.1559 207.94 71.2706
103.739 206.955 62.9384
104.451 205.72 77.7976
112.942 204.312 77.15
120.054 206.362 85.0137
95.0276 201.235 81.9863
170.569 103.038 122.089
84.1976 103.04 127.327
83.6574 104.773 127.142
83.7009 105.994 129.151
131.715 82.1351 132.476
131.164 81.6175 131.696
131.769 81.0978 130.479
131.563 80.3288 132.125
130.243 79.0478 131.369
130.788 81.6062 133.374
125.793 100.405 141.899
126.633 99.01 140.4
126.247 101.666 142.182
126.36 99.0384 141.855
127.971 99.1762 141.402
118.444 110.346 142.349
95.1005 120.861 136.633
89.8583 195.205 94.8808
178.653 104.365 103.935
176.839 98.1419 108.734
176.834 99.0146 107.996
76.2388 106.443 123.067
74.8837 106.305 120.936
76.4907 106.362 125.594
94.0334 49.0968 64.2371
93.2539 52.6148 63.7607
88.9464 53.8364 63.6239
98.2355 82.6924 49.931
97.033 85.7474 44.7632
149.422 70.9925 53.2002
146.44 72.1487 51.6598
151.056 73.7101 52.3123
149.238 76.9085 50.9828
106.882 85.8687 48.2537
161.939 188.13 81.8612
155.556 195.015 77.5462
172.737 93.2321 107.919
163.456 122.934 129.274
164.825 124.512 128.581
165.501 126.668 130.577
165.723 129.413 128.61
164.838 133.452 130.254
165.891 126.256 127.371
168.273 131.018 126.75
172.526 133.402 123.123
170.06 129.283 123.154
174.04 129.229 120.364
182.13 147.771 46.6667
80.6757 183.664 102.513
78.8707 185.27 97.0311
94.9479 81.7236 39.3613
117.886 40.2485 75.1636
165.069 62.7625 58.775
77.5646 64.5352 90.5571
77.2199 58.4163 89.0366
66.1462 172.438 52.5287
66.9735 175.03 58.9254
70.2301 181.344 58.3025
185.509 151.992 63.9004
182.271 154.144 57.6029
114.476 205.982 68.8889
86.5483 96.9713 26.4257
184.77 113.309 88.6308
68.4243 91.3218 47.2959
109.025 93.8572 48.7576
124.229 186.667 25.0299
128.968 189.18 34.6387
119.328 39.7508 69.7934
178.548 162.157 100.883
156.6 189.716 49.3442
152.319 193.789 51.2369
145.05 195.34 45.8931
148.398 200.507 60.0124
154.121 197.636 63.4051
153.591 197.305 70.7838
61.7569 164.094 83.0368
176.618 154.488 111.338
58.1228 132.091 97.1568
56.0148 149.875 77.9653
54.0595 153.18 73.0779
57.468 158.549 73.0455
59.2412 162.873 68.4903
63.0339 167.052 88.8443
70.5303 172.638 48.8983
75.279 178.106 43.8357
173.338 169.722 50.9189
148.612 101.631 27.1805
142.814 105.795 30.4235
145.58 112.246 36.2741
136.586 119.233 39.314
140.085 98.9486 33.8099
113.385 167.31 138.934
114.831 171.392 135.572
79.3433 170.696 120.38
81.6902 167.265 124.714
82.4754 140.338 19.6117
66.8895 106.793 112.275
80.9764 77.9424 111.237
76.4682 61.6283 83.8504
103.466 100.732 41.9472
108.029 107.794 42.3424
102.187 114.562 38.8377
96.1093 111.228 31.3806
100.348 99.5456 33.1327
74.2722 149.055 17.9346
58.5296 120.306 40.7376
125.831 117.335 35.7532
117.333 121.96 29.2581
150.926 183.715 115.922
80.8339 180.473 37.8407
187.292 126.712 75.8471
62.334 150.747 41.5619
66.1566 155.289 39.6366
66.2422 151.934 34.3623
69.2956 153.182 26.8438
70.7956 115.064 32.7479
75.639 116.596 34.1305
153.969 179.247 23.2659
156.934 171.635 16.2453
153.902 163.412 8.8927
145.229 157.004 6.48806
145.758 144.753 8.6934
88.5824 111.824 30.656
108.088 191.303 35.2215
179.083 102.928 42.4912
180.411 140.671 108.416
184.66 137.718 105.502
178.344 138.582 112.56
179.498 133.669 113.992
100.014 124.611 43.366
165.767 121.384 35.8973
129.935 174.812 131.834
134.388 177.271 128.567
132.572 182.006 124.346
111.878 41.2173 90.9763
114.635 42.6517 95.1903
71.6476 66.5633 72.8534
126.805 210.068 77.6412
156.77 142.638 12.959
53.6636 147.827 73.9594
69.5019 165.967 108.179
175.848 174.381 73.0564
176.926 171.314 66.2332
160.797 190.088 74.3039
184.386 109.134 61.6566
181.624 104.248 59.9044
182.766 101.788 54.494
78.7481 166.446 16.0184
150.129 43.9916 74.2372
77.1589 55.2051 78.0371
56.9056 109.724 72.1184
57.2459 106.227 69.368
57.8317 109.31 65.2486
56.9757 113.864 68.1294
52.6047 119.399 68.0753
54.5096 122.535 74.526
55.1254 108.261 60.973
54.8712 107.526 55.2396
52.7564 112.424 58.3619
68.6358 146.571 34.7099
69.6764 144.974 29.0906
67.0392 142.243 37.9855
72.3026 140.48 38.6916
73.8797 141.664 27.1383
75.6923 140.849 20.5635
148.497 136.586 17.7255
149.165 134.992 29.1534
87.6609 184.063 112.31
93.4875 186.388 113.566
97.9608 190.615 112.818
63.099 128.136 40.0819
91.2224 161.882 132.454
111.949 198.869 49.7199
116.504 202.567 53.5061
120.844 206.951 78.3244
128.285 191.466 116.68
108.314 118.865 43.8576
118.363 117.272 42.751
181.427 157.579 95.0531
139.753 99.9867 41.3451
134.624 105.389 43.6894
135.838 112.014 40.6672
87.1775 161.123 128.88
83.8936 177.506 116.189
87.9204 176.8 120.082
107.177 182.188 126.29
167.962 161.533 22.2348
118.461 150.309 8.61858
71.7758 177.814 47.9456
76.0081 182.405 48.3219
110.674 50.1097 57.5103
104.821 90.5955 50.2127
109.162 75.312 47.6049
92.3493 114.486 33.4133
92.8182 121.448 39.0479
98.2378 116.27 34.3429
99.4642 120.157 39.0495
100.47 126.832 36.5254
100.651 132.622 32.2395
94.0011 136.758 30.204
135.85 140.325 12.6836
127.802 135.782 18.9271
62.9029 103.62 100.323
139.801 189.329 33.0435
138.223 179.662 124.444
175.164 78.3897 98.3831
185.623 142.358 66.675
118.214 189.929 115.08
130.228 196.848 106.106
124.813 201.416 102.305
173.513 163.813 110.812
122.611 192.403 42.0628
128.865 194.043 39.573
131.228 199.747 43.6733
138.658 199.326 45.0906
127.083 203.518 48.0225
123.734 189.424 37.184
123.993 187.475 31.2368
119.205 186.464 35.8644
129.063 189.414 28.6158
134.914 189.687 29.6678
134.604 190.473 35.4442
138.08 186.549 26.481
66.0558 171.405 90.5562
71.6449 181.881 51.7924
160.249 111.899 30.323
69.4452 160.615 25.0787
78.676 82.4539 48.5415
78.3147 84.9604 41.5318
83.1134 79.1416 45.1526
136.03 96.7291 46.5165
110.148 68.9308 46.2077
113.254 73.1687 44.6625
119.229 73.0741 46.3626
153.713 103.7 26.1266
155.617 108.936 28.1294
155.593 98.9758 26.5839
160.867 97.3555 26.7747
164.55 101.442 26.5701
113.73 158.222 6.56518
109.926 149.78 4.52169
171.205 153.775 22.3938
169.718 145.872 24.7608
164.971 140.786 19.8109
167.456 156.386 15.577
162.554 151.148 10.686
128.63 182.829 19.5441
171.579 78.3367 58.3159
165.499 169.466 20.395
182.846 105.931 50.8294
78.2489 187.467 49.6224
83.1594 190.076 47.2368
86.9528 186.078 43.4305
63.4651 170.363 61.3166
69.2487 181.91 80.012
66.7519 176.957 82.6384
155.692 48.1374 87.7635
156.166 52.5002 90.4621
178.738 150.442 42.9786
105.077 203.596 86.7264
152.037 67.129 112.955
177.213 98.5319 45.6411
160.509 117.057 35.2507
154.856 120.707 36.4984
117.101 40.5489 85.4986
107.426 175.107 13.239
106.358 169.866 9.47762
104.273 164.068 7.80392
117.572 164.782 137.873
98.7792 105.47 31.476
93.718 106.567 28.1629
90.0499 102.074 27.0945
148.253 200.409 73.3853
171.781 151.278 36.9128
173.985 156.652 35.1538
172.247 152.264 30.9814
72.0344 103.459 31.3258
107.354 99.0216 46.3739
99.6015 197.843 98.2626
59.4052 120.766 103.677
83.0001 194.291 50.819
87.4145 197.804 52.2606
86.3767 200.325 57.9378
91.671 198.128 48.4351
122.28 90.8461 48.8325
117.279 177.284 16.654
120.895 169.246 15.9782
129.751 170.885 11.0305
143.754 127.442 41.8023
123.632 120.567 51.8863
100.722 168.797 8.02474
89.004 142.978 135.51
91.7267 147.324 135.836
173.38 138.308 120.789
104.683 127.677 31.7863
111.078 126.292 27.539
110.58 130.847 22.0419
106.457 136.703 21.8435
116.344 127.891 23.7284
123.459 127.335 23.1694
128.54 132.168 25.2416
134.894 129.518 28.7851
133.666 123.299 33.3317
141.162 132.513 27.9298
144.78 134.428 22.7435
141.65 138.307 17.7438
151.095 134.586 23.1392
155.354 134.358 27.8514
153.33 132.844 34.4806
146.74 131.09 36.203
160.503 137.613 28.1172
154.364 136.542 18.5932
159.843 138.705 17.5312
162.61 143.501 14.7869
152.118 138.973 13.6355
145.902 140.314 13.2594
151.882 143.268 9.01929
150.1 148.764 6.45996
143.778 150.587 6.38052
138.25 155.21 6.32754
128.989 156.77 4.75294
139.414 146.297 8.6582
157.109 146.696 8.13587
163.691 136.777 32.6843
164.899 137.962 38.2322
169.643 133.693 38.9165
133.769 144.337 8.77247
127.516 145.317 3.55623
127.834 140.1 12.1492
123.544 133.251 12.5301
168.747 138.204 32.9607
170.649 142.412 29.7817
159.058 134.845 32.0916
95.3259 200.034 51.5323
97.5545 204.837 56.8579
185.039 114.31 62.8568
90.8478 182.751 25.5138
94.0792 187.579 31.3456
134.047 189.931 116.366
70.1938 162.007 115.885
82.7428 131.236 132.755
140.132 201.299 51.2947
136.764 204.983 54.5879
142.048 203.386 56.4624
150.061 154.301 6.23442
154.336 157.837 7.65483
159.889 160.692 9.99405
158.321 166.455 12.567
152.088 169.308 11.9463
145.911 165.86 7.17689
149.646 160.851 5.68511
159.305 155.521 8.18931
163.546 156.784 11.6034
141.639 171.549 11.5209
125.669 208.019 54.9538
119.99 207.678 55.9734
123.354 210.101 59.136
125.987 43.9401 60.0611
150.335 197.197 55.0064
147.193 196.192 50.7549
144.253 199.835 48.4346
129.56 207.491 82.7209
134.496 204.824 84.4517
136.775 200.566 91.4335
125.483 206.063 86.2441
125.31 203.765 92.5092
124.723 208.771 82.0525
156.244 86.5289 31.9841
89.9964 83.6064 49.6553
87.6864 79.8104 47.2247
168.283 180.062 72.5503
167.409 179.427 66.697
114.588 206.354 57.3589
112.797 205.977 63.1009
109.05 205.147 67.3263
123.638 69.9589 45.555
97.6535 183.442 23.0012
144.577 193.671 107.429
149.325 190.116 105.878
145.065 185.483 116.081
127.627 108.596 53.8888
154.207 83.4151 47.4854
153.319 84.1056 41.6669
155.75 84.3299 36.871
151.651 112.173 29.2881
146.678 110.398 31.1158
148.99 115.416 33.0734
73.6505 173.647 37.6486
70.2338 166.566 37.434
73.0147 97.9493 34.0483
72.8701 90.7536 34.2473
69.7799 96.0405 38.7921
65.4777 94.0083 42.1835
75.6724 99.5615 29.2409
65.6893 98.7207 40.2423
99.0493 111.124 35.9816
104.493 110.241 36.2844
107.647 113.154 40.1756
112.11 112.705 46.0265
183.071 110.176 48.1932
54.2973 129.146 52.0147
56.4948 125.803 48.8224
156.669 188.473 95.9203
150.561 193.285 95.7696
58.8973 124.087 99.9447
177.802 146.037 116.127
107.041 198.459 52.5991
174.183 126.103 38.601
170.698 122.269 37.5723
163.343 55.4766 65.5788
184.579 147.529 57.1879
183.388 151.072 53.4408
180.908 155.631 52.7745
180.776 159.718 48.5883
177.197 163.112 50.9681
178.713 165.138 55.3117
179.355 161.526 60.6067
173.303 165.251 48.388
171.898 163.867 43.6176
174.141 159.46 41.446
167.923 165.501 40.6389
165.348 171.227 42.1383
169.692 168.6 35.6767
177.425 157.126 44.6726
83.8647 137.665 25.6576
63.6658 157.866 43.7076
65.1203 162.506 46.779
68.6756 165.583 43.7497
60.03 159.039 47.3659
61.5642 165.103 52.3495
59.8363 163.154 56.7782
80.7806 72.5292 105.544
70.9071 180.317 88.3548
66.8418 160.345 37.6861
67.5873 163.71 32.9327
137.782 201.39 86.4459
143.349 201.52 86.142
149.687 198.987 85.6
142.931 177.397 123.212
149.497 192.395 101.124
130.793 201.857 93.1988
127.243 202.011 97.0649
138.996 197.785 98.0647
161.593 168.603 16.5245
161.274 173.51 19.6543
156.033 174.915 20.5713
151.991 174.689 16.4014
149.897 177.708 20.2299
145.004 180.916 19.7696
141.8 179.387 15.2892
138.761 175.523 13.4181
135.714 170.843 11.3066
133.131 176.1 11.8219
130.472 179.976 14.9999
127.764 175.824 12.7313
124.247 171.483 12.0481
126.028 165.036 9.90249
132.829 167.135 8.50895
133.056 161.159 6.62474
148.502 173.292 12.5345
114.612 181.214 19.6525
115.321 185.379 24.3332
109.448 182.722 19.3256
106.155 179.687 16.4141
109.027 185.79 23.5995
104.401 186.71 25.6325
103.23 120.327 42.885
103.497 124.262 39.6888
150.333 196.171 90.6867
154.733 193.219 92.1784
152.854 194.903 86.3011
151.66 196.424 81.1569
155.666 192.824 82.3473
159.364 191.847 78.9148
151.97 198.575 76.4697
129.579 169.394 139.445
160.525 107.471 27.7321
66.9532 105.686 33.675
98.4163 151.761 9.7094
103.773 148.977 6.91716
105.344 142.705 9.11605
99.6985 156.397 6.25182
79.0793 163.848 121.98
76.6591 159.327 124.1
176.78 71.4727 64.4356
163.316 83.4192 46.6307
165.051 84.4473 41.6163
166.247 85.3734 50.2792
171.417 87.3556 49.6893
171.711 89.0065 54.4148
168.532 180.289 77.8994
171.344 179.291 82.0365
173.662 82.2792 62.2728
117.249 207.438 73.7849
178.079 149.781 112.669
175.681 86.9473 60.3779
121 163.566 13.3381
115.834 167.299 12.5337
88.579 185.652 38.0106
85.126 182.36 40.2037
150.264 195.218 46.7305
147.952 191.115 43.8682
143.432 192.662 41.6618
151.178 186.852 42.9076
164.453 130.9 40.6016
159.206 129.221 39.2121
164.058 125.808 39.3532
168.78 104.386 27.4751
165.42 183.826 70.8216
163.212 188.512 69.3091
83.7034 83.5105 36.267
185.589 141.536 95.5076
185.276 137.243 92.5749
52.2538 138.687 79.5153
52.1765 140.796 74.5847
52.02 139.116 69.2963
66.0305 173.958 78.5455
64.6492 168.533 77.004
135.601 137.588 18.1341
132.832 134.858 22.4291
133.314 183.122 17.718
79.0774 89.8908 31.3654
83.6294 85.5714 31.4838
117.778 210.916 66.9791
70.4018 83.7976 102.886
131.74 138.148 14.8213
88.9578 139.207 28.2735
89.2512 134.843 31.0784
163.662 138.069 24.0295
74.9893 83.7631 51.7123
136.749 126.194 38.8803
143.503 101.141 28.1552
122.881 123.166 27.4063
121.947 118.314 31.0789
115.506 117.552 35.466
126.684 121.498 31.8627
130.422 119.572 34.8876
129.477 118.035 41.3982
124.255 116.372 44.1095
120.269 117.362 48.301
117.785 120.903 52.2675
120.756 113.942 58.7899
116.23 116.924 56.3813
113.604 111.313 53.7512
128.03 118.447 48.3378
126.683 115.088 53.8099
115.338 117.635 46.8868
113.085 117.322 42.0762
109.37 118.695 38.8874
121.168 117.6 55.242
112.439 106.309 50.9586
120.664 117.894 36.1103
111.471 107.099 46.0255
107.44 104.044 45.7007
97.3015 189.632 43.5706
97.282 189.658 37.7831
93.1943 186.279 36.12
186.707 121.324 67.5641
162.072 88.4561 31.4896
162.931 94.5754 30.4035
115.494 199.241 89.5609
121.535 202.07 46.8315
120.664 203.026 89.4706
128.122 160.584 8.192
166.249 170.192 32.2247
163.708 175.586 30.9104
164.963 170.633 26.4557
161.873 176.627 35.7176
158.699 181.293 36.7104
168.049 167.382 24.1881
170.258 163.395 26.2933
170.352 162.77 31.7721
115.966 136.176 9.80491
81.2755 179.809 43.4019
107.44 204.086 81.9382
140.146 114.722 37.3605
142.358 120.085 38.4388
61.9826 110.598 104.049
103.798 190.202 43.4421
137.827 205.97 70.521
138.12 206.565 75.6717
142.189 205.458 67.8818
141.263 203.048 77.5546
90.8981 202.25 59.2553
59.0712 156.561 88.4479
54.3148 118.347 77.4164
78.6769 190.126 59.4686
157.532 192.121 60.9398
124.773 130.661 18.3845
129.441 106.78 47.1175
120.268 49.5485 52.2794
117.229 203.183 80.9824
107.978 203.649 62.2261
104.572 204.526 58.529
104.162 203.209 53.6895
96.7772 128.545 40.6319
90.0721 127.666 39.6889
89.7684 131.619 34.8679
86.7916 133.624 40.7404
81.8078 135.898 38.3404
82.5104 130.429 39.1527
81.6981 137.519 33.1836
87.5221 122.869 38.9353
132.317 174.424 136.425
125.464 182.567 127.279
173.338 173.834 55.8662
175.976 173.765 60.9393
142.134 143.747 12.2725
122.427 42.2798 90.9006
114.457 98.3238 43.7446
182.624 108.358 72.9609
115.255 84.3606 45.7542
127.458 192.432 109.571
111.499 169.274 10.8171
117.87 108.778 57.2998
123.236 109.485 56.946
122.953 108.725 51.9489
89.1837 191.234 43.1966
183.766 127.971 40.561
94.3256 205.219 69.2487
97.5027 208.09 64.3625
89.3903 47.3198 84.6928
70.2684 150.846 21.6689
109.913 144.973 7.13597
115.535 142.238 6.8165
114.093 148.025 7.04009
114.202 153.052 5.04573
109.412 154.831 5.09824
117.867 155.392 7.85074
123.292 152.868 4.38554
119.893 145.458 6.67201
128.789 151.142 2.55147
140.586 160.658 5.70642
117.71 201.546 85.6979
68.6794 70.1072 83.5455
115.187 162.417 9.92978
74.0045 87.1941 38.5492
83.7594 164.784 128.554
78.9591 138.586 24.0058
52.3551 117.667 62.927
156.596 180.7 41.836
84.539 181.489 27.2222
80.1198 178.308 24.6585
81.9285 181.363 32.3036
63.4151 163.92 92.8278
91.7397 191.309 111.732
94.0904 184.858 118.329
96.9695 183.03 122.073
78.8914 175.948 40.2931
77.8656 121.563 40.5079
72.8526 123.021 39.4661
70.8573 127.483 40.8441
111.558 121.331 30.9873
181.835 153.761 99.5145
185.505 129.899 91.4063
128.597 185.121 124.25
120.096 58.5755 47.8194
76.6946 177.286 35.9649
112.948 55.7108 48.9699
107.682 193.505 109.245
112.903 193.334 108.504
115.231 194.902 104.31
112.659 197.024 100.58
144.093 197.054 95.8619
151.371 182.288 27.2511
141.362 195.254 103.823
162.014 174.817 45.5647
76.6127 169.255 19.8891
73.882 168.91 24.9878
73.8757 171.908 29.5932
71.5249 170.221 33.9381
70.0666 165.616 24.958
133.874 195.767 40.9866
134.12 199.235 103.406
53.9609 116.186 48.4805
53.4237 120.242 51.8297
116.967 172.281 16.6827
114.501 131.267 18.5885
117.089 132.299 13.7112
157.363 193.885 72.5841
157.215 195.259 67.4032
174.243 93.9453 40.526
146.238 88.478 38.7446
146.384 89.6956 33.7797
143.402 93.3085 31.8024
101.189 134.438 27.388
123.947 158.024 4.55907
184.142 118.931 71.7968
143.945 132.963 32.2703
60.6921 167.301 73.7814
139.535 122.852 42.3967
118.143 50.3777 106.026
121.89 45.3328 102.1
133.628 154.187 3.70474
164.419 185.994 86.9406
108.823 102.795 50.4177
122.663 182.258 19.5715
167.699 81.5815 57.3964
141.005 94.9284 40.0608
134.112 116.108 44.7658
144.25 186.468 32.2855
52.7727 124.266 66.8104
94.9902 185.346 26.8797
101.393 141.297 11.8678
108.47 137.938 17.1739
103.199 206.991 68.1217
102.074 138.852 20.6516
57.9921 109.875 47.1874
58.6363 107.65 51.6311
133.3 110.266 44.8326
73.3149 173.897 102.653
75.6839 172.44 107.202
55.1163 125.106 82.1115
59.3962 96.9398 52.3865
115.364 189.003 119.085
74.4331 155.852 15.1667
72.4593 160.725 16.8862
156.768 186.255 104.255
112.642 199.313 54.8913
136.446 101.99 47.3974
177.769 167.606 62.8786
152.387 181.218 34.1804
79.3935 163.985 11.5123
116.933 204.524 48.8934
133.43 121.499 43.3631
121.112 136.053 8.83138
108.937 42.1784 94.997
126.874 140.793 6.71975
132.076 139.453 9.23037
55.1651 127.743 73.342
85.6911 176.217 17.1123
169.692 180.844 87.7318
71.8162 139.092 124.287
59.9749 137.197 108.169
143.239 107.803 35.1439
137.288 126.817 32.4297
169.138 174.703 52.9151
93.717 137.731 25.1119
94.9556 138.034 20.2338
120.454 192.871 104.35
75.8132 184.934 85.9912
166.733 145.125 126.998
151.195 185.856 111.362
87.2671 139.891 17.838
93.9393 165.289 6.83589
102.122 180.328 128.91
111.554 137.444 12.0538
181.464 160.147 66.9705
140.799 90.3436 48.3537
147.365 125.782 38.645
149.477 130.676 31.8934
126.278 165.991 141.468
154.841 131.82 39.2222
70.5789 157.715 29.4994
85.9072 173.18 125.301
68.1957 149.655 30.2941
61.2942 146.884 111.099
115.763 188.434 39.9348
59.4252 101.767 46.5037
170.253 150.727 26.4629
81.878 53.9841 87.8646
165.926 160.629 17.7512
89.4445 180.47 21.1664
76.8134 180.461 101.231
119.904 169.851 134.832
119.524 200.795 100.354
166.536 151.846 13.6548
120.768 43.4241 58.8682
170.082 157.917 25.0017
106.949 189.686 30.5991
167.624 141.368 24.0325
117.29 182.091 124.396
115.166 188.36 30.7923
120.537 183.574 26.5057
101.494 89.6035 44.6678
157.927 178.712 26.6288
111.089 204.912 72.4853
135.422 114 144.368
133.337 87.2556 134.722
131.755 86.9561 135.105
132.548 120.116 39.5609
3  228 3659 3316
3  219 2286 702
3  2365 2286 219
3  3436 2486 2485
3  3436 2485 443
3  950 984 3466
3  348 3490 4318
3  445 556 617
3  2192 2732 872
3  2998 2915 569
3  2996 2998 569
3  522 2896 1362
3  3116 1478 944
3  3116 944 1292
3  554 196 2592
3  133 581 320
3  378 295 580
3  378 1978 295
3  2641 1181 1830
3  2641 1831 1181
3  2386 906 767
3  1385 3537 1790
3  1252 2068 1064
3  1219 3668 712
3  2688 2287 3621
3  738 2688 3621
3  2104 1719 288
3  2104 288 1230
3  1214 2565 2051
3  2052 1214 2051
3  263 1600 1845
3  3760 4056 1665
3  4374 328 375
3  3046 1758 2171
3  1422 2171 1758
3  3184 1141 1885
3  2497 1977 1978
3  2276 1977 2497
3  3422 3253 3244
3  302 852 3633
3  2653 1720 2652
3  653 2652 1720
3  1941 790 739
3  1931 698 3587
3  3331 3310 150
3  3311 3331 150
3  1746 540 2469
3  2468 2469 540
3  1866 1397 1104
3  1153 1600 3446
3  1283 2453 2519
3  3460 835 2724
3  3566 835 3460
3  3341 3343 1105
3  3342 3343 3341
3  342 136 4352
3  3273 645 824
3  3273 3274 645
3  3612 2736 3613
3  3280 1877 1201
3  1422 1758 3049
3  2231 1466 2233
3  2118 3677 73
3  2820 4402 4038
3  2876 823 1158
3  683 113 2074
3  683 1779 113
3  1269 2015 2014
3  2860 2619 590
3  2292 549 2293
3  2292 2293 2372
3  1504 1672 363
3  333 1504 363
3  2596 3040 3445
3  568 633 62
3  304 3728 1627
3  1354 443 1092
3  1003 732 1005
3  3702 3700 2246
3  2734 1237 2191
3  615 2191 1237
3  315 3944 124
3  343 1808 2291
3  343 2291 2134
3  1864 896 2751
3  512 1864 2751
3  1967 1968 268
3  1511 4021 3797
3  3785 861 148
3  2691 1200 543
3  469 1735 123
3  1414 81 63
3  3017 911 78
3  1697 911 3017
3  962 2576 998
3  962 843 2576
3  1913 3155 2369
3  618 3155 1913
3  92 140 41
3  1639 1715 1670
3  2042 1639 1670
3  2568 1674 1287
3  2019 3091 2539
3  1586 2551 309
3  2084 2085 958
3  2084 958 108
3  579 1804 1571
3  579 1475 1804
3  515 1631 3231
3  2522 515 3231
3  3287 3285 3470
3  256 3287 3470
3  2307 2704 560
3  454 9 525
3  454 241 9
3  165 4351 1999
3  2934 1723 244
3  2825 90 1181
3  2825 363 90
3  363 2825 246
3  333 363 246
3  333 1707 1783
3  246 1707 333
3  2426 1318 1090
3  2426 2424 1318
3  3049 1758 3048
3  3561 3562 2248
3  377 2248 3562
3  1664 2378 405
3  3061 934 1494
3  2869 3061 1494
3  824 1286 1429
3  824 1429 1365
3  2609 1216 1676
3  3589 3605 1014
3  3589 1014 1813
3  221 549 2292
3  334 7 4316
3  2530 2529 2531
3  3218 2531 2529
3  1934 1518 532
3  2645 1098 1816
3  2476 561 2475
3  1958 597 1203
3  1958 1203 1957
3  133 390 143
3  224 133 143
3  1405 198 611
3  1405 3502 198
3  2488 2484 444
3  2382 1873 2011
3  3218 3219 2532
3  3218 3217 3219
3  27 2769 2516
3  2275 169 322
3  2275 2521 169
3  1291 3915 4176
3  483 1596 736
3  182 736 1596
3  832 4311 919
3  2454 1931 287
3  2454 287 1932
3  2705 2653 229
3  3844 2705 229
3  3545 3544 2465
3  765 3545 2465
3  580 2499 378
3  3871 3876 3872
3  3871 1123 3876
3  1040 1612 1017
3  2919 1040 1017
3  322 3394 197
3  2677 2016 2676
3  829 803 2410
3  829 2410 1940
3  2195 1357 2196
3  347 3909 1702
3  347 1702 3784
3  2740 2280 1436
3  2416 366 1509
3  2416 2238 366
3  1136 1621 3175
3  1744 1136 3175
3  2648 803 2138
3  1069 803 2648
3  2091 514 151
3  2092 2091 151
3  2138 803 829
3  1843 1213 1928
3  1383 3357 4416
3  2479 4416 3357
3  191 3736 4154
3  542 1232 1764
3  320 581 254
3  384 3460 2724
3  3118 1328 2425
3  2427 2425 1328
3  2285 791 3551
3  2456 791 2285
3  1564 873 2152
3  1564 2152 2202
3  2085 1514 453
3  438 1811 1055
3  4037 922 4325
3  3593 922 4037
3  1886 1481 3550
3  2524 585 1699
3  1406 2199 1919
3  1607 1919 2199
3  3125 763 3121
3  1940 1129 889
3  3909 2436 4059
3  3909 1855 2436
3  2143 481 2404
3  2143 2404 314
3  2882 3492 280
3  1847 280 3492
3  2179 2508 2509
3  2179 2509 2510
3  3368 1303 3366
3  1256 2489 1747
3  1256 1747 269
3  1608 904 715
3  1532 715 904
3  1532 1608 715
3  4193 4192 3767
3  4195 4192 4193
3  1176 1913 267
3  1829 1913 1176
3  3570 3557 2565
3  1615 958 1762
3  1442 2502 1921
3  2097 1921 2502
3  1924 1075 1923
3  1299 1923 1075
3  1643 2903 3338
3  1643 2902 2903
3  3090 1655 1656
3  3090 1205 1655
3  697 157 3787
3  3499 2997 1368
3  953 3147 3150
3  1980 1093 1979
3  66 4236 3748
3  2905 2906 831
3  222 2617 3426
3  1687 1685 1772
3  1072 1687 1772
3  1983 362 3084
3  1983 3084 3085
3  1777 2129 2707
3  1777 1719 2129
3  3198 3199 42
3  3295 841 1704
3  3787 861 3785
3  734 840 166
3  734 166 153
3  1656 930 2736
3  49 964 1926
3  4262 3854 4256
3  1079 1027 3547
3  3733 4340 3734
3  3733 4247 4340
3  1023 1010 2467
3  1023 2986 1010
3  449 1301 512
3  3537 1385 2135
3  2683 1047 1146
3  1377 2683 1146
3  3024 894 3238
3  3237 3238 894
3  2010 2009 1373
3  1621 3552 3169
3  3979 975 3981
3  3986 3981 975
3  650 3559 2351
3  650 2351 441
3  355 3237 894
3  216 1161 243
3  2320 1161 216
3  1735 1273 3455
3  1611 3455 1273
3  94 2210 2209
3  3959 3958 4192
3  3340 3339 1290
3  1703 3265 3266
3  4185 4178 3860
3  2523 1360 1768
3  1803 2523 1768
3  2554 1281 2555
3  877 1412 1468
3  877 1468 2667
3  264 651 1728
3  2716 651 264
3  143 452 663
3  474 426 1433
3  3148 955 3150
3  2373 955 3498
3  1538 2655 541
3  684 1538 541
3  2859 1322 4041
3  3059 3163 4214
3  3431 8 1754
3  1353 3214 1790
3  1353 1790 262
3  203 1841 1870
3  2092 847 2344
3  1127 1795 1935
3  1127 1935 1518
3  428 3140 1902
3  303 3140 428
3  32 3100 27
3  3495 32 27
3  892 2112 1310
3  429 1138 3722
3  1546 3515 3518
3  3745 1352 4077
3  1805 891 778
3  378 2497 1978
3  1099 2645 2183
3  877 1099 2183
3  1953 4371 4370
3  4165 2012 4412
3  4165 4164 2012
3  1902 3074 837
3  3659 3652 3653
3  726 3652 3659
3  4228 4381 2312
3  4228 2312 4227
3  3193 1361 349
3  1599 349 1361
3  3890 2958 3839
3  3890 3839 4379
3  4397 3859 2573
3  1866 1594 602
3  1217 1845 1595
3  1235 2202 2712
3  1725 2538 1726
3  1725 1726 85
3  3517 1124 3561
3  1042 3561 1124
3  2232 2236 2234
3  2235 2232 2234
3  285 1442 123
3  1611 285 123
3  1695 1509 2983
3  1890 1695 2983
3  472 756 298
3  3525 756 472
3  1966 1599 1263
3  349 1599 1966
3  4159 3769 996
3  2119 3539 3538
3  2119 3538 2951
3  900 945 2295
3  900 2295 2296
3  195 2173 878
3  2349 2415 1508
3  2653 2705 4307
3  3137 3136 1934
3  3137 1934 532
3  2384 2385 1549
3  2384 1549 425
3  1284 728 2407
3  1284 2407 2406
3  1012 1007 1871
3  51 1292 1632
3  1893 1632 1292
3  2305 2303 571
3  1255 3468 1433
3  204 1846 704
3  1397 1866 602
3  3242 1060 451
3  4231 3627 4230
3  3801 3802 81
3  3801 81 1414
3  2851 2850 1212
3  2851 1212 2855
3  2797 2799 2800
3  3633 3635 1510
3  1417 3458 2672
3  493 475 2671
3  912 991 2408
3  2409 912 2408
3  2700 680 833
3  2700 833 772
3  207 4125 4124
3  1996 740 1570
3  3042 557 1637
3  371 916 3338
3  1926 3576 3174
3  49 1926 3174
3  2438 1012 1033
3  2438 2439 1012
3  4362 290 3997
3  2551 966 2334
3  2551 2334 1525
3  2999 950 1558
3  2204 1512 1244
3  1063 1244 1512
3  1690 1072 1313
3  1687 1072 1690
3  2788 1897 2787
3  586 2788 2787
3  121 931 1849
3  3483 121 1849
3  2452 4136 3895
3  3885 3895 4136
3  1398 3235 3236
3  2194 767 906
3  2194 906 2513
3  1563 751 1811
3  402 552 1529
3  402 1529 3019
3  426 1064 2068
3  420 2371 4371
3  420 2370 2371
3  724 1227 1189
3  2660 176 3340
3  2660 278 176
3  3275 1578 1824
3  3275 1130 1578
3  2700 3463 781
3  1013 1025 2127
3  2568 1956 57
3  2568 57 1674
3  1191 3579 2053
3  1191 2053 3429
3  716 1518 724
3  532 1518 716
3  1581 2397 450
3  2318 1515 1851
3  2318 1851 1234
3  92 354 2704
3  737 3845 2250
3  1618 706 2332
3  1616 2332 706
3  2095 2947 2826
3  2095 2826 2827
3  2009 2010 1375
3  2109 144 2110
3  2767 1221 2018
3  2261 462 1848
3  1679 1531 644
3  1481 1107 1037
3  1479 1107 1481
3  814 976 1517
3  1679 668 2407
3  1525 622 2932
3  1638 1670 774
3  2706 923 3573
3  2934 1157 114
3  0 1701 12
3  306 1701 0
3  1956 597 1959
3  1052 3045 3046
3  1019 1052 3046
3  123 1442 1921
3  469 123 1921
3  697 3706 3704
3  697 3704 3953
3  1777 731 2156
3  2615 1305 3015
3  2615 2558 1305
3  4105 4107 4106
3  2516 2890 972
3  3001 2145 2355
3  3001 3512 2145
3  1326 2371 2370
3  1819 1822 2343
3  553 1221 1503
3  363 1672 90
3  2067 90 1672
3  1494 2880 2869
3  454 548 241
3  357 636 943
3  357 943 211
3  1010 2987 1220
3  1927 3553 3554
3  1880 2045 1053
3  2491 1999 2326
3  165 1999 2491
3  2931 2932 67
3  1525 2932 2931
3  2179 3022 3021
3  1450 2714 1863
3  1450 1863 2689
3  4058 4203 583
3  3088 591 847
3  2758 365 862
3  2758 441 365
3  1582 2696 1784
3  1582 1784 1184
3  151 870 847
3  3088 847 870
3  2675 2682 690
3  2675 2681 2682
3  1589 2227 511
3  611 1681 660
3  2548 1116 3678
3  969 3523 153
3  877 1697 3017
3  1225 3571 2057
3  2129 2500 294
3  3045 1758 3046
3  3392 3391 1061
3  3392 1061 3161
3  185 243 1161
3  588 183 693
3  588 3197 183
3  1086 3662 3663
3  519 1743 707
3  58 2092 2344
3  234 2092 58
3  418 3254 1729
3  965 3235 1866
3  2795 1167 1868
3  637 29 3209
3  657 11 2781
3  3071 887 3074
3  2418 3071 3074
3  2383 2716 264
3  1418 2383 264
3  511 3035 1526
3  1284 2635 1940
3  3687 2392 2393
3  3687 643 2392
3  1946 886 997
3  1946 997 1947
3  3690 3692 830
3  3690 830 3551
3  1338 2766 2368
3  2577 1226 367
3  686 119 413
3  3942 447 3941
3  2179 3021 3024
3  3598 1364 3597
3  256 169 2521
3  3172 1621 3169
3  1327 4028 4029
3  1474 3322 3063
3  1474 3321 3322
3  2442 2548 3631
3  3560 789 1857
3  631 1857 789
3  215 173 467
3  215 467 172
3  2290 2642 286
3  2290 286 221
3  262 2408 991
3  2538 1725 391
3  2538 391 2537
3  354 1441 560
3  2704 354 560
3  4284 4406 4232
3  4284 174 4406
3  310 997 1583
3  886 1583 997
3  616 2674 690
3  2707 1246 2128
3  2843 494 932
3  2843 469 494
3  2052 281 1214
3  1657 3583 3580
3  4225 4224 2313
3  4225 2313 4227
3  3966 3826 3967
3  1739 586 14
3  218 2896 522
3  218 522 2888
3  1745 2305 726
3  1745 1281 2305
3  4158 996 4216
3  4159 996 4158
3  2951 2094 3010
3  2883 3492 2882
3  3633 967 2411
3  3633 2411 302
3  1809 3084 362
3  3414 3412 3435
3  1601 3435 3412
3  4055 3855 3762
3  3853 3762 3855
3  1858 310 1583
3  3394 322 3395
3  230 3595 649
3  230 189 3595
3  1362 1681 611
3  791 807 1528
3  1528 807 402
3  1584 402 807
3  4116 3947 4115
3  2796 208 1603
3  2796 2553 208
3  4051 4049 1812
3  1501 607 2198
3  1499 1501 2198
3  3132 3032 1157
3  3132 1157 1669
3  2273 1749 205
3  4285 4284 4290
3  174 4284 4285
3  1790 215 978
3  1790 3537 215
3  1904 2552 1285
3  3230 2552 1904
3  2342 648 488
3  2947 2946 2826
3  6 3693 935
3  6 935 4271
3  1530 2174 967
3  3169 49 3172
3  1762 958 2085
3  3585 2274 1571
3  525 1063 454
3  2111 2110 1948
3  3550 1037 3549
3  1057 102 2255
3  1057 2255 1463
3  3467 3190 891
3  3070 668 1679
3  3070 1679 644
3  1771 776 156
3  1949 1607 1166
3  3618 592 2328
3  399 131 2588
3  399 2588 2590
3  161 2455 1213
3  1686 2101 1206
3  2368 1639 2042
3  491 2843 932
3  491 1734 2843
3  121 3519 931
3  121 3515 3519
3  3525 1809 362
3  706 2641 1830
3  2265 319 2533
3  2265 2263 319
3  296 3701 2824
3  134 296 2824
3  2307 612 631
3  368 216 773
3  368 1771 216
3  3826 3963 4348
3  1437 2632 2165
3  1437 2165 499
3  3389 3796 2585
3  424 1545 2778
3  2270 1268 2268
3  1474 2389 3321
3  2390 2389 1474
3  749 3359 3358
3  646 3717 2865
3  3788 3498 3149
3  3788 1458 3498
3  1590 2241 3191
3  3491 2554 2304
3  3491 2304 3118
3  2455 917 1213
3  2992 1213 917
3  2215 1026 2217
3  1457 2043 1128
3  109 1283 2518
3  2453 1283 109
3  3278 2049 2600
3  558 2049 3278
3  2992 65 2396
3  136 342 152
3  2555 1281 1067
3  2556 2555 1067
3  1815 1620 247
3  3674 1095 2538
3  966 1166 2199
3  4070 2065 2447
3  2446 2447 2065
3  2755 1328 3118
3  4001 4002 2802
3  1716 1637 1195
3  3863 4360 2651
3  89 1906 2715
3  1202 2715 1906
3  2180 888 355
3  1761 453 3291
3  686 2141 1903
3  555 1562 904
3  383 2380 2382
3  133 2627 390
3  320 2627 133
3  4191 3750 28
3  4191 28 3746
3  825 2141 1256
3  825 1256 269
3  2707 2404 1777
3  4383 4221 895
3  3833 4383 895
3  802 3105 197
3  2206 800 28
3  306 2123 1701
3  4428 3901 4419
3  1768 1536 1803
3  535 1909 2007
3  2196 535 2007
3  2093 1059 2466
3  4359 4384 4197
3  4359 4197 4204
3  1995 566 853
3  2161 152 342
3  2161 234 152
3  4157 642 4295
3  1496 2046 893
3  3157 3572 923
3  3157 1351 3572
3  2159 2894 148
3  2159 148 861
3  150 3310 330
3  1262 981 2302
3  660 981 1262
3  2952 3302 1036
3  2661 3757 278
3  868 977 1389
3  3458 493 2672
3  2671 2672 493
3  1793 1794 2328
3  3619 995 3620
3  1846 3619 3620
3  2282 338 2733
3  3827 3828 1952
3  1272 3322 3323
3  2122 908 2139
3  2122 2139 766
3  1184 3083 3082
3  1184 3082 1582
3  2506 2125 2505
3  647 2544 3914
3  647 3914 2543
3  3822 1942 818
3  918 2040 398
3  1319 3510 1101
3  1368 1101 3510
3  1643 3241 3240
3  292 990 475
3  493 292 475
3  391 1725 928
3  391 928 2335
3  107 618 1829
3  2654 1115 1248
3  2824 3361 134
3  2956 2813 2812
3  2956 2812 337
3  1608 1532 1534
3  1998 1608 1534
3  355 1135 1360
3  355 1360 3237
3  1299 1591 1923
3  1605 1137 1827
3  3204 2177 3196
3  2753 1311 3437
3  1655 321 1656
3  2352 3737 4064
3  2352 3624 3737
3  537 2403 2518
3  2702 2403 537
3  735 283 1805
3  735 3410 283
3  1676 2882 280
3  2306 995 2365
3  3632 2136 708
3  2611 444 2211
3  1138 429 1645
3  1142 2011 2010
3  2440 1797 1798
3  2440 1798 359
3  1824 2888 744
3  2225 1824 744
3  2299 75 1532
3  3027 2641 1618
3  1643 1521 3241
3  1948 1421 3045
3  65 2131 1613
3  65 209 2131
3  587 876 2189
3  694 876 587
3  2795 2829 1167
3  3944 2193 2718
3  3944 2718 945
3  1556 1018 1048
3  2114 3591 3303
3  4283 4139 4140
3  4283 4140 174
3  239 774 3679
3  1416 239 3679
3  1722 684 541
3  3139 2719 2670
3  259 2600 2048
3  605 4247 3733
3  605 3733 4018
3  1122 1478 3116
3  39 623 3843
3  3844 39 3843
3  1330 3040 2596
3  1051 1136 1744
3  2949 2095 2827
3  2948 2095 2949
3  669 1860 799
3  669 799 1390
3  4180 175 3906
3  4180 656 175
3  1551 1640 3185
3  1072 1040 2919
3  531 1723 2780
3  531 750 1723
3  1357 776 535
3  0 1449 2889
3  12 1449 0
3  2844 2935 2112
3  365 2881 862
3  365 1508 2881
3  686 413 2140
3  686 2140 2141
3  2392 1275 2393
3  3612 3610 3473
3  141 3473 3610
3  2295 1298 2296
3  1302 2514 3130
3  1302 3130 3131
3  422 3431 573
3  422 573 2130
3  294 2872 1246
3  4032 4378 3833
3  129 1993 1510
3  1540 2536 2531
3  733 965 2253
3  733 2253 2605
3  1465 3194 2492
3  3650 2492 3194
3  2303 2554 137
3  2303 137 571
3  1667 1971 260
3  131 399 3354
3  3355 3354 399
3  76 2543 2762
3  76 2762 3496
3  2199 1170 1791
3  966 2199 1791
3  3442 3259 2945
3  607 1501 649
3  2196 1357 535
3  3173 3556 3555
3  2440 1501 351
3  359 1501 2440
3  3380 1718 1717
3  2138 889 1854
3  2138 1854 1237
3  801 1974 2381
3  801 2381 1883
3  2236 2066 1103
3  1748 2399 985
3  3478 3476 3479
3  3480 3478 3479
3  655 1871 1775
3  655 1083 1871
3  1672 1504 1150
3  779 3893 1673
3  1042 969 3562
3  377 3562 969
3  12 652 1449
3  324 1837 293
3  3196 324 293
3  2153 4235 3841
3  1736 1766 1244
3  356 1244 1766
3  2734 277 1596
3  2734 1596 2649
3  164 966 1791
3  1183 3389 3388
3  3173 3401 754
3  3484 1851 3447
3  3483 1851 3484
3  4146 1322 4145
3  4146 3421 1322
3  1168 4416 162
3  1665 4055 3929
3  4213 3759 3937
3  4213 3937 4355
3  1158 823 806
3  1783 1158 806
3  4030 4168 4031
3  2711 187 2166
3  2648 2138 1237
3  2930 2412 189
3  1528 3019 1258
3  3393 3128 838
3  3393 838 1420
3  856 1407 2139
3  856 2139 303
3  2270 2268 448
3  2270 448 1610
3  3672 2062 3129
3  3003 784 227
3  680 265 833
3  258 503 417
3  2683 2344 1047
3  1666 367 2301
3  1666 2577 367
3  2476 3609 2901
3  1278 2180 2178
3  2045 1066 2507
3  3601 3600 1430
3  3601 596 3600
3  1831 2871 3138
3  3004 3003 2192
3  2526 1425 1424
3  2526 1424 1190
3  3697 1152 3698
3  2184 225 849
3  2184 849 470
3  2630 1174 1628
3  2597 3445 3443
3  2837 2836 1069
3  436 3584 3585
3  3865 3565 2673
3  118 3565 3865
3  1272 1840 2860
3  4068 4067 2429
3  2624 2623 46
3  4440 4190 3962
3  1499 1188 3195
3  1499 2198 1188
3  259 853 1838
3  259 1838 2600
3  2423 450 3104
3  2423 1581 450
3  3319 3629 2784
3  3853 3855 3854
3  2567 2569 775
3  96 2567 775
3  582 3103 2031
3  2757 3103 582
3  3523 988 3522
3  969 988 3523
3  3940 3941 447
3  3427 1245 3428
3  3427 3428 2053
3  2895 1361 1681
3  620 201 8
3  805 3334 489
3  805 489 2149
3  114 3032 61
3  1296 1651 2093
3  864 994 1889
3  4318 4316 1143
3  2953 1668 3270
3  247 3184 1126
3  247 1126 140
3  1886 3550 508
3  3885 671 3895
3  2666 949 3590
3  10 2781 2743
3  67 1997 50
3  2426 726 2305
3  571 2426 2305
3  962 1418 577
3  1671 1630 2462
3  1831 3138 2825
3  2664 2215 2214
3  414 2143 314
3  3944 945 124
3  1431 124 945
3  646 2763 3716
3  646 2762 2763
3  1833 4066 4254
3  1833 4254 17
3  2022 3350 795
3  737 2650 1858
3  737 1858 1720
3  3095 2645 1348
3  3095 1348 3092
3  78 911 621
3  177 621 911
3  1951 623 420
3  1532 904 1562
3  2299 1532 1562
3  2374 3404 3403
3  2374 3403 3402
3  564 4304 3742
3  564 3742 3883
3  4304 1705 3742
3  3736 2159 4154
3  861 4154 2159
3  201 2716 2024
3  3981 3978 3979
3  1780 1168 3016
3  1780 3356 1168
3  1200 2691 1930
3  392 1930 2691
3  1235 2712 2710
3  3375 2075 113
3  3294 113 2075
3  25 1126 1469
3  3047 3048 1421
3  1863 1864 1224
3  1569 1864 1863
3  3244 2186 3243
3  1975 3243 2186
3  453 2620 1165
3  453 1761 2620
3  2395 1332 2394
3  2390 1332 2395
3  1181 90 2067
3  511 943 3035
3  2227 943 511
3  2191 277 2734
3  2191 1239 277
3  3758 2542 3713
3  2899 3642 1037
3  1410 1816 1098
3  2237 889 1129
3  3249 1050 3250
3  3016 1168 1779
3  3748 4045 4046
3  4044 4046 4045
3  611 1675 1362
3  490 61 3032
3  490 3032 3031
3  608 4238 3165
3  608 3165 3164
3  161 698 1931
3  3096 2654 1160
3  3975 3781 4267
3  472 2293 3525
3  2745 2746 2747
3  3908 3846 4229
3  3908 4229 4226
3  628 1627 3870
3  1207 2252 1058
3  1207 2789 2252
3  3119 3172 3174
3  1592 3119 3174
3  4341 1265 2336
3  3921 4341 2336
3  3615 3212 898
3  4052 3723 1624
3  4052 1624 4051
3  1913 854 267
3  2369 854 1913
3  2820 4377 298
3  1336 3482 3481
3  2488 444 2611
3  2488 2611 2504
3  2144 1565 725
3  650 2144 725
3  2311 1391 1046
3  2173 195 2411
3  201 651 2716
3  620 651 201
3  2220 1081 1342
3  3200 2220 1342
3  1968 1696 268
3  357 268 1696
3  2270 1610 2212
3  3578 3577 1985
3  2946 2358 55
3  2348 307 2347
3  35 723 317
3  3505 3144 753
3  765 2939 1156
3  2378 873 405
3  1915 2575 3251
3  1297 1078 2666
3  2872 2871 3027
3  1832 2871 2872
3  30 3266 3649
3  2259 3649 3266
3  2154 1084 2508
3  2174 2173 2411
3  2174 64 2173
3  1905 1847 1259
3  2510 3022 1970
3  2179 1970 3022
3  2179 2510 1970
3  1659 3404 3405
3  2364 1147 3249
3  1671 3183 1139
3  1671 1139 1630
3  2542 2585 794
3  3796 794 2585
3  380 3582 1657
3  1868 1167 1482
3  2080 1868 1482
3  566 3082 3083
3  467 717 2329
3  3920 2329 717
3  1472 1483 3495
3  2114 3707 3918
3  172 2409 978
3  2570 1068 2572
3  1162 1055 3005
3  1162 3005 1439
3  600 3306 2677
3  600 2678 3306
3  1861 1860 669
3  1861 669 2982
3  2508 629 1553
3  289 1860 2723
3  2139 908 536
3  2139 536 303
3  840 734 2386
3  840 2386 767
3  2521 2510 1046
3  256 2521 1046
3  2604 709 3938
3  2224 2225 1254
3  2224 426 2225
3  1965 863 25
3  1965 25 1469
3  3467 589 3190
3  4199 4204 4198
3  3949 4204 4199
3  246 2876 1707
3  2473 993 742
3  1625 742 993
3  2670 2719 1477
3  1507 654 795
3  1507 3936 654
3  255 2584 4401
3  2582 2584 255
3  3850 2029 2213
3  1542 2213 2029
3  1189 1763 724
3  1062 2360 507
3  1062 2339 2360
3  739 1376 2506
3  1205 1862 2030
3  2829 584 1167
3  1106 2651 1461
3  1106 1461 4381
3  548 323 3213
3  645 1286 824
3  270 1286 645
3  3768 186 4039
3  2285 3551 2376
3  3780 3978 4004
3  1890 2525 994
3  1890 994 1695
3  1549 2385 932
3  4402 4039 1887
3  4402 1887 4038
3  1195 1789 2682
3  3259 3258 2945
3  2704 2308 92
3  2307 2308 2704
3  618 1913 1829
3  517 645 1826
3  619 1826 645
3  2922 1647 1614
3  711 1614 1647
3  4000 35 890
3  2605 2606 733
3  2605 2607 2606
3  330 4382 597
3  330 3807 4382
3  1213 2992 1928
3  2453 41 2519
3  3240 3241 1133
3  3649 1767 30
3  3648 1767 3649
3  59 517 992
3  3223 442 792
3  2777 444 2484
3  1337 2071 1740
3  147 581 224
3  254 581 147
3  224 581 133
3  3624 880 3625
3  2240 3625 880
3  2503 1599 1603
3  3249 1147 1050
3  2343 1050 1147
3  1893 1355 1354
3  1893 1354 1092
3  879 562 2706
3  879 2706 3573
3  3791 1386 3792
3  3791 3056 1386
3  172 550 639
3  1312 1186 2035
3  2962 2035 1186
3  474 1433 361
3  1443 965 733
3  95 1748 601
3  95 601 2749
3  2224 2223 1064
3  1252 1064 2223
3  3681 2428 1223
3  422 8 3431
3  3482 2324 170
3  3482 170 3549
3  3557 2493 2492
3  2129 2501 2500
3  1719 2501 2129
3  3382 3391 2021
3  533 3192 1550
3  2333 806 1494
3  2391 1473 2511
3  2391 2511 1395
3  180 1660 40
3  3487 1660 180
3  2906 1686 3292
3  2906 3292 1685
3  3019 3264 1258
3  1671 341 884
3  1671 884 3183
3  1589 1132 1973
3  2419 3022 2510
3  4 446 478
3  396 2553 2796
3  1578 396 2796
3  1275 2392 2520
3  221 286 1807
3  2868 1077 2869
3  204 619 1846
3  2309 2046 1497
3  2310 2309 1497
3  475 990 1876
3  3643 475 1876
3  1734 1735 469
3  1035 3372 1579
3  1035 1579 1015
3  2003 4024 4021
3  4022 2003 4021
3  3875 3873 2802
3  3370 1394 3371
3  3366 1394 3370
3  1 2587 4434
3  2106 2593 816
3  2106 816 3047
3  4070 3718 3719
3  4070 1444 3718
3  950 3466 1835
3  950 1835 1206
3  3120 2995 1738
3  1512 786 323
3  548 1512 323
3  1062 3598 3597
3  1417 3566 3460
3  1116 2548 2560
3  2266 3564 3732
3  2901 3641 2900
3  1103 1515 1981
3  447 2427 1328
3  447 1328 2756
3  381 2640 3924
3  3036 381 3924
3  3454 2117 3424
3  628 431 1627
3  2000 220 1653
3  2385 111 932
3  541 2580 2581
3  3661 2000 3662
3  3661 3662 1086
3  2506 1376 2125
3  2854 242 2923
3  2854 2923 101
3  766 783 3029
3  8 213 620
3  8 422 213
3  1728 4392 723
3  1728 723 35
3  1285 2455 1932
3  1420 136 2325
3  2844 914 2282
3  2112 914 2844
3  1490 3206 3207
3  2493 3065 3066
3  2493 2967 3065
3  2035 1185 2331
3  2035 2331 1312
3  351 253 1797
3  2113 2112 2935
3  2660 3340 1615
3  3932 4241 2266
3  3441 2989 1381
3  564 3228 3632
3  253 2741 1797
3  1155 1865 1683
3  2847 2422 2846
3  2847 1118 2422
3  3836 4208 4126
3  4127 4126 4208
3  143 663 224
3  1278 2178 3021
3  1278 3021 3022
3  1320 1077 2868
3  2867 1320 2868
3  820 2323 3388
3  3825 3974 3975
3  2466 1059 1023
3  2466 1023 2467
3  48 3211 3212
3  3195 293 2727
3  1466 2230 2480
3  1215 3827 3308
3  1619 1223 3682
3  3681 1223 1619
3  772 833 2086
3  1015 2494 3126
3  1015 3114 2494
3  829 889 2138
3  2958 3890 4408
3  2026 3215 200
3  1000 3215 2026
3  3706 3149 3479
3  2047 3051 3050
3  2636 2123 306
3  61 2018 783
3  2767 2018 61
3  542 1350 2464
3  1189 1350 542
3  428 921 856
3  1902 921 428
3  170 2324 508
3  555 62 1562
3  1940 889 829
3  662 4264 2289
3  2606 2607 3718
3  2080 1482 2078
3  3025 2929 1367
3  1347 3025 1367
3  2233 2991 2231
3  1813 1094 1390
3  1813 1390 289
3  2200 745 585
3  1699 585 745
3  1506 2387 890
3  3951 2387 1506
3  2275 2510 2521
3  2046 1496 3738
3  3620 2866 704
3  2245 954 1209
3  2027 1261 2028
3  2027 2757 1261
3  3620 995 2306
3  3620 2306 2866
3  3282 1484 3281
3  3925 1544 3926
3  4010 3779 4009
3  3780 4010 4009
3  1889 994 2525
3  1003 1666 1001
3  1003 2577 1666
3  844 1631 515
3  844 515 3227
3  950 1206 2101
3  2031 3199 1342
3  1081 2031 1342
3  240 1600 263
3  1626 822 866
3  1626 2836 822
3  395 1522 827
3  1912 827 1522
3  1912 395 827
3  2973 3229 2972
3  348 1635 637
3  3095 526 3239
3  2063 2086 492
3  1030 1982 2142
3  3647 3649 2259
3  1127 1934 177
3  729 2716 2383
3  2570 2572 1782
3  2570 1782 2569
3  3080 1582 3082
3  2620 1760 1165
3  3644 1165 1760
3  1050 2857 2858
3  1823 2858 2857
3  2225 744 794
3  1866 3235 1398
3  1866 1398 1594
3  1443 3235 965
3  1443 2004 3235
3  1518 926 724
3  2536 1055 2531
3  2207 747 980
3  718 1676 280
3  2287 2286 2365
3  2287 552 2286
3  2653 4307 2628
3  2323 961 1773
3  820 961 2323
3  4182 4181 1752
3  4182 1752 4170
3  559 3089 3685
3  1536 1802 858
3  1803 858 1802
3  1803 1536 858
3  1942 53 818
3  1383 3354 3355
3  2201 2760 2759
3  2623 115 808
3  58 2016 2677
3  58 2677 3306
3  258 625 2329
3  3642 3548 1037
3  3549 1037 3548
3  3452 2117 3454
3  66 3748 4046
3  3923 66 4046
3  1002 1004 2026
3  2759 2026 1004
3  2777 1693 352
3  1904 1932 2244
3  1904 1285 1932
3  231 1629 696
3  2655 2580 541
3  656 3882 175
3  2026 1226 2025
3  1923 3178 1924
3  1399 1541 819
3  3021 894 3024
3  3025 1979 2929
3  3025 1347 1979
3  531 2780 2779
3  1586 1166 2551
3  4156 4116 4115
3  3946 4156 4115
3  1592 3576 3578
3  4216 996 3997
3  2264 2475 1370
3  1648 2475 2264
3  2847 1516 371
3  2847 371 308
3  2938 2936 2937
3  103 1649 2644
3  2069 2644 1649
3  2616 237 3014
3  2616 2168 237
3  2482 1960 1663
3  2482 1663 1142
3  3567 1814 3589
3  3567 3589 3588
3  389 1658 2975
3  389 335 1658
3  3673 3670 1396
3  1981 2236 1103
3  1267 1435 2215
3  1267 2215 2216
3  1769 1069 2836
3  201 2024 588
3  1438 201 588
3  1489 2279 2546
3  2406 2407 668
3  1360 1135 1536
3  1360 1536 1768
3  374 3289 2638
3  3556 673 1998
3  2195 1085 1357
3  1504 333 1783
3  1504 1783 770
3  1450 736 182
3  2714 1450 182
3  681 1438 2330
3  251 1438 681
3  2330 1145 533
3  1704 893 4244
3  3296 1704 4244
3  1872 692 1550
3  2687 692 1872
3  4281 1989 1990
3  1334 1989 4281
3  1403 3603 3602
3  2168 1199 2684
3  1714 2684 1199
3  27 1302 3086
3  3131 3086 1302
3  3172 3119 3175
3  1441 612 560
3  2307 560 612
3  2821 2971 937
3  2821 2822 2971
3  1475 740 2670
3  1475 2670 1108
3  2366 3736 191
3  1317 2366 191
3  3426 2617 2242
3  1314 2355 1118
3  2816 2815 1604
3  645 517 270
3  1646 1644 846
3  697 3787 3788
3  697 3788 3149
3  2060 2942 2059
3  1104 1397 3101
3  2202 2152 1112
3  3156 3227 515
3  3156 515 1490
3  482 4333 3868
3  4102 4333 482
3  1301 1224 512
3  2344 847 1047
3  1159 4179 3961
3  1159 3961 3963
3  2900 1480 1327
3  4028 1327 1480
3  77 3681 1619
3  77 1619 3682
3  1505 3928 4424
3  3259 946 3258
3  1754 201 1438
3  1754 8 201
3  3963 3826 3964
3  1517 1643 3240
3  3187 916 3186
3  1421 2110 144
3  3047 1421 144
3  1867 4400 24
3  145 3508 3507
3  4367 3507 3508
3  1380 3507 4367
3  1219 1622 3668
3  2377 1967 268
3  195 1967 2377
3  3694 4133 3803
3  4132 4133 3694
3  408 125 4302
3  1091 1234 1852
3  3804 2603 3995
3  601 657 10
3  601 10 2749
3  385 4150 2417
3  385 2417 3694
3  2642 2291 286
3  1808 286 2291
3  3263 1558 2101
3  2470 1517 1486
3  814 1517 2470
3  657 2576 11
3  398 11 2576
3  712 941 1986
3  2105 712 1986
3  326 98 329
3  1107 1961 2899
3  1479 1961 1107
3  1990 3637 3636
3  1802 2327 1900
3  1579 3368 3370
3  271 7 2988
3  3284 1391 3127
3  3284 3127 3126
3  458 3952 3951
3  2893 2409 484
3  1017 2409 2893
3  1714 1199 1715
3  689 1714 1715
3  2309 4244 2046
3  1705 4244 2309
3  1973 1334 3638
3  3851 1964 3693
3  1971 3644 260
3  3470 3285 3344
3  3534 3532 1020
3  3533 1384 3535
3  2650 737 2250
3  1515 2318 1981
3  1029 1981 2318
3  3126 3127 2662
3  3591 2114 3592
3  3918 3592 2114
3  3817 3818 3816
3  2568 1287 2567
3  96 2568 2567
3  3537 173 215
3  2111 1331 2110
3  496 251 761
3  496 761 692
3  466 2469 2861
3  2248 3516 3561
3  3517 3561 3516
3  466 2862 3142
3  466 4389 2862
3  3160 2109 2107
3  1330 2109 3160
3  2641 706 1618
3  845 1493 857
3  4350 4236 3948
3  538 1202 1557
3  1745 228 487
3  2626 2625 1706
3  1477 2625 2626
3  1430 3600 2761
3  840 767 2218
3  840 2218 166
3  596 2852 3600
3  248 595 1794
3  248 1794 3039
3  915 3728 959
3  1627 3728 915
3  1670 1715 1199
3  2360 1376 2362
3  2360 2362 3771
3  1632 516 2925
3  2559 2558 1306
3  2559 1306 436
3  2341 1197 589
3  2404 589 1197
3  3152 3151 529
3  2265 2533 2709
3  2265 2709 3309
3  2735 751 1576
3  1470 2264 3457
3  1646 3722 1138
3  1646 1614 3722
3  2367 719 700
3  484 719 2367
3  1130 3275 2957
3  474 2957 3275
3  1510 1993 2915
3  1510 2915 3182
3  3760 1665 3759
3  51 1632 18
3  4301 3996 996
3  2166 483 2711
3  2166 2647 483
3  4372 3815 2861
3  4389 2861 3815
3  662 812 3471
3  662 3471 3472
3  2338 2124 60
3  2778 1545 793
3  3799 3739 3738
3  1115 1053 2045
3  1115 2045 2060
3  477 524 3513
3  477 2632 524
3  2547 2618 1840
3  1733 2412 857
3  1733 1268 2412
3  4406 174 4364
3  155 2450 3845
3  582 1542 2249
3  3098 3096 1160
3  2100 3098 1160
3  2451 2278 2277
3  514 2083 568
3  2150 2083 514
3  2874 2955 580
3  1367 2929 2149
3  4365 4280 3655
3  3424 3426 2242
3  1789 690 2682
3  3186 916 371
3  1235 1564 2202
3  1235 2689 1564
3  623 2370 420
3  1895 2655 2917
3  3851 4434 1964
3  1 4434 3851
3  1701 1702 12
3  3784 1702 1701
3  2144 3112 1565
3  2343 1822 2857
3  2343 2857 1050
3  2807 1618 2332
3  3403 3406 379
3  3404 3406 3403
3  2835 802 3394
3  701 2007 1909
3  688 1249 880
3  1732 857 1493
3  1732 1733 857
3  2158 2157 1975
3  4148 4147 4149
3  2998 2996 1368
3  3512 2470 2157
3  1298 2297 194
3  221 2292 2290
3  3035 3036 1527
3  247 1620 3184
3  1747 2489 2376
3  1747 2376 3551
3  1935 1795 3109
3  2719 2625 1477
3  3831 997 2350
3  2634 1129 2635
3  1002 2026 2025
3  3047 816 3048
3  2593 3048 816
3  2621 1113 1374
3  1269 1781 1654
3  3605 3606 1014
3  71 127 309
3  4196 3962 4195
3  4196 4440 3962
3  960 1987 961
3  3756 2713 632
3  3547 1027 3548
3  3549 3548 1027
3  1278 3022 1121
3  2353 1314 2698
3  3140 2418 3074
3  3140 3074 1902
3  26 2103 407
3  26 407 2162
3  2782 509 2783
3  309 127 836
3  309 836 1586
3  3243 3240 1133
3  83 2767 61
3  2155 2913 37
3  2155 37 2692
3  9 307 624
3  2236 2232 2066
3  1018 3414 3435
3  2721 2398 1709
3  377 1709 2398
3  1987 960 1989
3  2524 1699 70
3  3622 26 2162
3  3622 2164 26
3  2326 1968 878
3  2173 2326 878
3  2299 1533 2300
3  2299 2300 75
3  1396 3672 3129
3  1396 3129 1095
3  1778 3958 3959
3  1778 3959 4248
3  193 4061 4060
3  193 4060 2806
3  1408 1350 1227
3  4289 4291 3980
3  3533 3535 2033
3  1307 2739 685
3  2380 2739 1307
3  387 403 1543
3  3184 1885 1469
3  1126 3184 1469
3  1818 2737 2738
3  985 998 601
3  985 601 1748
3  1457 1128 2235
3  1457 2235 2634
3  1762 2085 1165
3  1762 1165 3644
3  3874 4020 4001
3  3731 4020 3874
3  499 1659 625
3  499 625 258
3  2517 25 863
3  2517 2519 25
3  3122 2794 1742
3  3282 3281 1880
3  3282 1880 1053
3  3277 3276 3474
3  1454 3277 3474
3  2296 1298 212
3  438 1580 666
3  2449 1415 3801
3  2449 3801 1414
3  2832 2834 2831
3  759 3768 2515
3  3715 1393 3716
3  782 3715 3716
3  2977 2980 2978
3  2977 463 2980
3  1373 1092 443
3  2979 22 2982
3  2979 2982 1454
3  1695 3697 3698
3  1695 3698 2247
3  1848 119 686
3  1848 686 1903
3  4183 4153 3720
3  885 4153 4183
3  3117 2425 1318
3  3117 1318 2424
3  1617 451 1060
3  3696 1598 1551
3  2527 914 1088
3  1179 2723 1860
3  1179 2724 2723
3  1181 1831 2825
3  1771 156 2320
3  643 1238 2392
3  3180 2392 1238
3  1469 473 98
3  3099 3097 3098
3  3282 3098 3097
3  3328 3327 1356
3  819 1541 2058
3  4291 975 4353
3  4291 4353 3980
3  3519 3515 3517
3  1062 1233 2339
3  3597 1233 1062
3  1923 3177 3178
3  1927 3178 3177
3  59 992 3916
3  59 3916 3917
3  3211 797 3212
3  1340 797 3211
3  3891 3892 3852
3  3891 1673 3892
3  2423 3587 1928
3  2423 1928 1581
3  2792 2793 2794
3  902 936 1696
3  3145 3845 2628
3  3040 3160 2107
3  1330 3160 3040
3  3788 3787 1458
3  1538 460 851
3  1538 851 2655
3  2925 516 1113
3  1374 1113 516
3  2980 22 2978
3  4084 4261 4186
3  4084 1293 4261
3  1851 1515 3447
3  1141 1653 1885
3  120 1481 1886
3  1609 120 1886
3  462 2261 3893
3  135 3893 2261
3  2277 370 2229
3  1396 3670 3672
3  1665 3763 3759
3  3123 763 3125
3  3258 3610 2945
3  2677 2676 616
3  401 2251 311
3  372 311 2251
3  657 601 998
3  1531 887 644
3  728 1717 1718
3  3221 3218 2532
3  247 2713 3756
3  1815 247 3756
3  3346 757 297
3  2937 757 3346
3  2435 652 2436
3  2435 2436 2772
3  477 3513 2165
3  477 2165 2632
3  673 754 2165
3  3513 673 2165
3  3225 2363 746
3  247 140 2713
3  4072 826 4071
3  3707 4071 826
3  4356 970 3906
3  3892 135 3852
3  3892 3893 135
3  692 761 1550
3  2066 951 1445
3  52 1445 951
3  631 285 1611
3  1260 2290 2292
3  2642 2290 1260
3  3667 3665 1071
3  3667 1071 3666
3  1416 1073 239
3  3185 239 1073
3  1965 98 2702
3  1287 1068 2570
3  1287 2570 2569
3  3711 1081 2220
3  1205 3256 3201
3  3300 3299 416
3  279 928 2414
3  2658 279 2414
3  546 3157 923
3  2742 640 2745
3  1346 1093 2142
3  1276 609 2804
3  2804 2805 2160
3  2804 609 1451
3  2805 2804 1451
3  1083 655 2717
3  2546 2279 105
3  689 2546 105
3  3428 1245 3664
3  2001 992 2496
3  2001 2496 3808
3  4438 281 2052
3  301 1937 2725
3  3621 995 3619
3  3621 3619 4069
3  3064 2860 590
3  3064 1272 2860
3  1457 505 202
3  338 1457 202
3  3211 637 3209
3  48 637 3211
3  1921 2097 494
3  469 1921 494
3  539 3187 3188
3  2256 102 2446
3  2256 2446 2065
3  720 1649 1748
3  3443 3444 1016
3  1123 3878 3876
3  285 789 1442
3  631 789 285
3  2691 842 3677
3  543 842 2691
3  3090 3473 141
3  2178 894 3021
3  1766 1598 1597
3  356 1766 1597
3  3883 3228 564
3  329 98 473
3  418 108 1452
3  4312 3767 3955
3  1940 2635 1129
3  96 1956 2568
3  1590 1735 2241
3  1590 3862 1735
3  2567 1287 2569
3  3747 3746 159
3  1356 3327 3324
3  1356 3324 3325
3  2364 1652 1147
3  523 1652 2364
3  2195 1356 1085
3  3328 1356 2195
3  1387 2926 2928
3  1387 3077 2926
3  2458 2088 609
3  2458 2561 2088
3  758 2204 356
3  689 105 1714
3  1363 3331 3332
3  1221 2767 2017
3  3138 2871 1832
3  233 3828 3827
3  3041 2147 3443
3  3041 3443 3445
3  4047 4308 3744
3  4047 3744 971
3  2552 2102 1285
3  1181 2067 1830
3  3215 2175 200
3  1215 3308 1951
3  1341 3694 4354
3  1491 1341 4354
3  1466 2231 2230
3  3389 1183 1254
3  3389 1254 3796
3  3319 3318 3919
3  3319 3919 79
3  3518 3515 121
3  3417 2279 1489
3  2654 2111 1554
3  1202 538 1775
3  3343 382 3345
3  3344 382 3343
3  1588 3201 3256
3  3261 3201 1588
3  535 1908 1909
3  3100 3099 2769
3  220 613 1653
3  3966 1369 3971
3  2472 2732 2728
3  2314 2728 2732
3  4143 2132 1315
3  869 2132 4143
3  1785 55 1410
3  1785 2827 55
3  1805 1669 3411
3  1337 2446 2071
3  2589 3999 1326
3  3453 910 2117
3  1210 1617 1060
3  3639 1253 3468
3  3639 3468 1255
3  586 2787 2785
3  1526 1527 3200
3  551 1760 2620
3  187 3330 3432
3  2807 2808 1555
3  1618 2807 1555
3  316 3298 2673
3  3643 3298 316
3  1212 2850 2852
3  580 3365 2499
3  505 1457 2634
3  681 761 251
3  1550 761 681
3  1279 2468 3624
3  1279 3624 3625
3  2175 2550 1241
3  2760 2550 2175
3  452 1504 663
3  3309 1440 2265
3  1648 2265 1440
3  914 2112 1088
3  3576 1591 1299
3  615 2190 2191
3  2995 3120 763
3  1963 1480 1961
3  1963 1961 2056
3  199 845 2315
3  2948 2950 1078
3  1379 3299 3300
3  1379 3300 577
3  1785 3239 2463
3  1785 2463 3205
3  1994 954 3504
3  3713 3504 954
3  3394 802 197
3  2513 906 664
3  3645 3644 1971
3  3645 1762 3644
3  22 2979 2978
3  1915 2105 2575
3  1487 1975 2186
3  1487 2186 3244
3  2491 2326 64
3  1907 850 2999
3  1907 2999 1558
3  592 3542 2119
3  592 2119 2952
3  523 2364 1870
3  3860 3981 3986
3  3860 4267 3981
3  2582 1662 2298
3  3830 2912 4311
3  1494 934 572
3  933 572 934
3  3085 3084 628
3  2415 909 1508
3  3751 1508 909
3  3045 1421 1758
3  3048 1758 1421
3  1171 1807 3304
3  3131 2515 298
3  1217 1595 1059
3  2022 3782 3350
3  215 172 978
3  2145 1118 2355
3  325 360 1877
3  1467 2152 2540
3  1846 3620 704
3  4086 4089 1560
3  2393 1275 935
3  2393 935 3693
3  4 3062 3061
3  1077 4 3061
3  1803 1076 1700
3  1677 2609 1905
3  3029 2018 265
3  783 2018 3029
3  2021 3381 3382
3  3863 2651 1462
3  3863 1462 3881
3  1401 3437 2145
3  2041 1948 1052
3  1019 2041 1052
3  865 672 982
3  4387 3986 3987
3  2746 2744 1500
3  2727 1500 2744
3  3581 2615 3580
3  205 846 1644
3  1749 846 205
3  877 2667 1697
3  2619 2618 1715
3  2860 2618 2619
3  2552 678 500
3  222 3422 594
3  222 594 2803
3  4198 3837 4199
3  2161 2091 2092
3  2970 2196 1820
3  3702 2246 2247
3  3286 178 3285
3  445 2116 899
3  2062 2116 445
3  3243 1486 3240
3  1285 2102 2455
3  1773 961 313
3  1987 313 961
3  3708 1215 4423
3  1887 3593 4037
3  4038 1887 4037
3  688 4064 3939
3  688 3939 3192
3  2141 963 1903
3  2193 1903 963
3  1816 2666 1468
3  1816 1468 1412
3  1957 1203 1955
3  1469 98 1965
3  344 1242 3763
3  4270 711 1647
3  2814 1336 1874
3  2813 2814 1874
3  2356 2947 1078
3  2948 1078 2947
3  2190 1239 2191
3  2363 925 364
3  3225 925 2363
3  2028 930 1656
3  2028 1656 321
3  2538 1810 1726
3  1141 1223 2428
3  3469 549 221
3  1809 549 3469
3  1191 3429 1916
3  1191 1916 3579
3  254 1113 2621
3  4042 1149 1633
3  4042 4043 1149
3  396 751 1563
3  396 1563 2553
3  1167 584 2079
3  2298 2079 584
3  1176 896 3113
3  641 3113 896
3  1466 892 2233
3  2093 1217 1059
3  2052 2051 2053
3  1987 1989 1988
3  1334 1988 1989
3  2859 1703 30
3  859 2859 30
3  2577 1003 1005
3  2577 1005 2025
3  1936 2489 413
3  2376 2489 1936
3  1456 604 1366
3  2009 2621 1374
3  2009 1374 1373
3  4371 1953 1951
3  1783 1707 1158
3  811 2810 2809
3  811 2136 2810
3  1746 2898 540
3  1115 2060 2059
3  438 1563 1811
3  1816 949 2666
3  1410 949 1816
3  1991 130 4061
3  1991 3765 130
3  2295 2297 1298
3  2289 2288 796
3  1835 1612 1206
3  156 776 1357
3  802 3106 3105
3  3410 336 283
3  3650 1245 2492
3  2345 1043 1131
3  682 2428 3681
3  3477 3152 3153
3  1127 1518 1934
3  1356 3325 2591
3  1894 1896 1355
3  2917 2655 851
3  3631 1272 3323
3  3631 3323 2442
3  1865 1688 2904
3  1865 1155 1688
3  2738 701 1819
3  2738 1819 1821
3  2082 1479 1481
3  2427 1028 1090
3  1684 1691 1325
3  1684 1688 1691
3  1295 1080 1154
3  1876 990 3252
3  2933 2934 244
3  3895 671 4044
3  3411 735 1805
3  3979 3978 3780
3  1777 2156 288
3  1719 1777 288
3  553 787 2063
3  1259 2063 787
3  459 3990 3984
3  3694 2417 4354
3  183 3197 2566
3  2686 692 2687
3  2173 64 2326
3  2411 2377 302
3  3102 1994 3500
3  3102 3500 394
3  1139 1844 1630
3  3696 456 1598
3  4409 3969 3948
3  4409 393 3969
3  962 998 2383
3  962 2383 1418
3  1469 1885 473
3  2197 3475 1400
3  2197 1400 3148
3  2622 1593 602
3  1594 2622 602
3  864 1694 994
3  864 2474 1694
3  1018 702 2421
3  1018 2421 3414
3  4031 879 3573
3  2745 640 2744
3  2745 2744 2746
3  2547 2548 3678
3  1091 1852 1853
3  1091 1853 1029
3  371 1516 3189
3  3186 371 3189
3  1279 4372 2861
3  3304 1807 286
3  1716 1898 1637
3  1977 883 300
3  638 300 883
3  345 1719 2104
3  1060 2807 1210
3  361 1433 3008
3  3468 3008 1433
3  1585 3714 4420
3  1838 3278 2600
3  558 3278 1838
3  1922 3872 3873
3  1922 3871 3872
3  1227 1350 1189
3  2881 1508 3155
3  2672 3566 1417
3  2672 15 3566
3  716 724 1763
3  716 1763 532
3  3459 3460 384
3  717 3459 384
3  834 1425 2526
3  834 2526 498
3  1010 2986 2987
3  3688 3687 1964
3  2805 3087 2160
3  1277 3087 2805
3  1290 958 3340
3  1615 3340 958
3  1085 2592 196
3  2339 1233 2338
3  2339 2338 2125
3  2359 3827 1215
3  2359 233 3827
3  3197 77 2566
3  3530 3617 3528
3  1976 2753 2157
3  1976 2157 2158
3  1150 1617 1672
3  2081 897 2082
3  1479 2082 897
3  1990 3636 4281
3  3794 381 3036
3  3733 3734 2266
3  558 1838 2437
3  558 2437 3054
3  1424 2973 2972
3  3156 2973 1424
3  332 3898 4219
3  2898 1321 2863
3  2898 2897 1321
3  1198 1803 1802
3  1198 1076 1803
3  2962 3345 110
3  2848 2659 2930
3  160 3991 459
3  3990 459 3991
3  2906 2907 1174
3  1628 1174 2907
3  1800 1982 2127
3  2353 2698 976
3  655 2908 2909
3  2630 2909 2908
3  1076 1036 3108
3  3301 3108 1036
3  2332 1616 1210
3  2807 2332 1210
3  4093 3009 3772
3  3182 705 967
3  3447 1515 1300
3  1547 3447 1300
3  75 2300 2461
3  33 75 2461
3  324 1404 1710
3  2522 3231 2828
3  2522 2828 3208
3  1793 888 3039
3  3821 2362 1942
3  3821 1942 3822
3  1256 2141 2140
3  2013 1792 3467
3  1724 1041 1119
3  489 2430 2149
3  3558 2319 658
3  3559 3558 658
3  1724 486 1041
3  2825 3138 1708
3  2825 1708 246
3  1524 1033 1012
3  2661 278 2660
3  1566 2223 2224
3  2813 2223 1566
3  1139 2409 172
3  484 2409 1139
3  4312 4208 4194
3  875 4208 4312
3  1840 2618 2860
3  2656 2657 836
3  2656 836 127
3  1042 1124 1547
3  2028 2029 930
3  2028 2249 2029
3  3141 3142 2862
3  4361 3141 2862
3  2847 2846 1516
3  3599 2126 2561
3  2458 3599 2561
3  2853 2852 596
3  1376 2360 2339
3  1930 2359 1200
3  1930 266 2359
3  3095 3092 526
3  3072 2418 3140
3  3072 3140 303
3  2677 1788 2720
3  616 1788 2677
3  1742 2993 1737
3  1845 3307 1595
3  3648 3649 3647
3  4145 1322 2859
3  2281 1116 1044
3  4295 36 4156
3  1471 1370 1623
3  1778 4337 3958
3  3413 974 117
3  1602 974 3413
3  2420 926 595
3  1620 3682 1223
3  3184 1620 1223
3  529 1332 1120
3  2390 1120 1332
3  1012 1871 1524
3  24 543 1867
3  81 819 63
3  1399 819 81
3  1867 226 2873
3  1832 1708 3138
3  536 924 1310
3  3463 1310 924
3  1426 3034 1841
3  155 3845 3145
3  328 155 3145
3  2789 1207 1574
3  2787 2789 1574
3  1826 2496 517
3  204 2496 1826
3  3615 898 3614
3  1229 3381 2019
3  3382 3381 1229
3  1935 926 1518
3  1561 1813 1014
3  1561 1014 1034
3  1625 181 952
3  3068 3066 1020
3  3068 1020 3532
3  4000 1418 264
3  3927 44 642
3  389 1548 335
3  2301 942 1666
3  1001 1666 942
3  66 393 4409
3  3970 3992 3983
3  504 187 2711
3  504 3330 187
3  2366 915 3736
3  3870 915 2366
3  255 2072 3075
3  255 3075 163
3  483 2647 1344
3  4075 3216 4076
3  4074 3216 4075
3  1174 3263 2101
3  1174 2101 1686
3  1877 360 1881
3  1201 1877 1881
3  2523 1803 1700
3  2170 881 99
3  1453 3352 3255
3  2182 1453 3255
3  1296 2093 2466
3  223 1526 3260
3  3261 223 3260
3  1898 1716 1196
3  3324 674 3325
3  3327 674 3324
3  1111 1488 3334
3  3335 3334 1488
3  3335 1488 1111
3  2514 1302 2516
3  1390 799 289
3  1860 289 799
3  718 1905 2609
3  718 2609 1676
3  1949 1166 1586
3  2964 245 2968
3  1811 1577 3006
3  2748 2747 1837
3  2749 2748 1837
3  1513 3921 3784
3  2123 1513 3784
3  1018 219 702
3  2619 1715 1639
3  2619 1639 590
3  3241 1521 3242
3  3698 3702 2247
3  2411 195 2377
3  2991 2066 2232
3  2991 2232 2231
3  2038 917 2102
3  209 917 2038
3  2080 2830 1878
3  3280 1878 2830
3  1722 2840 684
3  1722 2841 2840
3  3505 3105 1408
3  3505 1408 3144
3  209 65 2992
3  2391 1395 973
3  1353 991 989
3  548 1353 989
3  664 3951 3952
3  819 2058 2057
3  819 2057 63
3  2919 1691 1313
3  2919 1325 1691
3  2085 2084 1514
3  3234 1514 2084
3  3251 2575 1230
3  4317 3769 4308
3  3765 3830 130
3  299 514 2091
3  2161 299 2091
3  1536 1135 2327
3  1536 2327 1802
3  69 3204 649
3  69 2177 3204
3  839 982 672
3  2040 982 839
3  2229 883 2276
3  638 883 2229
3  275 266 1727
3  2649 1237 2734
3  3263 1174 1743
3  2630 1743 1174
3  421 3487 180
3  1893 1292 944
3  1893 944 1892
3  465 624 2348
3  1972 624 465
3  57 1956 1959
3  3740 2563 3741
3  2310 3740 3741
3  1566 2814 2813
3  1254 2814 1566
3  1593 999 602
3  1397 602 999
3  528 2851 1428
3  1954 1428 2851
3  2348 624 307
3  1901 2116 929
3  3139 2670 1996
3  554 3139 1996
3  251 1754 1438
3  251 496 1754
3  2531 1162 2530
3  2531 1055 1162
3  172 639 1844
3  1139 172 1844
3  3446 1651 1556
3  288 2156 3251
3  1381 2989 3523
3  1381 3523 3522
3  3771 2362 2361
3  1203 597 1956
3  1203 1956 1955
3  3950 4404 603
3  3950 3311 4404
3  2106 2109 1330
3  689 1715 2618
3  689 2618 2547
3  2076 2192 872
3  2076 1220 2192
3  2766 3064 590
3  2766 179 3064
3  801 1883 3453
3  801 3453 1974
3  3453 2117 3452
3  3580 3015 2121
3  351 1501 1499
3  351 1499 253
3  295 2491 64
3  1978 2491 295
3  498 1890 2983
3  1562 62 633
3  1562 633 1533
3  1776 731 1777
3  1789 616 690
3  1884 972 72
3  2890 72 972
3  2463 2070 1250
3  2463 1250 3205
3  1976 132 2753
3  1342 3198 3200
3  1342 3199 3198
3  3219 1471 3220
3  3219 3220 2532
3  2054 897 2081
3  811 1243 1731
3  2461 578 33
3  3293 1573 188
3  2725 779 271
3  2725 271 117
3  2725 974 301
3  2949 2828 785
3  3231 785 2828
3  460 2918 851
3  460 1693 2918
3  376 3302 3233
3  1113 1920 2925
3  254 1920 1113
3  2218 767 2194
3  1929 166 2218
3  758 2205 2204
3  758 2221 2205
3  2382 1307 685
3  2380 1307 2382
3  2640 1420 838
3  1183 3388 2324
3  1183 2324 3482
3  575 2341 2340
3  712 2105 1915
3  712 1915 1219
3  1481 1037 3550
3  2358 949 55
3  3981 4267 3781
3  3981 3781 3978
3  2728 3400 509
3  2728 509 2472
3  2987 2988 7
3  219 1556 1154
3  219 1018 1556
3  3456 3349 297
3  3346 297 3349
3  3635 852 3636
3  307 2924 984
3  307 984 2347
3  3467 891 283
3  1218 1182 2985
3  4124 4125 2697
3  3416 2413 854
3  2027 2028 321
3  2534 3005 3007
3  2534 3007 3309
3  2709 3005 2534
3  2709 2534 3309
3  1438 588 693
3  3143 2729 40
3  1718 810 2407
3  1679 2407 810
3  3502 3503 1402
3  458 3951 1506
3  458 1506 231
3  236 575 1622
3  236 1776 575
3  538 1557 707
3  519 707 1557
3  3727 784 3003
3  3871 3464 1371
3  1504 806 663
3  770 806 1504
3  105 817 2684
3  1714 105 2684
3  3337 268 357
3  3337 2377 268
3  1441 21 612
3  2707 314 2404
3  314 2707 2128
3  1090 1318 2425
3  1021 2252 2770
3  1058 2252 1021
3  2516 1302 27
3  2396 1928 2992
3  1581 1928 2396
3  1986 941 2875
3  700 1231 1325
3  3983 2267 3970
3  798 3522 988
3  1407 766 2139
3  3536 3806 347
3  80 3806 3536
3  796 168 2250
3  1582 3080 2397
3  1582 2397 2696
3  337 2811 659
3  2815 659 2811
3  1437 2668 2632
3  524 2632 2668
3  179 2766 2639
3  1338 2639 2766
3  1040 1772 1612
3  1072 1772 1040
3  4157 4295 4156
3  1960 920 383
3  2482 920 1960
3  540 2898 2863
3  540 2863 235
3  1672 1617 2067
3  892 1310 1241
3  1034 1429 1286
3  3824 2608 3823
3  3824 3823 4298
3  425 1549 867
3  2067 1616 905
3  4315 3793 1386
3  4315 1386 4264
3  2153 3750 3747
3  2153 3747 4394
3  1599 968 1603
3  1208 1642 52
3  506 52 1642
3  1667 551 2953
3  1667 260 551
3  1080 2866 2306
3  1080 2306 1154
3  1030 2142 1093
3  3173 754 673
3  3173 673 3556
3  2189 876 2187
3  3861 4178 4185
3  3988 3861 4185
3  2949 785 3010
3  3263 1557 1907
3  3263 1907 1558
3  2482 2098 920
3  2482 13 2098
3  3107 1350 3106
3  294 1498 2872
3  1832 2872 1498
3  617 556 2835
3  1205 2030 1655
3  1799 2834 2832
3  1799 506 2834
3  2942 138 2940
3  2942 2940 3444
3  3764 4375 38
3  717 2135 3459
3  485 1649 720
3  485 2069 1649
3  2504 947 2488
3  4238 848 3165
3  1753 3030 4351
3  734 153 3398
3  1902 1901 921
3  1781 2646 1654
3  2647 1654 2646
3  127 279 2658
3  3208 3206 2522
3  580 2955 3365
3  3364 3365 2955
3  3112 1829 1176
3  2330 1438 693
3  3365 3062 2499
3  933 3062 3365
3  1614 1646 2922
3  2230 2231 112
3  1128 2230 112
3  1401 2157 2753
3  1065 1269 1654
3  1025 1065 1654
3  2581 2580 1038
3  2329 625 467
3  550 467 625
3  1155 1683 1688
3  3885 2637 3289
3  1026 2664 2394
3  1616 706 905
3  327 3739 3799
3  2563 3739 327
3  2513 2319 1240
3  497 885 2928
3  497 2928 2926
3  1452 108 958
3  1452 958 1290
3  409 2190 615
3  409 615 1853
3  491 2726 353
3  523 1841 648
3  1870 1841 523
3  2850 860 2852
3  106 1598 456
3  1343 2220 1527
3  2257 2220 1343
3  2237 1029 889
3  2237 1981 1029
3  2408 262 978
3  2408 978 2409
3  1844 639 2
3  1630 1844 2
3  2100 1554 1009
3  1019 1009 1554
3  2282 914 338
3  2527 338 914
3  426 2068 1433
3  1255 1433 2068
3  1945 449 512
3  1865 1687 1690
3  1683 1865 1690
3  132 1650 1503
3  533 3756 632
3  533 1145 3756
3  2612 3822 818
3  2612 818 832
3  2351 1151 3831
3  2137 1151 2351
3  1405 611 660
3  1990 1989 2545
3  312 1503 2017
3  1221 2017 1503
3  3228 2873 457
3  226 457 2873
3  3850 1446 2736
3  3614 2736 1446
3  535 776 1908
3  2345 2622 1594
3  3980 4118 4223
3  246 1708 2876
3  1707 2876 1158
3  657 998 2576
3  1501 359 2848
3  1516 891 3190
3  1501 230 649
3  1501 2848 230
3  3667 3668 2842
3  2516 972 2514
3  2631 4101 4425
3  3494 2631 4425
3  2883 780 3492
3  1259 3492 780
3  2031 598 582
3  1120 3064 529
3  3063 3064 1120
3  3599 3596 2126
3  3599 87 3596
3  700 1156 1231
3  1308 1231 1156
3  4136 3898 2637
3  1770 1284 2410
3  1940 2410 1284
3  1310 2112 2113
3  2690 736 1450
3  2845 736 2690
3  9 624 3660
3  525 9 3660
3  933 3365 3364
3  3471 812 3867
3  284 3471 3867
3  3167 3464 2984
3  1371 3464 3167
3  2035 2034 1185
3  3016 1779 683
3  3013 990 292
3  3458 1417 3459
3  743 242 2036
3  2359 266 233
3  3012 990 3013
3  1643 3338 1521
3  727 1406 1919
3  1916 1406 727
3  1916 727 1919
3  2067 905 1830
3  494 867 1549
3  2097 867 494
3  2096 3010 785
3  2985 1182 2986
3  20 2486 3436
3  3068 214 341
3  1797 1180 1798
3  1232 1347 1764
3  1980 1347 1232
3  3011 500 678
3  2993 1058 1021
3  2993 2793 1058
3  1556 1651 1296
3  1154 1556 1296
3  4069 3619 433
3  536 1310 2113
3  536 2113 3072
3  1401 3512 2157
3  1009 1006 2100
3  1187 2035 261
3  1365 1429 1954
3  158 992 2001
3  3269 158 2001
3  96 775 1955
3  1132 946 1973
3  869 4143 4142
3  3118 2425 3117
3  1009 2798 1006
3  2108 3048 2593
3  2108 2593 2596
3  3063 1272 3064
3  2230 1128 1456
3  2583 584 2829
3  2189 2187 1242
3  1722 329 2841
3  1520 2389 2395
3  2390 2395 2389
3  1473 2391 2260
3  47 4170 3888
3  2032 2034 1324
3  1187 1324 2034
3  2354 976 2698
3  2394 2664 2395
3  1070 2395 2664
3  4411 3416 1505
3  4411 2185 3416
3  1609 898 3212
3  797 1609 3212
3  1260 2291 2642
3  1260 1492 2291
3  1492 2134 2291
3  1340 3211 3209
3  1132 2963 946
3  1132 2258 2963
3  292 3458 3459
3  2135 292 3459
3  1657 2121 2740
3  1657 3580 2121
3  805 1346 2142
3  805 2142 3334
3  3018 3411 622
3  2052 2053 3579
3  2052 3579 1918
3  1890 498 2526
3  1890 2526 2525
3  4242 2432 3932
3  4160 3730 4019
3  2129 294 1246
3  2129 1246 2707
3  1287 1674 1068
3  1422 3376 3377
3  476 2214 1724
3  1520 476 1724
3  2797 2798 1009
3  1684 1325 1231
3  154 3409 3225
3  2269 3409 154
3  156 1357 1085
3  156 1085 196
3  1234 1091 2318
3  1029 2318 1091
3  1068 3755 4403
3  1024 4403 3755
3  4279 1090 1028
3  1906 89 850
3  71 1525 2931
3  309 1525 71
3  3754 4414 1211
3  3754 39 4414
3  2351 3831 2350
3  4369 3840 3841
3  4116 4223 4117
3  4404 1958 603
3  492 553 2063
3  492 1221 553
3  3062 934 3061
3  4334 2870 576
3  4334 4335 2870
3  1019 3046 2172
3  1764 2990 542
3  3089 898 1609
3  559 898 3089
3  1358 3187 3186
3  1358 3188 3187
3  309 2551 1525
3  1980 1030 1093
3  1013 1030 1980
3  2421 2285 974
3  421 3488 3487
3  1378 2680 591
3  1499 3195 2727
3  1499 2727 253
3  4142 2589 1326
3  1565 3168 427
3  2347 2999 3440
3  977 3440 2999
3  1807 3469 221
3  1373 443 2010
3  4239 100 3563
3  82 4062 1491
3  82 1491 2294
3  1057 1463 2788
3  1739 1057 2788
3  1866 2253 965
3  1866 1104 2253
3  739 1942 2362
3  739 2362 1376
3  2786 1207 1058
3  2792 2786 2793
3  1897 2789 2787
3  1727 392 2118
3  1727 266 392
3  194 3890 4379
3  1378 591 463
3  503 463 591
3  2737 2970 1820
3  2737 1820 2738
3  504 2711 2710
3  3353 1730 3352
3  2912 145 2911
3  1540 2531 3218
3  1540 3218 3221
3  1665 3929 3763
3  2984 3464 4221
3  2956 2222 2223
3  1252 2223 2222
3  3232 2096 785
3  3233 2096 3232
3  376 1389 89
3  850 89 1389
3  4297 1211 1947
3  3842 4297 1947
3  236 731 1776
3  1914 731 236
3  1842 3286 3284
3  1842 178 3286
3  117 974 2725
3  2002 910 437
3  3554 3553 3171
3  4196 4197 4440
3  213 1460 4392
3  213 422 1460
3  343 1395 1808
3  3933 677 3934
3  4079 3934 677
3  2601 3445 2597
3  2273 2623 808
3  2273 808 1204
3  64 2174 2874
3  2793 2786 1058
3  505 2634 2635
3  2794 2793 1742
3  46 2623 2273
3  296 606 439
3  3151 1332 529
3  2043 604 1456
3  2043 1456 1128
3  5 872 2472
3  1978 1977 165
3  2780 1407 2779
3  10 657 2781
3  839 199 2512
3  3271 3272 3270
3  1530 3272 3271
3  1354 1355 1896
3  1245 3427 2492
3  1468 2666 2667
3  2511 304 1395
3  2795 1317 2829
3  2067 1617 1210
3  2067 1210 1616
3  2316 415 1487
3  2316 1487 3244
3  3280 1201 1879
3  1372 2556 2557
3  647 1372 2557
3  3248 1473 2959
3  3248 2959 3245
3  3801 1415 3802
3  3459 1417 3460
3  3144 1408 1227
3  1871 1007 1775
3  1108 1477 2626
3  1108 2626 118
3  3642 3641 3640
3  165 2491 1978
3  1111 2142 1982
3  196 554 156
3  2320 156 554
3  146 2120 2121
3  2810 683 2809
3  2810 3016 683
3  3552 964 3169
3  618 2881 3155
3  843 918 398
3  499 3406 3404
3  1907 1906 850
3  454 1063 1512
3  548 454 1512
3  537 863 1965
3  537 1965 2702
3  4094 4048 4093
3  2335 928 279
3  4152 3907 1823
3  4152 4357 3907
3  236 1622 1914
3  42 3261 3260
3  2214 2215 1435
3  258 1437 499
3  258 417 1437
3  3279 2490 1713
3  672 1713 2490
3  1712 4117 4118
3  4223 4118 4117
3  355 888 1135
3  2228 3356 1780
3  2228 131 3356
3  2127 1982 1030
3  2127 1030 1013
3  3281 3280 1879
3  3281 1879 1066
3  4440 4384 4190
3  1129 2634 2234
3  2235 2234 2634
3  2421 974 1602
3  3414 2421 1602
3  55 2826 2946
3  2827 2826 55
3  3167 3164 1371
3  814 2353 976
3  189 2412 1268
3  2236 1981 2237
3  2236 2237 1129
3  4112 4114 3947
3  488 3034 674
3  2124 3596 87
3  1655 593 321
3  2030 593 1655
3  2035 1187 2034
3  54 2687 4393
3  432 4393 2687
3  3876 3726 3872
3  97 245 2964
3  282 511 1526
3  223 282 1526
3  3202 352 1693
3  3202 2177 352
3  3266 3265 3264
3  1651 240 1217
3  2093 1651 1217
3  54 2479 3357
3  54 4393 2479
3  2174 2411 967
3  1717 1269 1065
3  1717 1065 1025
3  115 2623 2624
3  2425 2427 1090
3  1944 1945 3161
3  52 506 1445
3  211 943 2227
3  2543 76 647
3  46 2273 205
3  46 205 1645
3  2652 1946 1211
3  1580 425 867
3  1580 867 691
3  3136 3134 1934
3  3135 1934 3134
3  1530 967 705
3  3182 967 1510
3  3633 1510 967
3  1883 947 437
3  178 3288 3285
3  2915 1993 2914
3  2304 2755 3118
3  497 2926 100
3  2170 3339 176
3  2170 176 278
3  32 1484 3282
3  2231 2232 112
3  2338 1233 2124
3  499 2165 3406
3  2202 1112 2712
3  2203 2712 1112
3  2560 2548 2442
3  2694 2560 2442
3  2477 1624 3723
3  3529 3533 2033
3  3529 2033 3528
3  1688 1690 1691
3  3705 184 2246
3  1647 2922 1750
3  3965 3975 4267
3  3965 3825 3975
3  2586 2587 1242
3  2586 1242 2187
3  2715 745 2200
3  1202 745 2715
3  4029 1962 47
3  4028 1962 4029
3  2296 212 4210
3  1626 866 1769
3  1626 1769 2836
3  1112 2152 1467
3  2808 1060 3242
3  2808 2807 1060
3  317 2590 1629
3  1922 3873 3875
3  260 3644 1760
3  260 1760 551
3  3274 619 645
3  4032 4015 369
3  3833 4015 4032
3  1167 2079 1482
3  2078 1482 2079
3  495 1833 17
3  495 17 3993
3  1445 1103 2066
3  1600 3434 1845
3  1600 1153 3434
3  1876 3252 2205
3  1876 2205 3461
3  3206 1490 2522
3  3134 1899 3135
3  1007 1553 70
3  1699 1007 70
3  1293 3823 1943
3  1293 1943 2612
3  1136 3170 3552
3  3553 3170 1136
3  4023 4100 2003
3  2422 311 778
3  2422 401 311
3  405 1564 3
3  2689 3 1564
3  1083 1432 1871
3  1083 1097 1432
3  2948 2949 2094
3  3010 2094 2949
3  1411 3205 3208
3  1607 2199 1166
3  2933 3411 1157
3  2933 1157 2934
3  2240 880 1249
3  2726 2240 1249
3  3998 3835 104
3  4272 104 3835
3  2228 1419 3999
3  73 3317 126
3  2118 73 126
3  73 3315 3317
3  1635 1143 1673
3  779 1673 1143
3  3310 3331 1363
3  3567 3566 15
3  2350 997 310
3  786 3252 3012
3  786 2205 3252
3  865 3524 2920
3  877 2183 1412
3  2382 2011 383
3  3813 1836 4299
3  610 4360 3863
3  610 3863 3882
3  746 2884 2885
3  2024 103 206
3  275 1727 709
3  275 709 2604
3  4084 3755 4298
3  2528 2533 319
3  2528 319 471
3  2528 1439 2533
3  3258 946 2963
3  3257 3258 2963
3  2735 1811 751
3  2735 1577 1811
3  4228 4300 1106
3  4228 1106 4381
3  1850 1852 3520
3  1850 3520 3521
3  3507 1380 3509
3  276 3507 3509
3  460 3202 1693
3  460 2938 3202
3  2458 87 3599
3  4170 1539 4182
3  694 4182 1539
3  2403 2702 326
3  2401 2403 326
3  2699 1118 2847
3  308 2699 2847
3  4303 4301 996
3  2923 2858 101
3  578 2461 1137
3  578 1137 1605
3  3601 1430 3602
3  4180 3906 4113
3  4180 4113 788
3  1083 2717 84
3  2424 571 137
3  3729 3158 546
3  3291 933 3364
3  2710 2712 504
3  2203 504 2712
3  3535 3532 2033
3  3035 636 3036
3  2242 390 3454
3  2242 3454 3424
3  3794 3795 381
3  1587 1589 282
3  511 282 1589
3  802 556 3106
3  2260 2219 1225
3  670 1530 705
3  1669 1157 3411
3  1440 3007 3008
3  1440 3008 1434
3  61 490 83
3  771 1985 3577
3  1926 1923 1591
3  62 870 568
3  908 924 536
3  3736 915 959
3  3297 456 2559
3  436 3297 2559
3  2782 2783 1080
3  3264 2259 3266
3  1545 3672 3670
3  1545 3670 793
3  2665 2592 2591
3  2538 2537 250
3  2934 2780 1723
3  78 621 1636
3  2027 321 593
3  2027 593 2030
3  2604 4319 1938
3  2979 1898 1196
3  2979 1196 2978
3  1456 2480 2230
3  556 802 2835
3  1506 35 231
3  3862 632 2308
3  1548 849 225
3  1042 988 969
3  1124 1546 3518
3  1124 3518 1547
3  2530 471 3217
3  3033 3217 471
3  520 4387 3987
3  520 3987 4290
3  1599 1361 968
3  2038 2102 1222
3  2347 3440 1382
3  500 1222 2102
3  3633 852 3635
3  398 2576 843
3  1914 2156 731
3  1304 2438 1634
3  1304 2439 2438
3  1110 2439 1304
3  1110 2154 2439
3  29 637 1635
3  1364 2563 2562
3  3559 650 3558
3  2089 609 2088
3  2973 2971 3229
3  729 2399 2024
3  729 2024 2716
3  831 1865 2904
3  2904 1684 1689
3  2904 1688 1684
3  3784 3921 347
3  3518 3484 3447
3  4195 3962 3283
3  2429 4067 3985
3  254 147 1920
3  2094 2950 2948
3  2951 2950 2094
3  1745 1067 1281
3  2670 740 1996
3  2278 2300 1533
3  2278 446 2300
3  2982 669 1390
3  1388 3223 792
3  1388 792 2768
3  447 2756 4246
3  2905 2907 2906
3  2905 1308 2907
3  3458 292 493
3  1851 3483 1234
3  579 740 1475
3  1570 740 579
3  1571 1570 579
3  1444 2447 2448
3  3866 1444 2448
3  2673 15 2672
3  316 2673 2672
3  316 2672 2671
3  2659 2848 359
3  2048 2940 2941
3  138 2941 2940
3  2407 728 1718
3  3612 3473 1656
3  3090 1656 3473
3  2269 1268 1733
3  2269 1733 2176
3  1650 2002 553
3  1503 1650 553
3  2693 2975 1006
3  2693 1006 2798
3  2605 2253 358
3  1576 751 396
3  1578 1576 396
3  295 2874 580
3  64 2874 295
3  222 1150 2617
3  2481 2453 109
3  2481 109 122
3  2243 1889 1190
3  2243 1190 563
3  2240 513 3625
3  368 773 1614
3  368 1614 711
3  3576 1299 1075
3  3576 1075 3577
3  886 653 1583
3  1471 792 3220
3  2994 2993 1021
3  3518 3447 1547
3  211 3638 3636
3  2760 2175 3215
3  183 1661 693
3  223 1587 282
3  3256 3257 1588
3  4121 4120 913
3  149 3713 2542
3  3504 3713 149
3  1962 3687 3688
3  30 1703 3266
3  3162 1022 3161
3  2756 661 2865
3  4246 2756 2865
3  2431 621 1899
3  1636 621 2431
3  1880 3281 1066
3  1880 1066 2045
3  2834 506 1642
3  3312 2663 4302
3  125 3312 4302
3  4401 606 296
3  4401 296 3415
3  968 1361 2895
3  3114 3370 3371
3  1681 981 660
3  2059 1331 1248
3  1115 2059 1248
3  230 2848 2930
3  230 2930 189
3  2560 1044 1116
3  2560 2694 1044
3  1551 1766 1736
3  856 921 1407
3  1901 1407 921
3  2907 1308 1628
3  4164 3984 2012
3  1846 619 433
3  4153 3834 3657
3  4251 3657 3834
3  1018 3435 1048
3  3706 184 3705
3  3706 3479 184
3  2349 365 441
3  4041 957 1703
3  1633 957 4041
3  2885 2883 1678
3  2882 1678 2883
3  480 1274 2
3  2462 2 1274
3  3631 2548 1840
3  2493 3557 3570
3  2493 3570 2967
3  1214 1567 3570
3  1214 3570 2565
3  2153 3839 3750
3  1592 3174 3576
3  1523 578 1605
3  1523 1605 345
3  31 2867 2868
3  294 31 2868
3  364 772 2363
3  1148 2953 3270
3  534 919 4309
3  2881 107 862
3  2881 618 107
3  3758 2585 2542
3  1486 1517 3240
3  3108 2200 585
3  2524 3108 585
3  3913 782 3716
3  2474 864 2243
3  2507 2445 163
3  1652 523 648
3  4193 3766 4195
3  4211 3766 4193
3  3808 704 3143
3  3255 3352 1875
3  3254 3255 1875
3  2643 2644 675
3  1335 2815 2811
3  2108 2596 2601
3  231 35 317
3  231 317 1629
3  338 2527 1457
3  2043 1457 2527
3  3703 2246 3700
3  3990 2267 3983
3  1374 516 1092
3  1632 1092 516
3  1373 1374 1092
3  362 756 3525
3  2209 1216 2610
3  2209 2610 94
3  2961 2962 1186
3  395 926 2420
3  1912 926 395
3  2122 3029 265
3  766 3029 2122
3  3245 3246 999
3  3245 999 1593
3  2434 41 2453
3  489 3334 3335
3  3298 1476 2673
3  2150 638 2083
3  370 2083 638
3  1198 1802 1900
3  1076 1198 1900
3  4352 88 936
3  4352 136 88
3  1967 878 1968
3  195 878 1967
3  311 1669 1805
3  311 1805 778
3  4315 4264 662
3  344 3763 3929
3  1241 3463 925
3  1241 925 2176
3  1776 2341 575
3  3663 2069 485
3  3662 2069 3663
3  2360 3771 507
3  1646 846 2921
3  1646 2921 2922
3  2218 2194 1240
3  1929 2218 1240
3  2921 846 1749
3  3272 670 1148
3  3272 1148 3270
3  3640 1485 3642
3  2537 391 2335
3  438 1055 2536
3  1580 438 2536
3  241 2924 307
3  241 307 9
3  211 2227 3638
3  3089 3686 3685
3  3089 508 3686
3  276 145 3507
3  2880 2878 2869
3  2498 2499 3062
3  3219 3457 1471
3  3590 949 2358
3  3091 2019 190
3  3041 3445 3040
3  3110 174 4140
3  2249 1542 2029
3  1944 3161 1061
3  4259 4258 2613
3  4261 4259 2613
3  2167 2123 2636
3  299 3030 1753
3  342 3030 299
3  1512 2205 786
3  1512 2204 2205
3  337 659 2222
3  680 908 2122
3  781 908 680
3  680 2122 265
3  3204 607 649
3  1848 462 119
3  1661 2330 693
3  1661 1145 2330
3  1502 1090 4279
3  1502 2426 1090
3  467 550 172
3  2320 554 1161
3  2978 1196 2977
3  2800 2798 2797
3  2895 1681 1362
3  831 1685 1865
3  2590 1315 1629
3  2588 1315 2590
3  1250 2070 2821
3  54 573 2686
3  3431 2686 573
3  2956 2223 2813
3  114 1157 3032
3  3317 3316 3318
3  3317 3315 3316
3  3315 487 228
3  3315 228 3316
3  61 783 114
3  114 783 766
3  741 546 923
3  741 3729 546
3  4431 2289 796
3  1954 1100 1428
3  126 3317 3318
3  2005 722 461
3  1996 1570 1161
3  554 1996 1161
3  2498 3062 4
3  478 2498 4
3  1364 1560 4090
3  3717 1393 3884
3  2895 1362 2896
3  2895 2896 968
3  1686 2906 1174
3  1683 1690 1688
3  2887 606 2584
3  4401 2584 606
3  1690 1313 1691
3  831 2906 1685
3  3000 3512 3001
3  1314 3000 3001
3  3000 814 2471
3  3000 2471 3512
3  2353 814 3000
3  1684 1231 1689
3  1314 2353 3000
3  960 961 820
3  1775 538 655
3  2254 952 181
3  696 1692 458
3  231 696 458
3  1779 3374 113
3  3964 3825 3965
3  3309 3007 1440
3  4372 4245 3815
3  513 4245 4372
3  1545 929 2062
3  2116 2062 929
3  2601 2596 3445
3  2718 2193 2297
3  1698 2679 1378
3  1698 1378 2681
3  2676 2683 1377
3  2676 1377 2674
3  1935 595 926
3  1935 3109 595
3  2111 2654 1248
3  1331 2111 1248
3  3171 3555 3554
3  3171 1859 3555
3  1263 1599 2503
3  2478 841 2075
3  3375 2478 2075
3  4146 1265 3421
3  2702 98 326
3  3607 3608 743
3  3607 118 3608
3  2626 3608 118
3  1695 2247 1509
3  825 2958 4408
3  825 1633 2958
3  1832 2879 1708
3  1253 3609 3468
3  1239 2722 277
3  1709 969 153
3  377 969 1709
3  2095 2948 2947
3  1720 1858 1583
3  1156 700 1711
3  603 4141 3927
3  4287 3900 4286
3  4285 4286 3900
3  3959 4192 3283
3  3959 3283 3960
3  1506 890 35
3  732 1003 2685
3  732 2685 3448
3  3078 4002 3077
3  1551 1598 1766
3  2539 1229 2019
3  1061 3382 1229
3  1944 1061 1229
3  159 4044 4045
3  3895 4044 159
3  252 810 1718
3  252 1232 542
3  3155 1508 2369
3  345 599 1719
3  1605 599 345
3  3798 3982 3976
3  3977 3976 3982
3  1236 1414 3571
3  410 4105 4104
3  4226 410 4104
3  3157 546 3158
3  3157 3158 1351
3  3848 3743 971
3  3848 971 3744
3  3615 3614 1446
3  3936 1812 4049
3  3936 4137 1812
3  3286 1391 3284
3  3286 3285 1391
3  4150 4030 2449
3  4003 2927 4002
3  1728 620 213
3  2684 817 1294
3  2120 2684 1294
3  167 2492 2271
3  3427 2271 2492
3  3427 167 2271
3  2402 2581 1038
3  2402 1038 2400
3  1774 313 3442
3  1774 1773 313
3  2452 3896 3897
3  3276 3267 3042
3  1898 3276 3042
3  2833 1799 2832
3  568 2083 633
3  370 633 2083
3  2931 67 50
3  2726 2239 353
3  1736 1640 1551
3  1736 1054 1640
3  2827 1411 2828
3  2827 2828 2949
3  3617 2032 3528
3  2486 1693 2777
3  2435 2772 2774
3  2785 2787 1574
3  2462 3586 341
3  3350 2023 3351
3  2595 2597 3443
3  1746 273 1496
3  2076 872 5
3  582 598 1542
3  1002 2025 1005
3  189 1268 2270
3  189 2270 2212
3  1645 205 1644
3  2004 1102 3450
3  3935 3934 16
3  3933 3934 3935
3  2018 833 265
3  2086 833 2018
3  4176 3915 521
3  2965 97 2964
3  2965 1567 97
3  1724 2214 1435
3  559 3616 898
3  4033 369 4183
3  4033 4183 3720
3  1537 1793 3039
3  1537 3039 1794
3  1537 1794 1793
3  1938 565 3829
3  3828 3829 565
3  2442 2443 2694
3  1530 670 3272
3  3645 434 1319
3  3676 918 416
3  843 416 918
3  864 1889 2243
3  1983 756 362
3  298 756 1983
3  746 2885 448
3  1456 1366 2480
3  708 1731 4304
3  1436 2280 2281
3  3417 2281 2280
3  2526 1190 2525
3  2078 2079 360
3  325 2078 360
3  1105 3111 1448
3  2572 1068 2571
3  728 2015 1717
3  1269 1717 2015
3  1806 1217 240
3  1699 1775 1007
3  1775 1699 745
3  1775 745 1202
3  4430 4188 2267
3  3970 2267 4188
3  1660 3486 3268
3  1660 3268 3269
3  2342 1147 1652
3  648 2342 1652
3  1466 2480 892
3  155 812 4431
3  155 4431 2450
3  467 173 717
3  1344 2647 2646
3  2955 1668 3290
3  3859 3858 4345
3  58 2678 234
3  4025 2631 4222
3  2776 983 4217
3  3995 983 2776
3  4311 2912 4310
3  3545 1711 3544
3  556 3107 3106
3  3814 430 4361
3  3814 4299 430
3  2464 3107 1786
3  2464 1350 3107
3  1679 1140 1531
3  1786 1531 1140
3  810 1140 1679
3  3302 2096 3233
3  2952 2096 3302
3  1531 1786 837
3  1856 281 1185
3  2331 1185 281
3  2812 2813 1874
3  146 237 2120
3  146 3014 237
3  1217 1806 263
3  1217 263 1845
3  1791 1170 1792
3  1269 822 1781
3  2014 822 1269
3  681 2330 533
3  1550 681 533
3  784 3711 2257
3  2742 2741 640
3  2742 1180 2741
3  424 1901 929
3  424 929 1545
3  2530 3217 2529
3  3218 2529 3217
3  2835 3394 3395
3  2835 3395 1392
3  2889 2638 306
3  374 2638 2889
3  3340 176 3339
3  2161 2092 234
3  1821 2342 488
3  2817 2816 1604
3  2232 2235 112
3  1128 112 2235
3  1731 3295 3296
3  1243 3295 1731
3  1804 1475 1108
3  1168 3374 1779
3  1680 2050 1251
3  2061 1251 2050
3  1266 2664 2214
3  1070 2664 1266
3  3239 2070 2463
3  58 3306 2678
3  2024 2399 103
3  1641 845 3224
3  1641 3224 2659
3  2945 3611 3684
3  3072 2113 3675
3  1810 322 169
3  1726 1810 169
3  256 1726 169
3  4050 4049 4051
3  4050 210 4049
3  3039 888 2180
3  1278 3039 2180
3  1286 1561 1034
3  1429 1100 1954
3  1034 1100 1429
3  3937 3759 1
3  4148 2337 4147
3  277 182 1596
3  277 2714 182
3  2664 1026 2215
3  2688 552 2287
3  2688 1529 552
3  142 2462 1630
3  142 1630 2
3  142 2 2462
3  1870 2625 2719
3  2736 930 3850
3  798 988 1817
3  1042 1817 988
3  1778 4248 3989
3  1778 3989 4338
3  1042 1547 1817
3  1547 1300 1817
3  798 1817 1765
3  1300 1765 1817
3  1029 1854 889
3  1910 2602 1911
3  1208 3448 2685
3  1642 1208 2685
3  188 1573 80
3  701 1822 1819
3  2159 3736 959
3  2996 3499 1368
3  0 2889 306
3  3121 3450 1102
3  101 2858 679
3  101 679 2005
3  3792 1386 3793
3  2438 1033 1089
3  2438 1089 1634
3  4186 3859 4397
3  2002 787 553
3  619 204 1826
3  4 1137 446
3  1827 1137 4
3  1077 1827 4
3  3128 2731 227
3  1914 1622 1219
3  706 1830 905
3  2829 1317 2583
3  3305 1627 431
3  304 1627 3305
3  298 4377 82
3  472 298 82
3  3098 1053 3096
3  3852 1275 3210
3  228 726 3659
3  1745 726 228
3  1845 3434 1601
3  3626 3934 4079
3  252 1718 3380
3  2823 252 3380
3  2436 2773 2772
3  2499 2498 378
3  2180 894 2178
3  355 894 2180
3  327 2088 2561
3  327 2089 2088
3  3277 3916 158
3  3277 158 3269
3  1097 1524 1432
3  1871 1432 1524
3  2903 371 3338
3  2903 308 371
3  3800 2371 1419
3  2654 1554 1160
3  2100 1160 1554
3  3773 45 3772
3  3815 4361 2862
3  4389 3815 2862
3  673 1144 1998
3  673 3513 1144
3  718 280 1847
3  718 1847 1905
3  2430 1367 2149
3  161 1843 698
3  161 1213 1843
3  2585 3809 820
3  3892 1673 3893
3  3803 4133 4339
3  3695 4339 4133
3  1720 1583 653
3  267 2751 896
3  927 986 3067
3  2415 310 1858
3  909 2415 1858
3  909 1858 2650
3  1816 1412 2183
3  1816 2183 2645
3  868 3438 977
3  615 1854 1853
3  615 1237 1854
3  4338 4406 3485
3  4338 3485 4337
3  682 2644 2069
3  1853 1854 1029
3  483 736 2845
3  4238 4214 848
3  515 2522 1490
3  2754 703 1503
3  132 1503 703
3  69 2777 352
3  2177 69 352
3  3243 687 3244
3  1133 687 3243
3  1857 612 21
3  1857 21 1109
3  3757 881 278
3  2170 278 881
3  3982 3905 938
3  3699 3702 3698
3  1152 3699 3698
3  1861 2982 22
3  1698 2675 2679
3  1698 2681 2675
3  2107 2109 2110
3  1179 1860 1861
3  1569 896 1864
3  1224 1864 512
3  1685 1687 1865
3  2004 3236 3235
3  2004 115 3236
3  4390 1087 4422
3  4390 1363 1087
3  1749 2273 1204
3  1989 960 2545
3  3709 1200 3708
3  14 586 2785
3  635 907 3539
3  2555 2304 2554
3  2894 1043 2345
3  3749 4350 4384
3  3749 4384 4359
3  4407 2607 1541
3  2295 945 2718
3  2295 2718 2297
3  4057 4056 3760
3  3761 4056 4057
3  3355 3357 1383
3  2300 446 2461
3  1533 2299 1562
3  3363 110 3288
3  3363 3288 3362
3  351 1797 2440
3  3803 4339 562
3  2387 906 2386
3  2387 2386 890
3  1418 1882 577
3  3214 1385 1790
3  2457 1276 2459
3  2457 2459 60
3  2652 1211 4414
3  2652 4414 229
3  1952 3828 4306
3  1952 4306 2705
3  2944 3613 3616
3  3612 3613 2944
3  2367 1325 2893
3  2367 2893 484
3  429 3722 1984
3  773 1984 3722
3  2513 1240 2194
3  3861 3989 4248
3  2890 1006 2975
3  2769 1006 2890
3  2244 1932 1933
3  2430 1899 3133
3  3134 3133 1899
3  1632 1893 1092
3  4233 3769 4159
3  4308 3769 4233
3  3457 2264 1370
3  1478 1892 944
3  721 1892 1478
3  1894 1892 721
3  1894 721 1478
3  2982 1390 1454
3  568 870 151
3  491 2240 2726
3  1355 1892 1894
3  1893 1892 1355
3  2917 851 2918
3  1895 2917 2916
3  1895 2916 2578
3  899 1902 837
3  398 2040 11
3  2781 11 2040
3  839 2781 2040
3  56 839 2512
3  2781 839 56
3  303 428 856
3  2972 3229 3230
3  2968 2032 3617
3  2717 765 84
3  1926 1591 3576
3  3701 346 2824
3  2049 3053 3052
3  558 3053 2049
3  655 2909 2717
3  1557 1906 1907
3  1557 1202 1906
3  440 1908 776
3  440 776 1771
3  1868 1483 2795
3  3870 1627 915
3  3374 3375 113
3  2007 701 1820
3  2007 1820 2196
3  3451 2739 1974
3  3451 1974 3452
3  3296 3295 1704
3  1910 1911 1573
3  80 1573 1911
3  440 1910 1908
3  440 1771 711
3  711 1771 368
3  1910 1909 1908
3  4097 4130 4128
3  2008 4097 4128
3  502 1054 525
3  2042 1054 502
3  747 982 2040
3  2056 2054 1238
3  2056 1238 643
3  903 897 2054
3  903 1479 897
3  2051 940 2053
3  167 940 2051
3  206 2643 77
3  206 77 3197
3  2149 939 1346
3  2929 1346 939
3  2929 939 2149
3  2920 2833 1713
3  2485 2010 443
3  2485 1142 2010
3  1569 2714 277
3  2722 1569 277
3  2586 2188 2587
3  1314 2699 2698
3  1314 1118 2699
3  373 578 1523
3  2164 373 1523
3  871 1732 1493
3  3178 1534 33
3  1333 1534 3178
3  2433 1175 1744
3  3635 129 1510
3  3583 1657 3582
3  1136 3552 1621
3  1066 2445 2507
3  392 266 1930
3  1657 1436 380
3  1563 438 666
3  1152 527 3699
3  1281 2554 2303
3  2305 1281 2303
3  3391 3382 1061
3  301 1936 1937
3  119 1937 1936
3  1069 1769 803
3  739 790 1942
3  1942 790 53
3  2047 2599 3051
3  2047 2598 2599
3  3542 3539 2119
3  2151 594 3422
3  2025 1226 2577
3  147 1730 3353
3  18 147 3353
3  2616 3014 1305
3  3193 981 1361
3  1681 1361 981
3  1000 2026 2759
3  2133 973 343
3  1395 343 973
3  1728 213 4392
3  2657 1949 1586
3  3871 1371 4417
3  1123 3871 4417
3  2960 2657 2656
3  2960 2656 3111
3  2960 3111 2657
3  3695 3734 4339
3  1027 3481 3482
3  3549 1027 3482
3  1957 1756 1958
3  603 1958 1756
3  4215 3060 4216
3  2984 4221 4383
3  3833 2984 4383
3  1089 1033 2037
3  1524 2037 1033
3  2855 1212 749
3  2817 2068 2816
3  1335 2812 1874
3  2229 370 638
3  150 597 1958
3  150 330 597
3  3165 848 3783
3  2555 2556 1372
3  2555 1372 2304
3  1426 203 2665
3  1426 2665 2591
3  1703 830 3692
3  2373 3498 1458
3  29 3891 3210
3  3852 3210 3891
3  4204 821 4359
3  4205 821 4204
3  2354 2698 2902
3  1643 2354 2902
3  3179 3180 1238
3  2395 1266 769
3  1520 769 1266
3  1520 2395 769
3  3711 2220 2257
3  1385 3214 3013
3  2297 3890 194
3  2193 3890 2297
3  3312 4390 2663
3  3312 1363 4390
3  1453 2182 3339
3  1453 3339 2170
3  1689 1231 1308
3  1689 1308 2904
3  3007 3006 1577
3  612 1857 631
3  3914 2544 3915
3  3914 3915 1291
3  1857 1109 1966
3  3884 1393 3848
3  3849 3884 3848
3  1774 3685 3686
3  1084 3373 2311
3  1084 2311 1046
3  3052 1117 3378
3  2800 3378 1117
3  902 4352 936
3  2524 2523 1700
3  2524 274 2523
3  2182 1452 1290
3  418 1452 2182
3  3347 1359 1086
3  2453 2481 2434
3  636 3794 3036
3  434 1971 670
3  434 670 257
3  337 2222 2956
3  492 2018 1221
3  2086 2018 492
3  2229 2276 2277
3  460 1538 2317
3  2840 2317 1538
3  160 3933 3935
3  4419 160 3935
3  3689 1258 3691
3  4334 576 3508
3  3915 987 521
3  2084 1729 1192
3  2084 1192 3234
3  1800 1045 1111
3  1800 1111 1982
3  314 2128 414
3  4270 2602 711
3  1756 1957 3546
3  3081 450 3080
3  3381 570 190
3  3384 570 3381
3  3080 450 2397
3  1881 2298 1662
3  2445 1881 1662
3  129 2245 1209
3  2946 2947 2356
3  3035 1527 1526
3  2356 2358 2946
3  3742 1705 3735
3  3742 3735 521
3  2695 2913 2155
3  1947 997 3831
3  1671 2462 341
3  2381 2739 2380
3  2381 1974 2739
3  654 2022 795
3  3232 1631 3233
3  3231 1631 3232
3  1236 2133 2134
3  3116 1292 2400
3  3010 2952 2951
3  2119 2951 2952
3  3077 2927 3563
3  3077 4002 2927
3  3446 1600 1651
3  240 1651 1600
3  2805 1451 2806
3  1815 1661 183
3  1815 183 2566
3  1680 3081 566
3  1403 3602 1430
3  2072 255 4401
3  2072 4401 3415
3  2756 1328 2755
3  2452 3898 4136
3  2011 1960 383
3  1131 1593 2622
3  2345 1131 2622
3  1375 1873 320
3  1663 1960 2011
3  1142 1663 2011
3  1375 2011 1873
3  2010 2011 1375
3  2337 4146 4145
3  2337 4145 4147
3  4184 2481 1405
3  1778 4338 4337
3  1171 1809 3469
3  1171 3469 1807
3  1792 2013 1791
3  164 1791 2013
3  1170 1406 2340
3  2199 1406 1170
3  3220 792 442
3  3220 442 2532
3  2870 4335 193
3  1397 999 3246
3  1397 3246 3101
3  2098 2381 920
3  2098 13 2381
3  3131 3130 2515
3  3342 2414 928
3  3342 3341 2414
3  3388 2323 2324
3  1289 2185 3162
3  2822 464 3094
3  2598 2940 2048
3  2026 200 1226
3  3988 3989 3861
3  3645 1615 1762
3  2076 2077 1220
3  2076 5 2077
3  2831 1003 1001
3  1267 2216 518
3  446 2278 2451
3  478 446 2451
3  4080 4082 3626
3  4231 3626 4082
3  644 887 3069
3  3071 3069 887
3  545 2333 1494
3  663 806 2333
3  749 1212 2853
3  245 2034 2032
3  245 1185 2034
3  1856 1185 245
3  2456 807 791
3  1584 807 2456
3  1638 3185 1163
3  1638 1163 1670
3  2843 1734 469
3  2244 2474 2243
3  563 2244 2243
3  2131 1045 1613
3  2272 1045 2131
3  2272 2131 1222
3  2042 1670 1163
3  2042 1163 1054
3  3331 3311 3332
3  1161 1570 2044
3  185 1161 2044
3  2044 1570 1571
3  322 197 2275
3  2599 2048 2600
3  2599 2598 2048
3  2595 2598 2047
3  4018 948 4019
3  3732 948 4018
3  3019 1529 3020
3  3019 3020 3264
3  1995 2050 1680
3  1995 1680 566
3  1479 903 1961
3  2056 1961 903
3  2351 2350 441
3  617 2062 445
3  2459 1276 2804
3  2459 2804 2160
3  2859 4041 1703
3  3106 1350 1408
3  3106 1408 3105
3  903 2054 2056
3  388 3572 1351
3  3573 3572 388
3  3721 587 2189
3  435 3457 3219
3  4207 3836 4206
3  4031 1415 4030
3  1992 3102 394
3  2135 717 173
3  2261 1903 315
3  1848 1903 2261
3  1209 3102 1992
3  3086 1472 3495
3  3086 3495 27
3  2209 2886 1676
3  2209 1676 1216
3  2209 2210 2886
3  2882 2886 1678
3  2636 306 2638
3  1770 1769 2064
3  1781 822 2836
3  2837 1781 2836
3  2064 866 2014
3  822 2014 866
3  1769 866 2064
3  1770 2015 728
3  2064 2015 1770
3  2014 2015 2064
3  2419 1522 1121
3  473 1885 2841
3  473 2841 329
3  1057 1739 1741
3  1057 1741 2071
3  1057 2071 102
3  4015 3833 895
3  4014 4015 895
3  1325 2367 700
3  1888 3931 1228
3  3355 1460 2130
3  422 2130 1460
3  3963 4395 1721
3  3963 3961 4395
3  1426 1841 203
3  2159 959 4313
3  2159 4313 2894
3  1046 2509 1084
3  2510 2509 1046
3  1751 694 587
3  1751 587 3721
3  476 1266 2214
3  1520 1266 476
3  4107 1682 4106
3  2077 1010 1220
3  2077 2467 1010
3  120 2055 2082
3  797 2055 120
3  3587 698 1843
3  3587 1843 1928
3  797 120 1609
3  2082 1481 120
3  126 3318 3319
3  2784 126 3319
3  1941 130 790
3  1941 4061 130
3  1398 3236 1339
3  1398 1339 1594
3  4192 3958 3767
3  2719 203 1870
3  3009 4087 4086
3  882 4086 4087
3  629 70 1553
3  629 2115 70
3  1073 1416 1305
3  1073 1305 2558
3  2694 2695 1044
3  1316 2470 1486
3  1316 1486 1975
3  1316 1975 2157
3  1316 2157 2470
3  3058 4083 4073
3  3058 4073 4074
3  3431 1754 496
3  1339 2345 1594
3  3679 774 3680
3  1416 3679 3680
3  494 1549 932
3  3231 3232 785
3  3013 292 1385
3  2135 1385 292
3  1785 1411 2827
3  147 1056 1730
3  393 4165 4412
3  567 4165 393
3  1127 177 911
3  1127 911 3541
3  3690 3689 3691
3  791 3689 3690
3  2770 2252 1280
3  1737 2993 2994
3  1737 2994 2995
3  32 3282 3097
3  32 3097 3100
3  3409 2176 925
3  3409 925 3225
3  1610 2210 2212
3  2163 407 2105
3  2163 2162 407
3  2593 2106 1330
3  2110 1421 1948
3  1331 2107 2110
3  1554 2111 2041
3  1019 1554 2041
3  2111 1948 2041
3  1895 2579 2655
3  1895 2578 2579
3  2579 2580 2655
3  892 1088 2112
3  2689 1235 2690
3  2711 2845 2710
3  2690 1235 2710
3  2690 2710 2845
3  1902 899 2116
3  1902 2116 1901
3  2443 2695 2694
3  1770 728 1284
3  3873 4332 3874
3  1138 1645 1644
3  750 3670 3673
3  3673 3671 1723
3  750 3673 1723
3  3699 527 346
3  3699 346 3700
3  2852 860 3600
3  3600 860 2761
3  1178 3686 508
3  1883 2381 93
3  13 93 2381
3  1306 3581 3583
3  1694 1152 3697
3  1694 2474 1152
3  254 2621 320
3  1971 434 3645
3  1695 994 3697
3  1255 2817 3639
3  3640 3639 2817
3  342 299 2161
3  2506 1941 739
3  2506 1277 1941
3  667 870 62
3  3088 870 667
3  2124 87 60
3  2563 3740 3739
3  436 3585 3449
3  2038 1222 2131
3  209 2038 2131
3  1952 2705 3844
3  4417 1371 3165
3  3164 3165 1371
3  1315 2132 1629
3  696 2132 1692
3  1629 2132 696
3  3998 104 3593
3  343 2134 2133
3  319 2263 2262
3  471 319 2262
3  3998 3593 530
3  1236 2134 1096
3  1236 1096 1414
3  2134 1492 1096
3  1644 1646 1138
3  2517 1283 2519
3  2513 658 2319
3  664 658 2513
3  664 3952 658
3  1862 1205 3201
3  2681 2976 1716
3  2681 1378 2976
3  3150 955 340
3  2403 99 881
3  2403 881 2518
3  3311 3950 1544
3  3950 3926 1544
3  3950 3927 3926
3  759 2514 972
3  759 972 1884
3  1653 613 1885
3  2841 1885 613
3  4348 3963 1721
3  489 2431 2430
3  489 3335 2431
3  323 786 23
3  3213 323 23
3  1099 1348 2645
3  3094 464 3092
3  2107 1331 2147
3  1331 2059 2147
3  259 1995 853
3  259 2943 1995
3  1636 3335 3336
3  3747 4191 3746
3  1753 2150 514
3  1753 514 299
3  514 568 151
3  151 847 2092
3  3207 937 2973
3  1490 3207 2973
3  4236 4350 3749
3  4236 3749 4235
3  3018 735 3411
3  3410 735 3018
3  1211 1946 1947
3  3842 1947 3831
3  3126 1842 3284
3  2420 1121 1522
3  395 2420 1522
3  1915 2156 1914
3  1915 1914 1219
3  1376 2339 2125
3  1372 647 661
3  1372 661 2755
3  582 1261 2757
3  582 2249 1261
3  415 2002 1650
3  2158 415 1650
3  1976 2158 1650
3  132 1976 1650
3  2158 1487 415
3  1975 1487 2158
3  1498 2868 2869
3  2878 1498 2869
3  1986 771 2163
3  1986 2163 2105
3  2163 771 1264
3  2163 1264 2162
3  1919 1607 3579
3  1919 3579 1916
3  3579 1607 1918
3  345 2104 1523
3  1264 771 3623
3  1264 3623 3622
3  2269 2176 3409
3  3577 1075 771
3  3623 771 1075
3  3377 3378 2172
3  2169 774 1670
3  3680 774 2169
3  2549 52 951
3  3301 3302 376
3  3360 1427 3361
3  3360 3361 287
3  134 1427 1680
3  3081 1680 1427
3  3768 4039 4402
3  441 2350 2349
3  1937 462 4035
3  1937 119 462
3  2175 1241 2176
3  2175 2176 200
3  4264 3056 2289
3  4264 1386 3056
3  4184 2434 2481
3  2176 1733 200
3  1404 324 2177
3  95 2749 2750
3  3491 3118 3117
3  137 3491 3117
3  2260 2391 2219
3  1597 2221 758
3  1597 758 356
3  1026 2394 3146
3  384 2724 116
3  3920 384 116
3  2024 3197 588
3  3197 2024 206
3  252 2464 810
3  252 542 2464
3  1140 810 2464
3  1140 2464 1786
3  3908 4104 4103
3  3908 4226 4104
3  1348 3094 3092
3  2890 2975 72
3  982 747 2207
3  982 2207 865
3  3127 1391 2311
3  2383 998 985
3  2911 1507 3775
3  2911 276 1507
3  3371 1394 1097
3  1524 1097 1394
3  900 1431 945
3  4433 4121 913
3  4433 3399 4121
3  3463 924 781
3  908 781 924
3  1054 1163 1640
3  3185 1640 1163
3  2914 1209 1992
3  1745 3037 1067
3  2556 1067 3037
3  2760 3215 2759
3  1000 2759 3215
3  525 1054 1736
3  3697 994 1694
3  356 2204 1244
3  1244 1063 1736
3  1736 1063 525
3  312 2017 83
3  2767 83 2017
3  2483 2487 13
3  2484 2488 2487
3  2145 3437 2422
3  2145 2422 1118
3  3589 1814 3605
3  3704 439 3953
3  2752 703 2754
3  132 703 2752
3  444 69 2211
3  1227 926 1912
3  2505 2125 2338
3  2505 2338 60
3  455 3314 1972
3  4409 3948 4236
3  66 4409 4236
3  125 4327 3312
3  4328 4327 125
3  2812 2811 337
3  1335 2811 2812
3  2224 1064 426
3  2238 1972 366
3  2278 1533 633
3  2278 633 370
3  1419 2228 1780
3  2372 2293 2294
3  1074 2372 2294
3  131 3354 3356
3  1383 3356 3354
3  3868 922 104
3  4272 3868 104
3  2277 2278 370
3  524 2669 3514
3  524 3514 3513
3  2277 2276 2226
3  3956 291 3955
3  3956 3955 3958
3  2871 2641 3027
3  1056 1192 1730
3  3234 1192 1056
3  1070 1266 2395
3  3168 1240 427
3  2319 427 1240
3  2102 917 2455
3  2992 917 209
3  3417 1116 2281
3  1747 3551 830
3  1747 830 269
3  2236 1129 2234
3  479 4246 2865
3  3717 479 2865
3  3709 543 1200
3  1867 543 3709
3  353 2239 86
3  2241 86 2239
3  353 86 1734
3  1735 1734 86
3  2241 1735 86
3  2651 4163 4161
3  1387 4014 3078
3  1387 3078 3077
3  3078 2802 4002
3  353 1734 491
3  435 3033 1470
3  435 1470 3457
3  439 3701 296
3  3700 346 3701
3  3183 884 719
3  121 3483 3484
3  3518 121 3484
3  3738 1497 2046
3  3937 3724 4269
3  3937 4269 2087
3  603 1756 4141
3  4141 1756 4138
3  2226 2451 2277
3  478 2451 2226
3  3594 2786 2792
3  14 3594 2792
3  1741 14 2792
3  1741 1739 14
3  2252 1575 1280
3  2435 2774 1169
3  69 649 3595
3  460 2317 1271
3  2649 2648 1237
3  3385 1184 1784
3  2254 1467 570
3  1112 1467 2254
3  1112 2254 181
3  1112 181 2203
3  1171 431 1809
3  4406 4364 3485
3  3120 3121 763
3  2830 1877 3280
3  325 1877 2830
3  2697 4036 3333
3  4123 2697 3333
3  518 171 3262
3  1587 2258 1132
3  1589 1587 1132
3  3344 3285 382
3  3288 382 3285
3  3462 3461 106
3  456 3462 106
3  1653 1141 2428
3  3108 1700 1076
3  2263 1648 2264
3  2480 1088 892
3  2480 1366 1088
3  2075 841 3295
3  3294 2075 3295
3  788 656 4180
3  2496 992 517
3  2970 768 3328
3  1297 2356 1078
3  3583 3582 3584
3  2667 2666 1078
3  545 1494 572
3  1772 3292 1612
3  1685 3292 1772
3  429 1984 1572
3  2444 1572 1984
3  2279 817 105
3  2177 324 3196
3  496 692 2686
3  2443 2444 2695
3  533 632 4237
3  533 4237 3192
3  2749 10 2748
3  380 1436 2155
3  2281 2155 1436
3  171 1572 2444
3  171 2444 2443
3  2219 973 2133
3  2219 2391 973
3  552 2284 2286
3  702 2286 2284
3  1983 3131 298
3  405 873 1564
3  3346 1359 3347
3  1664 3 2689
3  1664 405 3
3  3149 3498 3497
3  2910 4067 4068
3  192 4217 4347
3  3055 470 849
3  3055 2437 470
3  472 2294 2293
3  1107 2899 1037
3  676 1767 3648
3  676 3907 1767
3  4207 4208 3836
3  2079 2298 360
3  1881 360 2298
3  4033 3720 4034
3  4033 4034 4252
3  2446 102 2071
3  3422 3244 687
3  639 480 2
3  3282 1053 3098
3  200 1733 1732
3  1732 1226 200
3  367 1226 1732
3  18 1632 2925
3  871 2301 367
3  871 367 1732
3  1176 267 896
3  2616 1305 1416
3  1405 660 21
3  660 1109 21
3  2454 161 1931
3  750 2778 793
3  750 531 2778
3  4067 752 3985
3  2725 1937 4035
3  2725 4035 779
3  1109 1262 1966
3  349 1966 1262
3  2302 349 1262
3  660 1262 1109
3  3086 3085 1472
3  2590 317 723
3  2590 723 4392
3  31 762 2867
3  2500 762 31
3  2501 762 2500
3  620 1728 651
3  599 762 2501
3  599 1827 762
3  3346 3349 1359
3  3192 3191 688
3  3706 3705 3704
3  3715 3743 1393
3  3715 882 3743
3  3715 782 882
3  3782 1228 3930
3  3931 3930 1228
3  3227 3156 1425
3  2730 2729 3400
3  2728 2314 2730
3  2472 872 2732
3  684 2840 1538
3  2936 757 2937
3  725 427 2319
3  725 1565 427
3  2520 2392 3180
3  3690 3691 3692
3  1194 2255 2321
3  1194 1463 2255
3  4068 374 2910
3  3290 3291 3364
3  1761 3291 3290
3  2324 1178 508
3  2323 1178 2324
3  3389 2585 820
3  3389 820 3388
3  3983 2012 3984
3  3992 2012 3983
3  2325 136 152
3  3750 3839 4358
3  550 625 1659
3  1796 592 1900
3  1796 1900 2328
3  1796 2328 592
3  1076 1900 592
3  1431 3724 6
3  1135 888 1793
3  2239 1249 2241
3  2726 1249 2239
3  1793 2328 2327
3  1135 1793 2327
3  1900 2327 2328
3  544 2333 545
3  224 663 2333
3  224 2333 544
3  2334 966 164
3  2013 336 2334
3  164 2013 2334
3  3759 2587 1
3  402 1584 552
3  1823 809 4152
3  1822 809 1823
3  2247 2246 2416
3  2247 2416 1509
3  2416 2246 184
3  1664 1863 1224
3  2689 1863 1664
3  3375 162 2478
3  3374 162 3375
3  1119 1041 2389
3  3321 2389 1041
3  1706 3249 3250
3  1819 2343 2342
3  1819 2342 1821
3  2168 2684 2120
3  58 2344 2016
3  18 1920 147
3  2925 1920 18
3  4208 4207 4194
3  3942 4243 2427
3  3942 2427 447
3  3843 623 1951
3  3843 1951 3308
3  2349 1508 365
3  2350 310 2349
3  2302 981 349
3  3193 349 981
3  466 4175 4174
3  1517 976 2354
3  1517 2354 1643
3  180 40 2729
3  180 2729 2730
3  3007 1577 3008
3  2889 2910 374
3  1449 2910 2889
3  691 666 1580
3  3056 2288 2289
3  1464 3648 3647
3  43 500 3011
3  2168 2120 237
3  2950 907 1078
3  3319 79 4220
3  3319 4220 3629
3  43 1099 877
3  43 3011 1099
3  3707 826 3918
3  3622 3623 373
3  3622 373 2164
3  753 1912 1522
3  753 1522 2419
3  2809 683 2074
3  55 949 1410
3  288 3251 1230
3  3250 1050 2923
3  3250 2923 242
3  2306 2365 219
3  2306 219 1154
3  2500 31 294
3  2687 54 2686
3  3800 2136 3632
3  714 3800 3632
3  3034 648 1841
3  2469 2468 1279
3  2861 2469 1279
3  3823 2608 3820
3  2556 3037 24
3  543 24 3037
3  4269 3724 1431
3  1420 88 136
3  853 566 3083
3  4354 4391 1074
3  4354 2417 4391
3  3637 3635 3636
3  3637 129 3635
3  3403 379 3402
3  1926 964 3177
3  1926 3177 1923
3  301 974 2285
3  301 2285 2376
3  301 2376 1936
3  119 1936 413
3  3576 3577 3578
3  2490 1493 199
3  845 199 1493
3  1301 2378 1664
3  1301 1664 1224
3  449 2379 1301
3  1301 2379 2378
3  2379 873 2378
3  2152 873 2379
3  1145 1661 1815
3  599 1605 1827
3  3216 4073 4072
3  4074 4073 3216
3  2020 2152 2379
3  2020 2379 449
3  2380 920 2381
3  383 920 2380
3  2461 446 1137
3  437 910 3453
3  437 3453 1883
3  1662 2582 255
3  1662 255 163
3  2715 1247 89
3  89 1247 376
3  3301 376 1247
3  334 4316 4318
3  3490 334 4318
3  953 3150 340
3  953 340 2217
3  403 387 1535
3  1535 1645 429
3  1572 1535 429
3  2388 1535 1572
3  2021 3384 3381
3  853 3083 1839
3  853 1839 1838
3  713 955 2373
3  697 3149 3706
3  953 2217 1026
3  713 340 955
3  713 2388 2216
3  713 2216 340
3  2216 2217 340
3  2215 2217 2216
3  2743 2747 2748
3  10 2743 2748
3  2216 2388 518
3  518 2388 1572
3  171 518 1572
3  65 742 2696
3  1613 742 65
3  2002 437 3154
3  3497 955 3148
3  3498 955 3497
3  2494 1097 2495
3  2494 3371 1097
3  3150 3147 2197
3  3151 2197 3147
3  4369 4359 821
3  179 529 3064
3  179 3153 529
3  3150 2197 3148
3  1239 2190 2398
3  377 2398 2190
3  729 985 2399
3  729 2383 985
3  103 2399 1649
3  1748 1649 2399
3  206 2644 2643
3  103 2644 206
3  2400 1292 51
3  2400 2401 2402
3  326 2402 2401
3  2581 2402 326
3  1836 3812 3816
3  3818 1836 3816
3  4240 4239 2432
3  4240 2432 4242
3  217 1511 4240
3  217 4240 4242
3  3457 1370 1471
3  3543 1711 884
3  3543 3544 1711
3  927 941 986
3  927 2708 941
3  1197 1776 1777
3  1197 1777 2404
3  1776 1197 2341
3  1769 2410 803
3  1770 2410 1769
3  385 4168 4030
3  385 4030 4150
3  571 2424 2426
3  433 3274 4069
3  619 3274 433
3  84 765 3363
3  84 3363 3362
3  2494 3114 3371
3  110 3363 261
3  2465 261 3363
3  2657 1586 836
3  2523 2115 3238
3  274 2115 2523
3  3024 2115 629
3  3024 629 2508
3  4093 4087 3009
3  4093 4048 4087
3  3804 2773 1855
3  3804 1855 3805
3  532 1763 4437
3  695 4437 1763
3  79 3657 4251
3  369 4033 4032
3  4032 1834 4378
3  128 4107 4324
3  4324 4107 3777
3  4324 2312 4381
3  4324 1461 128
3  4381 1461 4324
3  3902 3903 4430
3  4430 3903 4188
3  4386 357 1696
3  636 357 4386
3  636 4386 3794
3  4388 3986 4387
3  3988 4388 4387
3  3860 3986 4388
3  4185 3860 4388
3  3988 4185 4388
3  4151 1492 4391
3  4151 4391 2417
3  3896 3894 3746
3  4394 4235 2153
3  3748 4235 4394
3  630 4038 4099
3  4398 2573 4366
3  4398 4397 2573
3  2571 4398 4366
3  1024 4397 4398
3  19 3493 4399
3  284 3493 19
3  3494 3869 4399
3  4101 482 3869
3  482 3868 3869
3  3869 19 4399
3  3869 3868 19
3  3868 4272 19
3  284 19 4272
3  482 4023 4102
3  4023 482 4100
3  3949 4200 4209
3  4321 3494 4399
3  3493 4321 4399
3  3820 4415 3819
3  4405 737 1720
3  2653 4405 1720
3  2653 2628 4405
3  3845 737 4405
3  2628 3845 4405
3  1399 4076 4407
3  4380 4076 1399
3  1399 4407 1541
3  825 269 957
3  269 830 957
3  957 830 1703
3  825 957 1633
3  4410 4348 3969
3  3826 4348 4410
3  4331 2073 3886
3  3886 2073 4094
3  4413 3886 4094
3  4329 2073 4328
3  4328 2073 4331
3  3903 2090 3973
3  4390 4422 2663
3  4301 2663 4422
3  4301 4422 3996
3  3628 4421 3908
3  3628 3908 4103
3  4421 3846 3908
3  3778 4008 4007
3  4007 4103 3778
3  3628 4103 4007
3  3628 4007 4006
3  3846 4421 3904
3  3846 3904 3901
3  634 3791 813
3  634 813 4424
3  4424 813 1505
3  4433 913 4356
3  207 3166 4429
3  4429 3166 3783
3  4429 3783 848
3  848 290 4429
3  3878 3166 4432
3  3878 4432 3399
3  4432 3166 207
3  4121 3399 4432
3  4121 4432 207
3  3688 1964 4434
3  3399 4433 3877
3  3777 4105 4435
3  4324 3777 4435
3  2312 4324 4435
3  2312 4435 4225
3  410 4225 4435
3  3720 4436 4034
3  4440 4197 4384
3  4439 1918 1607
3  4439 1607 1949
3  2052 1918 4439
3  2052 4439 4438
3  1186 4438 4439
3  1949 1186 4439
3  44 4287 3899
3  2322 2375 4278
3  1169 4278 2375
3  397 4427 4017
3  3004 4017 4427
3  3837 4207 4206
3  4245 513 3390
3  755 4245 3390
3  755 3815 4245
3  4373 2768 792
3  646 2865 3496
3  447 4246 68
3  3940 447 68
3  68 3911 3940
3  3911 3028 3940
3  3940 3028 3941
3  3910 3911 68
3  68 4246 479
3  68 479 3910
3  3834 3658 4251
3  1511 4022 4021
3  885 3834 4153
3  1675 2542 4294
3  2542 794 4294
3  4187 4257 2574
3  4187 2574 3859
3  4263 813 3791
3  4135 813 4263
3  3789 4127 3857
3  4255 3789 3857
3  4259 2612 832
3  2574 3858 3859
3  2574 3857 3858
3  4255 3857 2574
3  4256 4255 2574
3  4311 4310 919
3  3844 229 4414
3  3844 4414 39
3  4257 4258 4256
3  4257 4256 2574
3  4187 3859 4186
3  4257 2613 4258
3  4187 2613 4257
3  1953 1215 1951
3  4423 1215 1953
3  2557 2544 647
3  4400 2544 2557
3  24 2557 2556
3  4400 2557 24
3  284 4272 3835
3  3472 3835 3998
3  2608 4282 3774
3  2608 3764 4282
3  4332 3881 1462
3  4332 3872 3881
3  4040 4275 4276
3  453 1165 2085
3  4235 3749 3841
3  4359 3841 3749
3  4201 4202 4274
3  92 2713 140
3  4274 4202 4203
3  4293 79 4251
3  4293 4220 79
3  4251 3658 4293
3  4293 4222 4220
3  3987 4291 4289
3  744 4294 794
3  1752 4296 3888
3  3773 4415 3774
3  1293 4298 3823
3  4084 4298 1293
3  3824 4298 3755
3  1123 4417 3878
3  125 408 4329
3  4328 125 4329
3  630 2820 4038
3  630 4377 2820
3  3158 4300 3159
3  1351 3158 3159
3  4228 4227 3159
3  4228 3159 4300
3  3158 1106 4300
3  4163 1106 3158
3  4305 275 3829
3  4305 3829 3828
3  4305 3828 233
3  266 275 4305
3  266 4305 233
3  4310 4309 919
3  145 276 2911
3  3351 4309 3776
3  4309 1349 3776
3  4262 3351 2023
3  534 4309 3351
3  4262 534 3351
3  3854 4262 2023
3  4434 2587 2188
3  4434 2188 3688
3  387 2624 4314
3  4314 46 1645
3  4314 2624 46
3  1645 1535 4314
3  387 4314 1535
3  4047 4317 4308
3  408 4317 4047
3  4320 4321 3493
3  1721 3948 3969
3  4321 4320 238
3  4319 238 4320
3  2784 3629 4322
3  4321 4322 3494
3  3629 3494 4322
3  3973 2090 4426
3  3905 3973 4426
3  4023 2008 4323
3  4023 4323 4102
3  79 4234 3657
3  331 4325 4102
3  331 4102 4323
3  4349 4177 2310
3  4080 1352 4081
3  3226 4081 1352
3  4326 4081 3226
3  4326 3159 4081
3  1351 3159 4326
3  3226 1351 4326
3  3226 388 1351
3  3115 4331 3886
3  4328 4331 3115
3  4376 3807 3115
3  1959 3807 4376
3  4367 4368 1380
3  1388 3817 3816
3  3945 913 4120
3  386 3945 4120
3  4336 3945 34
3  386 34 3945
3  4273 4157 34
3  4336 34 4157
3  3925 4273 34
3  386 3925 34
3  386 4123 3925
3  3925 4123 3333
3  4157 4156 3946
3  4157 3946 4336
3  4040 821 4205
3  160 4419 3902
3  2167 1265 4341
3  2167 4341 1513
3  3921 1513 4341
3  4344 4343 2206
3  4344 2206 28
3  4342 1149 4343
3  2206 4343 1149
3  4370 3632 457
3  3228 457 3632
3  4345 3858 291
3  3957 4345 291
3  4289 3980 4346
3  4223 4346 3980
3  4288 4289 4346
3  4288 4346 36
3  4223 36 4346
3  45 3773 3774
3  4413 45 3774
3  1968 2326 1999
3  2150 300 638
3  165 1977 300
3  1753 4351 165
3  1753 165 300
3  1753 300 2150
3  2479 4393 3489
3  2479 3489 2478
3  4393 432 3489
3  4392 1460 2590
3  3747 159 4045
3  3747 4045 4394
3  4394 4045 3748
3  4355 4212 4213
3  4210 4212 4355
3  4058 4210 4203
3  226 4423 457
3  3996 4036 4362
3  4125 4362 4036
3  4125 290 4362
3  4407 1939 2607
3  4140 1288 4363
3  3110 4140 4363
3  4363 1288 2572
3  2571 3110 4363
3  2571 4363 2572
3  630 4099 4063
3  4062 630 4063
3  4076 3719 1939
3  4076 1939 4407
3  3654 4365 956
3  3654 956 3656
3  4034 956 4365
3  3654 3656 3653
3  4280 4365 3654
3  4279 4280 3654
3  4034 4365 3655
3  4034 3655 4252
3  4345 3957 2573
3  4366 2573 3957
3  2571 4366 3110
3  174 3110 4364
3  4364 3110 3957
3  4366 3957 3110
3  3816 3812 1388
3  3817 4368 576
3  3817 576 3818
3  576 4368 4367
3  3508 576 4367
3  3800 714 2371
3  4371 2371 714
3  168 796 2288
3  4424 168 2288
3  3901 2090 3902
3  4419 3901 3902
3  3038 4373 1623
3  3904 2090 3901
3  3902 2090 3903
3  3886 4376 3115
3  38 4376 3886
3  4375 1959 4376
3  38 4375 4376
3  4066 874 3832
3  4066 3832 4378
3  4066 4378 1834
3  3137 532 4437
3  4022 4023 2003
3  4095 4023 4022
3  3946 970 4336
3  4281 3638 1334
3  4281 3636 3638
3  100 4239 4240
3  1511 100 4240
3  217 4096 4095
3  411 4096 217
3  3791 3792 335
3  3792 1658 335
3  3864 4098 1658
3  3864 1658 3792
3  3864 530 186
3  4098 3864 186
3  4039 186 530
3  3945 970 4356
3  3945 4356 913
3  4214 3163 3060
3  1884 4098 186
3  4098 1884 72
3  4425 4101 3869
3  3494 4425 3869
3  1959 597 4382
3  3807 1959 4382
3  104 922 3593
3  4108 1682 4107
3  4108 4107 128
3  656 4108 128
3  656 4109 4108
3  4108 4109 1682
3  4110 1682 4109
3  4112 4113 4114
3  788 4113 4112
3  4113 3906 970
3  4113 970 4114
3  4131 3695 4132
3  4114 970 4115
3  3946 4115 970
3  1682 4013 4119
3  4119 4013 4009
3  4119 4009 4008
3  4279 1028 4280
3  4111 4117 1712
3  4106 4119 4008
3  1682 4119 4106
3  4357 4152 627
3  4357 4147 859
3  4357 627 4147
3  210 4181 1751
3  4097 411 4131
3  4097 4131 4130
3  4126 4057 3836
3  4121 207 4124
3  3761 4057 4126
3  4132 3695 4133
3  3789 3856 4126
3  3854 3856 3789
3  4121 4124 4122
3  4121 4122 4120
3  4126 3856 3761
3  3968 3969 393
3  3968 393 4412
3  4129 4062 4063
3  1505 813 4135
3  4131 4134 3695
3  411 4134 4131
3  4169 879 4168
3  562 879 4169
3  1491 4062 1341
3  4130 4132 1341
3  4221 3875 895
3  3694 1341 4132
3  3885 4136 2637
3  276 3509 4137
3  4137 3936 1507
3  276 4137 1507
3  1756 3546 1782
3  1756 1782 4138
3  4139 1288 4140
3  1782 2572 1288
3  1782 1288 4138
3  1369 4188 3972
3  3970 4188 1369
3  3957 3956 4364
3  4337 3485 3956
3  4364 3956 3485
3  4142 1326 3753
3  3226 4396 388
3  4144 676 2006
3  4144 1823 676
3  679 2006 2005
3  679 4144 2006
3  2858 1823 4144
3  2858 4144 679
3  1633 1149 4342
3  574 3897 3896
3  4219 3897 574
3  4145 2859 4147
3  3921 2336 501
3  760 501 2336
3  760 2336 4148
3  760 4148 4149
3  188 3536 4149
3  188 80 3536
3  760 4149 3536
3  760 3536 501
3  2859 859 4147
3  627 4149 4147
3  3937 2087 4355
3  1096 1492 4151
3  4151 4150 2449
3  1096 4151 2449
3  1096 2449 1414
3  192 1738 4217
3  3120 1738 192
3  3919 1459 4234
3  3919 4234 79
3  191 4154 4065
3  191 4065 2887
3  191 2887 2583
3  3293 4155 809
3  4155 4152 809
3  4155 627 4152
3  188 4149 4155
3  627 4155 4149
3  3293 188 4155
3  4179 3960 3961
3  4386 3795 3794
3  1696 3795 4386
3  3912 4158 3060
3  4159 4158 3912
3  4050 1624 4296
3  4051 1624 4050
3  3059 4238 608
3  4214 4238 3059
3  4162 4161 3731
3  4162 3731 3874
3  4162 3874 1462
3  3656 956 4436
3  4034 4436 956
3  708 564 3632
3  708 4304 564
3  3866 3121 1102
3  3886 4413 3774
3  38 3886 3774
3  562 4169 3803
3  385 4169 4168
3  3803 4169 385
3  4171 2345 1339
3  2894 2345 4171
3  2894 4171 1543
3  4173 273 1746
3  2469 4173 1746
3  2469 466 4173
3  2543 1291 2762
3  4177 3735 2310
3  521 3735 4177
3  634 2288 3056
3  634 4424 2288
3  521 4177 4176
3  4176 4177 2764
3  1159 3965 4178
3  4357 1767 3907
3  4181 4182 1751
3  694 1751 4182
3  331 4063 4099
3  331 4323 4063
3  4400 4092 2544
3  1867 4092 4400
3  2928 4183 369
3  885 4183 2928
3  4249 821 4040
3  4369 821 4249
3  330 3312 3807
3  4329 4330 2073
3  2479 162 4416
3  2479 2478 162
3  408 4047 4329
3  4329 4047 4330
3  4084 4186 1024
3  4084 1024 3755
3  4188 3903 3972
3  4271 2261 124
3  315 124 2261
3  497 100 1511
3  4396 3574 388
3  2663 4301 4302
3  3949 4199 4200
3  4194 4207 3837
3  4215 290 848
3  3997 4215 4216
3  3997 290 4215
3  1471 4373 792
3  1471 1623 4373
3  3750 4344 28
3  1692 2137 3952
3  4221 1922 3875
3  4403 4398 2571
3  1024 4398 4403
3  3858 3954 291
3  520 4290 4284
3  4058 4212 4210
3  3789 4255 3854
3  4256 3854 4255
3  1568 3993 3994
3  1568 3994 4243
3  583 4203 4202
3  1068 4403 2571
3  4209 4200 4202
3  3191 3192 4237
3  3191 4237 1590
3  4040 4205 4275
3  4201 4275 4205
3  4194 3837 4211
3  4252 4032 4033
3  4252 1834 4032
3  4198 4197 3766
3  4198 3766 4211
3  4198 4211 3837
3  4348 1721 3969
3  4217 983 4347
3  4285 4290 3847
3  3847 4288 4286
3  3847 4286 4285
3  2294 4354 1074
3  2294 1491 4354
3  1647 4347 983
3  1647 983 4270
3  2193 315 1903
3  2193 3944 315
3  4234 1459 3656
3  4138 1288 4139
3  3995 2773 3804
3  3574 1415 4031
3  3574 3573 388
3  4031 3573 3574
3  385 3694 3803
3  3972 3973 3798
3  4054 4051 1812
3  3878 4417 3166
3  697 3953 157
3  157 3953 2887
3  4212 3760 4213
3  4058 3760 4212
3  4213 3760 3759
3  3745 412 4265
3  3745 4265 4396
3  3871 1922 3464
3  4221 3464 1922
3  4130 4131 4132
3  491 111 3390
3  4104 3778 4103
3  4104 4105 3778
3  4112 3947 4111
3  4269 2296 2087
3  3932 3734 4134
3  411 3932 4134
3  4054 4052 4051
3  3909 4059 1702
3  4312 3954 875
3  4312 3955 3954
3  4127 875 3857
3  3954 3857 875
3  3574 4396 4265
3  3923 4046 671
3  210 4050 4181
3  4068 3790 374
3  3985 459 3984
3  495 3059 1833
3  3902 3991 160
3  3798 3976 3974
3  3975 3974 3976
3  3975 3976 3781
3  4013 4111 1712
3  4168 879 4031
3  3977 3982 938
3  495 3163 3059
3  4005 3779 4010
3  3791 634 3056
3  4005 4010 4004
3  3780 4004 4010
3  4225 4227 2312
3  3890 963 4408
3  2193 963 3890
3  4165 567 4166
3  4165 4166 4164
3  2773 2776 1011
3  3995 2776 2773
3  2772 2773 1011
3  3991 2267 3990
3  466 3142 4175
3  1647 1750 4347
3  192 1750 1204
3  4347 1750 192
3  4071 4070 3719
3  4287 44 4139
3  3900 4287 4139
3  3142 609 4175
3  3960 4179 3861
3  495 3993 3943
3  495 3943 3163
3  3943 3993 1568
3  3943 1568 3941
3  4316 271 779
3  4316 7 271
3  1882 4000 890
3  1882 1418 4000
3  1728 35 4000
3  1728 4000 264
3  4001 2802 3874
3  3873 3874 2802
3  4020 4019 948
3  4020 948 4001
3  4006 4011 4012
3  4005 4011 4006
3  4268 1420 2640
3  4268 88 1420
3  4004 3978 3977
3  3781 3977 3978
3  4268 936 88
3  4006 3779 4005
3  4007 3779 4006
3  3078 3875 2802
3  3078 4014 3875
3  1409 3729 3730
3  900 2296 4269
3  900 4269 1431
3  386 4120 4122
3  386 4122 4123
3  1363 3332 1087
3  4011 938 3905
3  4005 938 4011
3  4008 4009 3779
3  4107 4105 3777
3  4012 4011 3905
3  4110 788 4112
3  4110 4112 4111
3  21 4184 1405
3  4015 4014 4016
3  4015 4016 369
3  4016 2928 369
3  1387 2928 4016
3  1387 4016 4014
3  4230 16 4231
3  4230 4428 16
3  4419 16 4428
3  4419 3935 16
3  397 4017 2987
3  3004 2192 4017
3  4017 1220 2987
3  2192 1220 4017
3  1675 4294 522
3  4164 2429 3985
3  4162 2651 4161
3  4162 1462 2651
3  3731 4019 4020
3  4160 1409 3730
3  4160 4161 1409
3  4164 4166 2429
3  3731 4161 4160
3  3731 4160 4019
3  1409 3158 3729
3  1409 4163 3158
3  4296 1624 2477
3  3888 4296 2477
3  4124 2697 4122
3  4241 3563 3564
3  4241 3564 2266
3  4025 4222 4024
3  4024 3658 4026
3  3834 4026 3658
3  4154 861 4065
3  4021 4026 3797
3  3834 3797 4026
3  4021 4024 4026
3  2167 2541 1265
3  744 522 4294
3  744 2888 522
3  2206 1149 4027
3  574 2206 4027
3  2073 4330 4094
3  4048 4094 4330
3  4219 4218 2541
3  3421 2541 4218
3  3832 2984 3833
3  3832 3833 4378
3  688 2352 4064
3  4018 3733 3732
3  4018 3730 605
3  3910 3849 614
3  4233 614 3849
3  2706 4247 741
3  53 4311 818
3  832 818 4311
3  1461 610 128
3  4360 610 1461
3  217 4022 1511
3  3744 4233 3849
3  3848 3744 3849
3  4187 4186 4261
3  3817 2768 4368
3  1388 2768 3817
3  3637 4420 2245
3  3637 2245 129
3  4420 3714 2245
3  4429 290 4125
3  4429 4125 207
3  2313 4081 3159
3  2313 3159 4227
3  4199 3837 4206
3  4200 4199 4206
3  2321 4278 1194
3  2322 4278 2321
3  4307 565 3145
3  2628 4307 3145
3  3911 4277 3028
3  3912 4277 3911
3  3163 3028 4277
3  4280 3994 3655
3  1028 3994 4280
3  4206 4058 583
3  3836 4058 4206
3  412 4075 4380
3  4076 4380 4075
3  4351 902 1999
3  1968 1999 902
3  583 4200 4206
3  902 1696 1968
3  4229 3846 4230
3  410 4226 4225
3  4153 3657 4436
3  4153 4436 3720
3  614 4159 3912
3  4233 4159 614
3  53 790 3830
3  4312 4194 3767
3  1991 4061 4335
3  1991 3508 3765
3  3765 3508 145
3  2912 3765 145
3  2912 3830 3765
3  4163 2651 1106
3  82 2294 472
3  4096 2008 4023
3  4095 4096 4023
3  1705 3296 4244
3  4244 893 2046
3  4069 339 404
3  4069 3274 339
3  3273 339 3274
3  2910 2322 4067
3  2910 2375 2322
3  738 4069 404
3  4070 2447 1444
3  4229 4230 3627
3  4229 3627 4226
3  4078 3626 4079
3  4078 4080 3626
3  4083 3918 826
3  4083 677 3918
3  4013 4110 4111
3  4013 1682 4110
3  4106 4008 3778
3  4105 4106 3778
3  4266 3574 4265
3  4266 4265 412
3  3058 4074 4077
3  3058 4077 4078
3  4078 4077 1352
3  3058 4079 4083
3  3058 4078 4079
3  2870 430 4299
3  2870 193 430
3  3598 1560 1364
3  4091 122 2661
3  3872 4332 3873
3  4086 4088 4085
3  4086 1560 4088
3  3598 4088 1560
3  507 4085 4088
3  3598 507 4088
3  4128 4130 4129
3  4128 4129 4063
3  4090 1560 4089
3  4090 4089 782
3  4090 782 2564
3  1364 4090 2564
3  4091 2661 1101
3  4089 882 782
3  4086 882 4089
3  2997 4091 1101
3  2997 1101 1368
3  1402 4091 2997
3  4092 987 3915
3  4092 3915 2544
3  2873 987 4092
3  1867 2873 4092
3  2583 2887 2584
3  3165 3783 3166
3  3165 3166 4417
3  534 4262 4256
3  2755 661 2756
3  710 3223 1388
3  3812 710 1388
3  4380 4266 412
3  710 3812 3811
3  2870 3818 576
3  4359 4369 3841
3  3390 111 755
3  755 111 3810
3  755 3810 3813
3  2385 3810 111
3  3812 3813 3810
3  3812 1836 3813
3  4336 970 3945
3  4310 1349 4309
3  2912 2911 1349
3  2912 1349 4310
3  4260 919 534
3  4049 210 4053
3  4335 4061 193
3  3821 2361 2362
3  3819 2361 3821
3  1943 3821 3822
3  3819 3821 1943
3  4391 1492 1074
3  2608 3824 3764
3  1674 3764 3824
3  1674 3824 3755
3  2604 1938 3829
3  3827 1952 3308
3  4350 4190 4384
3  4350 3948 4190
3  3971 1369 3972
3  3964 3826 3966
3  3964 3966 3825
3  4385 4232 4338
3  3989 4385 4338
3  4395 3962 4190
3  3961 3962 4395
3  2764 4349 1891
3  2764 4177 4349
3  4179 4178 3861
3  4122 2697 4123
3  3593 1887 4039
3  874 3167 3832
3  874 3164 3167
3  4003 4002 4001
3  1441 4184 21
3  2434 4184 1441
3  3839 3840 4379
3  2153 3840 3839
3  4252 3655 4253
3  4379 4249 194
3  2784 4322 238
3  3926 4273 3925
3  3926 3927 642
3  3926 642 4273
3  3999 2371 1326
3  1419 2371 3999
3  3472 3471 3835
3  284 3835 3471
3  3226 1352 3745
3  3226 3745 4396
3  1692 1151 2137
3  1151 3842 3831
3  2132 3842 1151
3  1692 2132 1151
3  3773 3819 4415
3  4073 826 4072
3  4083 826 4073
3  825 4408 963
3  825 963 2141
3  4189 2476 2901
3  4189 561 2476
3  3972 3903 3973
3  4410 3969 3968
3  4304 1731 1705
3  3296 1705 1731
3  717 384 3920
3  4247 605 741
3  2167 2636 332
3  3490 3850 2213
3  3490 1446 3850
3  17 3994 3993
3  4254 3994 17
3  3889 4029 47
3  1327 4029 3889
3  4274 4275 4201
3  4204 4197 4198
3  3938 2784 2604
3  2118 126 3938
3  3938 126 2784
3  4065 861 3787
3  4065 3787 157
3  2118 709 1727
3  3938 709 2118
3  217 4095 4022
3  411 4242 3932
3  3693 6 3724
3  3693 3724 3851
3  4249 4276 1298
3  4249 4040 4276
3  381 936 4268
3  2640 381 4268
3  4158 4216 3060
3  4289 4290 3987
3  4289 3847 4290
3  4141 4138 4139
3  4141 4139 44
3  3754 4142 3753
3  3754 3753 39
3  2427 4243 1028
3  3793 3864 3792
3  2637 3898 4167
3  332 4167 3898
3  4059 12 1702
3  3866 1443 2606
3  733 2606 1443
3  4219 2541 332
3  2167 332 2541
3  4012 4426 3904
3  4012 3904 4421
3  4322 4321 238
3  3883 987 3228
3  4100 482 4101
3  3879 175 3880
3  3879 3880 3726
3  3399 3877 3878
3  521 987 3883
3  3726 3877 3879
3  3725 4433 4356
3  3725 4356 3906
3  3877 4433 3725
3  3879 3877 3725
3  175 3879 3725
3  4325 922 4333
3  4102 4325 4333
3  3872 3726 3881
3  3880 3863 3881
3  3880 3882 3863
3  4361 3815 3814
3  3880 3881 3726
3  3882 3880 175
3  1767 4357 859
3  1767 859 30
3  610 3882 656
3  128 610 656
3  479 3884 3849
3  3717 3884 479
3  3914 1291 2543
3  3928 3416 854
3  3928 1505 3416
3  3904 4426 2090
3  1143 1635 4318
3  348 4318 1635
3  3896 800 574
3  2206 574 800
3  3961 3960 3283
3  3961 3283 3962
3  4151 2417 4150
3  4210 212 4274
3  4243 3994 1028
3  4437 2990 1764
3  695 2990 4437
3  3889 3887 1327
3  3889 3888 3887
3  47 3888 3889
3  1738 2995 2776
3  1738 2776 4217
3  3333 4036 1087
3  3332 3333 1087
3  1721 4395 4190
3  3894 3895 159
3  3894 159 3746
3  2452 3895 3894
3  2452 3894 3896
3  4410 3967 3826
3  4410 3968 3967
3  2369 1508 3751
3  2369 3751 3928
3  439 606 3953
3  4014 895 3875
3  3973 3905 3982
3  3973 3982 3798
3  4292 3979 3780
3  869 4142 3754
3  1542 598 4427
3  1542 4427 397
3  3953 606 2887
3  3806 1855 3909
3  3805 1855 3806
3  4339 4340 562
3  3734 4340 4339
3  4340 4247 562
3  3972 3798 3974
3  3971 3972 3974
3  1990 2545 4420
3  1585 4420 2545
3  4299 1836 3818
3  4299 3818 2870
3  3656 3657 4234
3  3656 4436 3657
3  45 4093 3772
3  3773 2361 3819
3  3805 3806 80
3  3909 347 3806
3  3922 671 3885
3  4214 3060 4215
3  4214 4215 848
3  334 4250 7
3  574 4027 4218
3  3421 4218 4027
3  334 2213 4250
3  3490 2213 334
3  3911 614 3912
3  3911 3910 614
3  270 1561 1286
3  1813 1561 1094
3  1094 1561 59
3  3917 1094 59
3  270 59 1561
3  1454 1390 1094
3  1454 1094 3917
3  3916 3277 3917
3  1454 3917 3277
3  2123 2167 1513
3  3924 2257 1343
3  2640 2257 3924
3  3790 3922 3289
3  3790 3289 374
3  3790 567 3922
3  3036 3924 1343
3  1527 3036 1343
3  664 906 2387
3  664 2387 3951
3  854 2369 3928
3  3751 909 3752
3  3751 3752 3928
3  2349 310 2415
3  4427 598 3004
3  1888 3721 3931
3  3721 2189 344
3  3721 344 3931
3  344 2189 1242
3  4192 4195 3283
3  3854 3855 3856
3  1352 4080 4078
3  4266 3802 1415
3  4266 1415 3574
3  3038 4054 3509
3  3754 1211 4297
3  869 4297 3842
3  869 3754 4297
3  4385 3989 3988
3  1977 2276 883
3  3724 3937 1
3  3851 3724 1
3  4194 4211 4193
3  4194 4193 3767
3  3747 3750 4191
3  4065 157 2887
3  4418 1380 4368
3  4418 4368 2768
3  150 1958 4404
3  150 4404 3311
3  3943 3028 3163
3  3943 3941 3028
3  4019 3730 4018
3  1633 4041 4042
3  1322 4042 4041
3  3421 4027 4043
3  1149 4043 4027
3  3421 4043 1322
3  4042 1322 4043
3  2266 3732 3733
3  2520 797 1340
3  3847 4289 4288
3  2137 3559 658
3  3952 2137 658
3  3299 980 416
3  3676 416 980
3  2616 1416 3680
3  2168 2616 3680
3  1199 2169 1670
3  77 2643 675
3  3681 77 675
3  2566 3682 1620
3  3184 1223 1141
3  3682 2566 77
3  675 3683 3681
3  682 3681 3683
3  2644 3683 675
3  682 3683 2644
3  2436 1855 2773
3  1258 3689 1528
3  791 1528 3689
3  791 3690 3551
3  1703 3692 3265
3  3691 3265 3692
3  3265 3691 3264
3  1258 3264 3691
3  2393 3693 1964
3  3509 4418 3038
3  1380 4418 3509
3  676 1823 3907
3  3741 2564 1891
3  4096 411 4097
3  2008 4096 4097
3  3185 3696 1551
3  3696 3185 1073
3  2559 3696 1073
3  2559 1073 2558
3  2559 456 3696
3  2824 1933 3361
3  3957 291 3956
3  3699 3700 3702
3  2474 527 1152
3  3703 3700 3701
3  439 3703 3701
3  3965 4267 3860
3  3965 3860 4178
3  4431 812 662
3  4431 662 2289
3  2065 3707 2256
3  3967 3992 3970
3  3705 2246 3703
3  3704 3705 3703
3  3704 3703 439
3  3421 1265 2541
3  3919 3318 1459
3  3954 3955 291
3  2359 1215 3708
3  2359 3708 1200
3  3710 2188 815
3  3688 2188 3710
3  3710 1962 3688
3  3710 47 1962
3  4028 1480 1963
3  1529 2688 1464
3  3712 1464 2688
3  2006 3712 404
3  3648 3712 2006
3  3712 3648 1464
3  3714 3713 954
3  3714 954 2245
3  4008 3779 4007
3  4070 4071 2065
3  3707 2065 4071
3  2606 3718 1444
3  82 4377 630
3  82 630 4062
3  4074 3745 4077
3  4074 4075 3745
3  4282 38 3774
3  4282 3764 38
3  3722 1614 773
3  4190 3948 1721
3  4057 3760 4058
3  3836 4057 4058
3  3789 4126 4127
3  2603 1911 2602
3  4270 2603 2602
3  4279 3654 1502
3  3653 1502 3654
3  3970 1369 3967
3  3966 3967 1369
3  135 935 3852
3  1275 3852 935
3  530 3593 4039
3  1409 4161 4163
3  741 3730 3729
3  741 605 3730
3  4372 3625 513
3  1279 3625 4372
3  4249 1298 194
3  4164 3985 3984
3  1658 72 2975
3  1658 4098 72
3  3732 4003 948
3  4079 677 4083
3  4087 971 3743
3  882 4087 3743
3  3735 2309 2310
3  1705 2309 3735
3  694 1539 876
3  815 876 1539
3  3949 4205 4204
3  4081 4082 4080
3  2313 4082 4081
3  432 2687 1872
3  432 1872 3737
3  2864 3489 432
3  2864 432 3737
3  2864 249 3489
3  249 2864 2863
3  2863 2864 235
3  3737 235 2864
3  235 3737 3624
3  235 3624 2468
3  2468 540 235
3  2564 3741 2563
3  1364 2564 2563
3  3916 992 158
3  3814 3813 4299
3  3850 930 2029
3  3848 1393 3743
3  2153 3841 3840
3  1611 1273 2307
3  3772 4085 3771
3  2361 3772 3771
3  4412 2012 3968
3  3753 1326 2370
3  4085 507 3771
3  3141 4361 430
3  520 4284 4232
3  520 4232 4385
3  4332 1462 3874
3  3987 3986 975
3  3987 975 4291
3  567 3923 3922
3  4287 4286 3899
3  4288 3899 4286
3  3832 3167 2984
3  135 2261 4271
3  623 39 3753
3  623 3753 2370
3  2653 2652 229
3  4047 971 4048
3  4330 4047 4048
3  109 881 3757
3  2518 881 109
3  122 3757 2661
3  2582 2583 2584
3  109 3757 122
3  3713 3714 3758
3  1585 3758 3714
3  4418 2768 4373
3  4418 4373 3038
3  3858 3857 3954
3  4385 3988 4387
3  520 4385 4387
3  344 3929 3930
3  344 3930 3931
3  3248 1131 1043
3  3248 1043 3838
3  459 3591 160
3  3591 3592 160
3  3933 160 3592
3  1242 2587 3763
3  677 3592 3918
3  677 3933 3592
3  4118 3979 4292
3  1712 4118 4292
3  3900 4139 4283
3  3900 4283 4285
3  4283 174 4285
3  1782 3546 2569
3  4250 2213 1542
3  4250 1542 397
3  3728 2511 3838
3  304 2511 3728
3  1159 3964 3965
3  1159 3963 3964
3  2228 3999 2589
3  131 2228 2589
3  4261 2612 4259
3  1204 808 3770
3  115 2004 808
3  3450 808 2004
3  3770 808 3450
3  1204 3770 192
3  3450 192 3770
3  3350 3351 3776
3  3350 3776 795
3  3772 3009 4085
3  3626 4231 3934
3  4038 4037 4099
3  1277 2806 4060
3  1941 1277 4060
3  671 4046 4044
3  327 3799 2089
3  4141 44 3927
3  3782 2022 1228
3  1888 1228 2022
3  3932 2266 3734
3  3929 3762 3930
3  3782 3930 3762
3  2450 4431 796
3  4172 4171 1339
3  4172 1543 4171
3  3786 3785 148
3  3786 148 1543
3  1458 3785 3786
3  2564 782 3913
3  1891 2564 3913
3  4172 1339 2624
3  387 4172 2624
3  3472 3793 4315
3  3472 4315 662
3  403 3786 1543
3  2373 1458 3786
3  403 2373 3786
3  4316 779 1143
3  608 1833 3059
3  4236 4235 3748
3  457 1953 4370
3  4423 1953 457
3  4187 4261 2613
3  2225 794 3796
3  3797 885 497
3  1511 3797 497
3  3563 4241 4239
3  503 3920 116
3  1539 4170 47
3  4397 1024 4186
3  4087 4048 971
3  4116 36 4223
3  4116 4156 36
3  2820 2515 4402
3  2820 298 2515
3  4231 16 3934
3  1911 3805 80
3  4271 124 6
3  3804 1911 2603
3  3804 3805 1911
3  3808 3143 40
3  3808 40 2001
3  1795 1127 3541
3  1079 3547 3420
3  1604 3420 3547
3  1795 3540 3542
3  1795 3541 3540
3  635 3540 3541
3  3541 1697 635
3  373 3623 1924
3  1924 3623 1075
3  3550 3549 170
3  508 3550 170
3  719 1711 700
3  3887 3888 2477
3  3547 3548 1485
3  1183 3482 1336
3  1941 4060 4061
3  3939 1872 1550
3  3939 4064 1872
3  4411 225 2185
3  1027 1079 3481
3  3555 1859 3173
3  1333 3555 3556
3  33 1534 75
3  1534 1532 75
3  2492 167 3557
3  167 2051 3557
3  2051 2565 3557
3  1966 3560 1857
3  1042 3562 3561
3  3834 885 3797
3  3077 3563 100
3  2926 3077 100
3  3125 2448 2447
3  2701 3565 118
3  3607 2701 118
3  3568 15 2673
3  3565 3568 2673
3  3567 15 3568
3  1814 3567 3568
3  1814 3568 3565
3  3216 4072 3719
3  4076 3216 3719
3  3569 3066 3068
3  1465 3066 3569
3  4035 3893 779
3  3316 3659 1459
3  4135 1548 225
3  2423 1282 3587
3  2423 3104 1282
3  4037 4325 331
3  4099 4037 331
3  3587 1282 1931
3  3859 4345 2573
3  3175 1621 3172
3  4226 4224 4225
3  1317 191 2583
3  2875 2708 1552
3  1552 2433 1592
3  1985 2875 1552
3  3653 3656 1459
3  726 2426 3652
3  1552 3578 1985
3  1552 1592 3578
3  1139 3183 484
3  1306 2615 3581
3  1306 2558 2615
3  2274 3582 380
3  2274 380 185
3  185 2044 2274
3  2274 2044 1571
3  1274 3586 2462
3  484 3183 719
3  4055 4056 3761
3  1665 4056 4055
3  1274 927 3586
3  927 3067 3586
3  341 3586 3067
3  3068 341 3067
3  3603 743 2036
3  2356 1447 2358
3  3590 2358 1447
3  3968 2012 3992
3  3838 1473 3248
3  3594 1574 1207
3  3594 2785 1574
3  2786 3594 1207
3  14 2785 3594
3  69 3595 2211
3  2211 3595 189
3  2212 2211 189
3  507 3598 1062
3  122 4091 3503
3  1402 3503 4091
3  1403 1430 1034
3  1403 1034 3606
3  3606 1034 1014
3  2671 475 3643
3  2036 3602 3603
3  1102 1443 3866
3  1102 2004 1443
3  2761 1100 1430
3  2626 743 3608
3  1814 3565 2701
3  3605 1814 2701
3  3605 3604 3606
3  2701 3604 3605
3  1403 3604 3603
3  3606 3604 1403
3  2736 3612 1656
3  3687 2393 1964
3  1774 3684 3685
3  1963 643 3687
3  3685 3684 559
3  3611 559 3684
3  3617 3527 3531
3  1049 3617 3531
3  48 3615 1446
3  3616 3614 898
3  3614 3613 2736
3  3616 3613 3614
3  4293 3658 4222
3  4024 4222 3658
3  1164 3617 1049
3  1164 2968 3617
3  2944 3610 3612
3  3610 2944 3611
3  3616 3611 2944
3  724 926 1227
3  3109 3618 1794
3  3109 1794 595
3  2328 1794 3618
3  3390 2240 491
3  513 2240 3390
3  3766 4197 4196
3  3766 4196 4195
3  4134 3734 3695
3  1872 4064 3737
3  1539 3710 815
3  47 3710 1539
3  1622 575 979
3  1622 979 3630
3  2340 979 575
3  3630 979 1406
3  2340 1406 979
3  3630 1406 74
3  1916 74 1406
3  1917 3630 74
3  1916 1917 74
3  3652 1502 3653
3  3652 2426 1502
3  1622 3630 2842
3  2164 3634 3408
3  2104 3408 3634
3  1876 3462 3643
3  1876 3461 3462
3  2817 1485 3640
3  1485 3548 3642
3  3209 29 3210
3  3472 3998 530
3  3711 784 3727
3  2901 1253 3641
3  3609 1253 2901
3  3640 3641 1253
3  3640 1253 3639
3  3947 4114 4115
3  3350 3782 2023
3  4435 4105 410
3  1340 3209 3210
3  2861 4389 466
3  676 3648 2006
3  750 793 3670
3  3665 2842 3669
3  3664 3669 1917
3  3665 3669 3664
3  665 3668 3667
3  665 3667 3666
3  2405 668 3070
3  3067 986 3194
3  3651 3194 986
3  3569 3067 3194
3  1465 3569 3194
3  3651 3650 3194
3  941 665 986
3  3667 2842 3665
3  1071 3650 3651
3  1071 1245 3650
3  503 258 3920
3  502 525 3660
3  502 3660 3314
3  3348 1086 3663
3  485 3348 3663
3  3684 3442 2945
3  1774 3442 3684
3  3651 3666 1071
3  3651 986 665
3  3666 3651 665
3  3669 2842 3630
3  3669 3630 1917
3  941 2708 2875
3  1134 1559 3675
3  1134 2405 3070
3  2405 1134 2733
3  1134 3675 3646
3  2935 1134 3646
3  3675 2113 3646
3  2935 3646 2113
3  2477 3723 561
3  2477 561 4189
3  4189 2901 3887
3  2477 4189 3887
3  4111 3947 4117
3  4116 4117 3947
3  1051 1744 3402
3  1051 3402 3401
3  499 3404 1659
3  2165 754 379
3  3406 2165 379
3  2374 3405 3404
3  480 3405 2374
3  639 3405 480
3  2374 3407 1175
3  2374 3402 3407
3  3407 1744 1175
3  3407 3402 1744
3  336 3410 3018
3  296 134 3415
3  1601 1218 3307
3  1601 3412 1218
3  134 1251 3415
3  1680 1251 134
3  3436 443 1354
3  3435 3434 1048
3  1153 1048 3434
3  20 3436 1354
3  20 1354 1896
3  2422 3437 401
3  1182 1218 3413
3  3412 3413 1218
3  1602 3413 3412
3  1182 3413 117
3  3038 3723 4052
3  3038 4052 4054
3  2053 940 3427
3  167 3427 940
3  3253 3422 1825
3  3423 1825 3422
3  222 3423 3422
3  3428 3429 2053
3  3424 2117 3425
3  3425 2117 910
3  415 910 2002
3  3425 910 415
3  3424 3425 1825
3  3424 1825 3423
3  1825 3425 415
3  465 3430 498
3  366 465 498
3  3227 834 844
3  3430 1382 834
3  1800 3432 1045
3  3330 993 3432
3  1625 993 3330
3  3432 993 2473
3  187 3432 1800
3  187 1800 2166
3  2166 1800 2127
3  3435 1601 3434
3  3661 3349 2000
3  1359 3349 3661
3  3439 868 1631
3  844 3439 1631
3  3438 868 3439
3  1382 3438 3439
3  834 3439 844
3  1382 3439 834
3  2201 3448 1208
3  2201 2759 3448
3  2759 1004 3448
3  1005 1004 1002
3  732 3448 1004
3  732 1004 1005
3  1804 3449 1571
3  1804 1476 3449
3  436 3449 3297
3  3298 456 3297
3  3121 3120 3450
3  192 3450 3120
3  3451 685 2739
3  685 3451 777
3  3452 777 3451
3  2627 685 777
3  390 2627 777
3  1735 3455 123
3  2840 2839 2317
3  2839 2838 2317
3  1271 2317 2838
3  2839 3456 297
3  2839 297 2838
3  613 2839 2840
3  2840 2841 613
3  3456 2839 220
3  613 220 2839
3  2205 2221 3461
3  2221 106 3461
3  2221 1597 106
3  1597 1598 106
3  1306 3583 3584
3  1306 3584 436
3  3584 3582 2274
3  3584 2274 3585
3  3929 4055 3762
3  1310 3463 1241
3  262 991 1353
3  3465 989 991
3  3465 991 912
3  1017 912 2409
3  1612 912 1017
3  1792 1170 2340
3  241 989 2924
3  241 548 989
3  912 1835 3465
3  912 1612 1835
3  2340 2341 1792
3  2341 589 1792
3  3467 1792 589
3  1726 3470 85
3  256 3470 1726
3  3470 3344 85
3  3728 3838 959
3  2604 238 4319
3  2604 2784 238
3  3479 3476 184
3  3477 3476 3478
3  2416 3476 2238
3  184 3476 2416
3  3478 3480 1400
3  3478 1400 3475
3  3480 3148 1400
3  3149 3480 3479
3  2452 3897 3898
3  4219 3898 3897
3  2256 2114 3303
3  3707 2114 2256
3  2429 4166 3790
3  2429 3790 4068
3  3782 3762 3853
3  654 4053 1888
3  654 1888 2022
3  4004 938 4005
3  3977 938 4004
3  1850 3521 409
3  1850 409 1853
3  3516 3520 3519
3  3516 3519 3517
3  3488 901 3486
3  2325 901 3488
3  2325 3488 1420
3  348 48 1446
3  348 1446 3490
3  48 3212 3615
3  3616 559 3611
3  348 637 48
3  3865 1476 1804
3  3865 1804 1108
3  3308 1952 3843
3  4303 996 3769
3  4166 567 3790
3  226 1867 3709
3  4424 3928 3752
3  4424 3752 168
3  3829 275 2604
3  2337 1265 4146
3  1298 4276 212
3  4128 4063 4323
3  4128 4323 2008
3  4012 3905 4426
3  3828 565 4306
3  3329 1868 2080
3  1938 375 328
3  122 3503 2481
3  1405 2481 3503
3  3500 2997 3499
3  3500 3501 2997
3  1402 2997 3501
3  3502 3504 198
3  198 1675 611
3  149 2542 1675
3  198 3504 149
3  198 149 1675
3  3501 3504 3502
3  1402 3501 3502
3  3501 1994 3504
3  3500 1994 3501
3  3628 4006 4012
3  4421 3628 4012
3  2998 1368 3510
3  1319 434 3510
3  257 2998 3510
3  257 3510 434
3  1957 1955 3546
3  3520 931 3519
3  3517 1546 1124
3  1849 931 3520
3  1849 3520 1852
3  3517 3515 1546
3  3521 3516 2248
3  73 487 3315
3  3677 487 73
3  2968 245 2032
3  3520 3516 3521
3  3511 1384 3533
3  1384 3543 3535
3  1384 3544 3543
3  2965 1049 2966
3  3571 1414 63
3  2057 3571 63
3  3528 2033 3530
3  3531 3527 3530
3  3531 3530 2033
3  1324 1187 3511
3  1324 3511 3533
3  501 3536 347
3  3312 4327 3807
3  3560 1263 2502
3  789 3560 2502
3  1049 3534 2967
3  1168 3356 4416
3  1383 4416 3356
3  719 884 1711
3  3531 2033 3532
3  3531 3532 3534
3  3532 3535 214
3  3532 214 3068
3  1384 2465 3544
3  3885 3289 3922
3  4342 4343 2208
3  4342 2208 4358
3  4344 2208 4343
3  2336 2337 4148
3  2336 1265 2337
3  3268 3267 3043
3  3268 3043 3269
3  3486 1660 3487
3  4175 2089 4174
3  3799 4174 2089
3  1660 3269 2001
3  1660 2001 40
3  453 572 3291
3  453 545 572
3  2856 3358 3359
3  461 2856 3359
3  2174 3271 2874
3  1530 3271 2174
3  3271 1668 2955
3  2874 3271 2955
3  1668 3271 3270
3  3275 1824 426
3  474 3275 426
3  2465 1384 3511
3  2465 3511 1187
3  1604 3547 1485
3  1604 1485 2817
3  1156 1711 3545
3  1156 3545 765
3  2164 1523 3634
3  2104 3634 1523
3  455 1972 2238
3  455 2238 3477
3  3043 3267 3276
3  3277 3043 3276
3  3269 3043 3277
3  2365 995 2287
3  2490 3279 871
3  2490 871 1493
3  865 2920 1713
3  672 865 1713
3  2996 394 3499
3  2996 569 394
3  3100 3097 3099
3  2100 3099 3098
3  4337 3956 3958
3  1043 2894 4313
3  2308 1273 3862
3  2307 1273 2308
3  3289 2637 2638
3  2937 3346 3347
3  485 2750 3348
3  3285 3287 1391
3  2955 3290 3364
3  3287 1046 1391
3  256 1046 3287
3  1668 2954 3290
3  2953 2954 1668
3  2954 1761 3290
3  2620 1761 2954
3  701 3293 1822
3  1909 3293 701
3  3327 768 674
3  3294 1243 2074
3  2809 2074 1243
3  2700 925 3463
3  364 925 2700
3  392 2691 3677
3  3303 2321 2255
3  752 2321 3303
3  2207 1381 3524
3  416 843 3300
3  1631 868 3233
3  2200 3108 1247
3  3301 1247 3108
3  2715 2200 1247
3  1808 3304 286
3  491 932 111
3  1395 3305 1808
3  304 3305 1395
3  3305 1171 3304
3  1171 3305 431
3  1808 3305 3304
3  3415 1251 2072
3  2515 3768 4402
3  1182 117 2988
3  490 3031 510
3  372 510 3031
3  510 372 2251
3  510 2251 3313
3  2251 401 1311
3  2251 1311 3313
3  3428 1917 3429
3  3428 3664 1917
3  3664 1245 1071
3  372 1669 311
3  2754 1503 312
3  2099 3313 2754
3  2099 2754 312
3  2754 3313 1311
3  3313 2099 510
3  490 510 2099
3  490 2099 83
3  83 2099 312
3  2195 2970 3328
3  2196 2970 2195
3  2738 1821 1818
3  1821 488 1818
3  2364 3249 1706
3  3329 2080 1484
3  1878 1484 2080
3  1085 1356 2591
3  1085 2591 2592
3  488 648 3034
3  1544 3333 3332
3  3311 1544 3332
3  3338 916 2808
3  2903 2902 308
3  805 2149 1346
3  3336 3335 1111
3  1111 1045 3336
3  3336 1045 2272
3  78 3336 2272
3  1636 3336 78
3  2142 1111 3334
3  1521 3338 2808
3  1521 2808 3242
3  99 3352 1453
3  99 1453 2170
3  3341 2658 2414
3  2658 3341 1448
3  1105 1448 3341
3  3342 928 1725
3  3342 1725 85
3  665 941 712
3  3668 665 712
3  3347 1710 2937
3  1105 3343 3345
3  1105 3345 2962
3  3111 1105 2962
3  2750 2749 1837
3  2750 1837 324
3  2750 324 3348
3  3348 1710 3347
3  324 1710 3348
3  3776 1349 3775
3  2911 3775 1349
3  53 3830 4311
3  4025 4101 2631
3  4100 4101 4025
3  1752 4050 4296
3  4181 4050 1752
3  3877 3726 3876
3  3878 3877 3876
3  1043 4313 3838
3  3353 51 18
3  2401 51 3353
3  99 3353 3352
3  99 2401 3353
3  2958 4358 3839
3  2856 461 2819
3  2856 2819 3273
3  2856 824 1365
3  2856 1365 3358
3  2856 3273 824
3  749 3358 2855
3  101 2853 2854
3  2854 2036 242
3  3359 2005 461
3  178 1842 3362
3  1427 3360 3104
3  3360 1282 3104
3  3360 287 1282
3  3373 3372 2662
3  1097 1083 2495
3  2662 2311 3373
3  3127 2311 2662
3  1303 1089 3366
3  1089 1303 1634
3  1579 3372 3369
3  1303 3369 1634
3  3369 1303 3368
3  1579 3369 3368
3  1015 3370 3114
3  1579 3370 1015
3  1304 3372 1110
3  1168 162 3374
3  1015 3126 2662
3  1035 2662 3372
3  1035 1015 2662
3  3369 3372 1304
3  1634 3369 1304
3  3372 3373 1110
3  1084 2154 1110
3  1084 1110 3373
3  3376 1422 3049
3  2601 3376 3049
3  2601 3050 3376
3  3379 1924 33
3  578 3379 33
3  3050 3051 1177
3  3050 1177 3377
3  3050 3377 3376
3  2171 3377 2172
3  1422 3377 2171
3  1177 3378 3377
3  1177 3052 3378
3  3051 3052 1177
3  2352 880 3624
3  688 880 2352
3  273 3738 1496
3  1589 1973 3638
3  2227 1589 3638
3  373 1924 3379
3  578 373 3379
3  3380 1717 1025
3  1013 3380 1025
3  1944 449 1945
3  3384 3386 3387
3  3385 3387 3386
3  570 3384 3387
3  3162 3419 1022
3  1839 2437 1838
3  3763 2587 3759
3  4075 412 3745
3  2751 2413 1945
3  512 2751 1945
3  1159 4178 4179
3  1184 3385 1757
3  3386 1757 3385
3  3384 1757 3386
3  3384 2021 1757
3  3383 1184 1757
3  2815 3420 1604
3  1839 3419 470
3  3392 3383 3391
3  1022 3383 3392
3  3418 1022 3419
3  1839 3418 3419
3  3395 322 1810
3  3395 1810 1095
3  3395 1095 1392
3  1379 3396 3299
3  3397 3396 1379
3  2989 3396 3397
3  1882 1379 577
3  3397 1379 1882
3  2460 3397 1882
3  1081 3711 3727
3  3398 3397 2460
3  734 3398 2460
3  3398 2989 3397
3  3523 2989 3398
3  3523 3398 153
3  3727 598 2031
3  3727 2031 1081
3  2697 4125 4036
3  1568 3942 3941
3  1568 4243 3942
3  753 3144 1912
3  375 4319 4320
3  375 4320 3493
3  3145 565 1938
3  3145 1938 328
3  4307 4306 565
3  4307 2705 4306
3  4308 4233 3744
3  1905 1259 787
3  1905 787 3154
3  3146 3147 953
3  3146 3151 3147
3  1332 3146 2394
3  3151 3146 1332
3  1026 3146 953
3  4253 3994 4254
3  3151 3152 2197
3  3154 947 1677
3  2504 1677 947
3  3154 1677 1905
3  959 3838 4313
3  3210 1275 2520
3  3210 2520 1340
3  2973 937 2971
3  3156 1490 2973
3  3154 787 2002
3  437 947 3154
3  3475 3152 3477
3  3478 3475 3477
3  4415 3820 2608
3  3774 4415 2608
3  455 400 1338
3  3153 179 400
3  3153 3152 529
3  1190 1424 563
3  1424 1425 3156
3  1289 1945 2413
3  1289 3162 3161
3  1289 3161 1945
3  225 2184 2185
3  3162 2185 2184
3  1431 6 124
3  118 3865 1108
3  2123 3784 1701
3  387 1543 4172
3  3168 641 2722
3  1565 641 3168
3  3170 3553 3177
3  3553 1927 3177
3  3171 3553 1136
3  1592 2433 3119
3  1333 1998 1534
3  3556 1998 1333
3  3172 49 3174
3  1744 3175 3176
3  1744 3176 2433
3  3176 3175 3119
3  3176 3119 2433
3  2615 3015 3580
3  211 852 3337
3  3636 852 211
3  1924 3178 33
3  1013 2823 3380
3  2055 2081 2082
3  3179 2081 2055
3  2054 2081 3179
3  3179 1238 2054
3  797 2520 2055
3  3179 2055 2520
3  4349 3741 1891
3  2310 3741 4349
3  3181 705 3182
3  670 705 3181
3  257 3181 2915
3  3182 2915 3181
3  670 3181 257
3  569 2915 2914
3  2998 257 2915
3  2808 3187 1555
3  539 1555 3187
3  3026 3027 539
3  414 539 3188
3  3026 539 414
3  2143 3188 481
3  414 3188 2143
3  2128 3026 414
3  3641 3642 2900
3  2899 2900 3642
3  1358 3189 3190
3  1358 3186 3189
3  3190 3189 1516
3  3190 481 1358
3  481 3190 589
3  2404 481 589
3  3440 3438 1382
3  977 3438 3440
3  2347 1382 2348
3  3430 2348 1382
3  834 3227 1425
3  1272 3631 1840
3  462 3893 4035
3  3426 3424 3423
3  1972 465 366
3  222 3426 3423
3  502 2368 2042
3  3314 2368 502
3  3314 624 1972
3  3201 3261 42
3  3199 3201 42
3  2031 1862 3199
3  3199 1862 3201
3  1588 2258 3261
3  2688 738 3712
3  404 3712 738
3  91 3200 3198
3  42 91 3198
3  1526 3200 91
3  1435 1267 1270
3  1270 1267 518
3  3262 1270 518
3  3208 3205 3206
3  3302 3301 1036
3  607 3203 3195
3  3203 293 3195
3  3203 3196 293
3  3207 2821 937
3  3207 1250 2821
3  28 800 3746
3  3896 3746 800
3  3206 3205 1250
3  3329 3495 1483
3  3329 1483 1868
3  1233 3596 2124
3  1774 3686 1773
3  3203 607 3204
3  3196 3203 3204
3  4273 642 4157
3  3208 2828 1411
3  2873 3228 987
3  4277 3912 3060
3  3163 4277 3060
3  2974 2972 1904
3  3230 1904 2972
3  4129 1341 4062
3  4129 4130 1341
3  950 2101 1558
3  3213 3214 1353
3  548 3213 1353
3  4374 812 155
3  4374 155 328
3  3867 812 4374
3  3867 4374 375
3  2536 1540 425
3  1540 2384 425
3  2535 1540 3221
3  2384 1540 2535
3  2268 1268 2269
3  2535 3221 3222
3  2384 2535 3222
3  3939 1550 3192
3  3996 3997 996
3  3996 4362 3997
3  755 3813 3814
3  755 3814 3815
3  442 3223 3222
3  3221 442 3222
3  3221 2532 442
3  3222 3223 710
3  3958 3955 3767
3  2130 573 54
3  3396 2989 3441
3  980 3396 3441
3  108 418 1729
3  544 545 453
3  453 1514 544
3  2207 3441 1381
3  980 3441 2207
3  147 224 1056
3  224 544 1056
3  1339 3236 2624
3  115 2624 3236
3  3238 3237 1360
3  2523 3238 1360
3  3095 3239 1098
3  3095 1098 2645
3  1098 1785 1410
3  1098 3239 1785
3  1785 3205 1411
3  526 464 2070
3  526 2070 3239
3  3092 464 526
3  418 3255 3254
3  418 2182 3255
3  1133 3241 2151
3  3242 2151 3241
3  2151 3242 451
3  3254 1192 1729
3  1875 1192 3254
3  1730 1192 1875
3  1724 3262 486
3  1131 3248 3245
3  1131 3245 1593
3  1413 3247 2058
3  1413 3101 3246
3  1413 3246 3247
3  3246 3245 2959
3  3246 2959 3247
3  3247 2959 2260
3  1473 2260 2959
3  1225 3247 2260
3  1225 2057 2058
3  1225 2058 3247
3  2958 4342 4358
3  1633 4342 2958
3  242 3320 3250
3  1706 3250 3320
3  3253 2316 3244
3  1825 415 2316
3  1825 2316 3253
3  2443 2442 486
3  3262 2443 486
3  3256 3090 141
3  1205 3090 3256
3  3276 1898 3474
3  2945 3610 3611
3  1454 3474 2979
3  1874 1336 3481
3  1079 1874 3481
3  2197 3152 3475
3  3477 2238 3476
3  3260 1526 91
3  42 3260 91
3  1270 1724 1435
3  1270 3262 1724
3  223 2258 1587
3  3261 2258 223
3  283 336 2013
3  3467 283 2013
3  1148 670 1971
3  3267 901 3042
3  3072 3675 1559
3  622 3411 2933
3  2037 1524 1394
3  2037 1394 3366
3  933 934 3062
3  1786 899 837
3  1846 433 3619
3  3238 2115 3024
3  3796 1254 2225
3  4118 4353 3979
3  4118 3980 4353
3  426 1824 2225
3  1696 936 3795
3  381 3795 936
3  4353 975 3979
3  471 2262 3033
3  2263 1470 2262
3  3033 2262 1470
3  2263 2264 1470
3  2595 3443 1016
3  2595 1016 2598
3  3257 2963 1588
3  2258 1588 2963
3  3262 171 2443
3  3838 2511 1473
3  3352 1730 1875
3  248 2420 595
3  1898 3042 1637
3  3042 901 557
3  2325 557 901
3  1948 3045 1052
3  1849 1234 3483
3  1849 1852 1234
3  1218 2985 1595
3  1218 1595 3307
3  375 1938 4319
3  3307 1845 1601
3  2593 1330 2596
3  2106 3047 144
3  2106 144 2109
3  3052 3051 2049
3  3050 2594 2047
3  2601 2597 2594
3  2601 2594 3050
3  2801 1117 3053
3  2801 2800 1117
3  1606 2801 3054
3  3054 2801 3053
3  3054 2437 3055
3  3054 3055 1606
3  2346 942 2301
3  2346 3279 1713
3  2763 3913 3716
3  1891 3913 2763
3  3555 1927 3554
3  1834 4253 4254
3  1834 4254 4066
3  2771 2772 1011
3  1293 2612 4261
3  1474 3063 1120
3  1474 1120 2390
3  3164 874 608
3  2783 2729 3143
3  3400 2729 2783
3  2728 2730 3400
3  2783 509 3400
3  1077 3061 2869
3  1324 3533 3529
3  1324 3529 3528
3  3065 1020 3066
3  3065 3534 1020
3  3676 980 747
3  644 3069 3070
3  3020 1529 1464
3  3020 1464 3647
3  3069 3071 1559
3  1531 3074 887
3  837 3074 1531
3  3522 3524 1381
3  918 747 2040
3  918 3676 747
3  536 3072 303
3  163 3075 2507
3  3076 2061 2060
3  2045 3076 2060
3  2045 3075 3076
3  2507 3075 2045
3  3121 2448 3125
3  3121 3866 2448
3  4001 948 4003
3  3564 2927 4003
3  3564 3563 2927
3  1623 3723 3038
3  1623 561 3723
3  2388 3079 1535
3  403 1535 3079
3  403 3079 2373
3  3079 2388 713
3  3079 713 2373
3  4170 1752 3888
3  2471 814 2470
3  2471 2470 3512
3  3081 3082 566
3  3081 3080 3082
3  3361 1427 134
3  4222 2631 4220
3  3755 1068 1674
3  1277 2506 3087
3  3087 2505 2160
3  2506 2505 3087
3  2669 2668 2633
3  3088 2633 417
3  2633 3088 667
3  2669 2633 667
3  417 591 3088
3  503 591 417
3  570 3091 190
3  1467 3091 570
3  2540 3091 1467
3  2540 2539 3091
3  2952 3010 2096
3  3230 678 2552
3  2769 3099 1006
3  2100 1006 3099
3  2436 652 4059
3  393 3923 567
3  66 3923 393
3  1104 3101 358
3  2253 1104 358
3  287 1931 1282
3  1932 287 1933
3  3362 1842 1828
3  3362 1828 84
3  450 3081 1427
3  450 1427 3104
3  3825 3966 3971
3  556 445 3107
3  445 899 1786
3  3107 445 1786
3  1700 3108 2524
3  214 884 341
3  3543 884 214
3  3535 3543 214
3  1697 3541 911
3  3488 3486 3487
3  3488 3393 1420
3  421 3393 3488
3  3268 901 3267
3  3486 901 3268
3  4137 3509 1812
3  4054 1812 3509
3  3111 2961 2657
3  3111 2962 2961
3  107 1829 3112
3  107 2144 862
3  107 3112 2144
3  1176 3113 3112
3  3113 1565 3112
3  3113 641 1565
3  1122 3116 2400
3  1122 2400 1038
3  2321 752 2322
3  4067 2322 752
3  4085 3009 4086
3  137 3117 2424
3  3883 3742 521
3  3637 1990 4420
3  3732 3564 4003
3  3122 3123 1740
3  1337 1740 3123
3  1842 3126 2494
3  3125 2447 1337
3  2446 1337 2447
3  3366 1089 2037
3  3342 3344 3343
3  85 3344 3342
3  3368 3366 3370
3  3396 980 3299
3  2835 3129 617
3  2062 617 3129
3  1983 3085 3086
3  1983 3086 3131
3  372 3031 3132
3  372 3132 1669
3  3139 203 2719
3  1367 2430 3133
3  1934 3135 177
3  3133 3134 1125
3  3136 1125 3134
3  177 3135 621
3  1899 621 3135
3  1125 1347 1367
3  1125 1764 1347
3  4438 1312 2331
3  281 4438 2331
3  302 2377 3337
3  302 3337 852
3  1979 1347 1980
3  1367 3133 1125
3  1125 3137 1764
3  1125 3136 3137
3  1943 3822 2612
3  193 3141 430
3  2806 3141 193
3  832 919 4260
3  4423 226 3709
3  4423 3709 3708
3  3809 1585 2545
3  1051 3401 3171
3  1051 3171 1136
3  1080 2783 2866
3  3143 2866 2783
3  2063 780 2884
3  448 1678 1610
3  2885 1678 448
3  2796 1603 218
3  1578 218 2888
3  1578 2796 218
3  811 2809 1243
3  2902 2698 2699
3  2902 2699 308
3  110 3345 382
3  110 382 3288
3  3853 2023 3782
3  2275 3505 753
3  4295 642 3899
3  44 3899 642
3  3936 4053 654
3  2023 3853 3854
3  3258 141 3610
3  3258 3257 141
3  1603 2896 218
3  249 841 2478
3  1704 841 1321
3  1321 841 249
3  2863 1321 249
3  3506 2385 2384
3  3506 2384 3222
3  406 1704 1321
3  2897 406 1321
3  1704 406 893
3  1496 893 406
3  1243 3294 3295
3  406 2897 468
3  1496 406 468
3  710 3506 3222
3  3109 3542 592
3  3618 3109 592
3  738 3621 4069
3  538 2908 655
3  707 2908 538
3  2908 1743 2630
3  707 1743 2908
3  3775 795 3776
3  1507 795 3775
3  1952 3844 3843
3  2904 1308 2905
3  831 2904 2905
3  2695 2444 2913
3  1984 2913 2444
3  239 1638 774
3  239 3185 1638
3  23 3214 3213
3  2916 2917 20
3  2916 20 1896
3  1072 2919 1313
3  2917 2918 20
3  2918 1693 2486
3  20 2918 2486
3  1401 2753 3437
3  3069 3073 3070
3  3069 1559 3073
3  487 842 3037
3  3677 842 487
3  2901 2900 1327
3  504 2203 3330
3  3300 843 962
3  3300 962 577
3  3073 1134 3070
3  3073 1559 1134
3  1765 1445 506
3  1765 1300 1445
3  1445 1300 1103
3  1515 1103 1300
3  798 1765 2920
3  549 1809 3525
3  2920 1765 2833
3  2665 203 3139
3  3349 220 2000
3  3349 3456 220
3  2929 1979 1093
3  1346 2929 1093
3  1246 3026 2128
3  71 279 127
3  2931 279 71
3  50 2335 2931
3  279 2931 2335
3  402 3019 1528
3  2179 3024 2508
3  2932 622 2933
3  2932 2933 67
3  1396 1095 3674
3  3674 3671 3673
3  1396 3674 3673
3  3555 1333 3178
3  1927 3555 3178
3  2259 3020 3647
3  3264 3020 2259
3  1963 3687 1962
3  1963 1962 4028
3  1997 67 2933
3  1997 2933 244
3  1257 2935 2844
3  1257 2844 2282
3  1257 2282 2733
3  1257 1134 2935
3  2733 1134 1257
3  1271 2838 2936
3  3348 3347 1086
3  2717 2939 765
3  2909 1628 2939
3  2630 1628 2909
3  2909 2939 2717
3  2943 2050 1995
3  2941 2050 2943
3  2061 2050 2941
3  2061 2941 138
3  2048 2941 2943
3  2048 2943 259
3  1988 1973 946
3  3259 1988 946
3  2220 3200 1527
3  3538 3539 907
3  3538 907 2950
3  1667 2953 1148
3  1667 1148 1971
3  3539 3540 635
3  3542 3540 3539
3  102 2256 2255
3  3303 2255 2256
3  592 2952 1036
3  592 1036 1076
3  811 1731 708
3  3233 868 1389
3  3233 1389 376
3  2614 3015 1305
3  3014 3015 2614
3  3014 2614 1305
3  551 2620 2954
3  551 2954 2953
3  933 3291 572
3  3292 1686 1206
3  3292 1206 1612
3  1909 1573 3293
3  1910 1573 1909
3  2957 474 361
3  361 2735 2957
3  1130 2957 2735
3  3802 4380 1399
3  3802 1399 81
3  173 3537 2135
3  261 2035 2962
3  261 2962 110
3  1404 2177 3202
3  2938 1404 3202
3  2970 2737 768
3  1818 768 2737
3  1236 3571 2219
3  1236 2219 2133
3  3065 2967 3534
3  2738 1820 701
3  1324 3528 2032
3  1164 1049 2965
3  1164 2965 2968
3  1323 2964 2968
3  1323 2968 2965
3  1323 2965 2964
3  1049 3531 3534
3  253 2727 2744
3  1795 3542 3109
3  3991 4430 2267
3  3902 4430 3991
3  2966 1049 2967
3  725 2319 3558
3  725 3558 650
3  2974 2244 563
3  2974 1904 2244
3  3229 2971 1423
3  3229 1423 3230
3  1099 2146 1348
3  2084 108 1729
3  3168 2722 1929
3  1240 3168 1929
3  1933 287 3361
3  3030 902 4351
3  4352 902 3030
3  3288 178 3362
3  342 4352 3030
3  1424 2972 2974
3  563 1424 2974
3  2977 1378 463
3  2172 3046 2171
3  2980 2981 22
3  463 2981 2980
3  2981 1179 1861
3  2981 1861 22
3  463 503 2981
3  2981 503 116
3  1230 2103 3408
3  1230 3408 2104
3  3408 2103 26
3  2164 3408 26
3  3049 3048 2108
3  3049 2108 2601
3  116 2724 1179
3  2981 116 1179
3  1359 3661 1086
3  1023 1059 1595
3  2985 1023 1595
3  2985 2986 1023
3  2991 2233 951
3  2991 951 2066
3  1847 3492 1259
3  4209 4202 4201
3  137 2554 3491
3  2709 2533 1439
3  2709 1439 3005
3  2775 2994 1021
3  2771 2775 1021
3  2775 2995 2994
3  2775 2776 2995
3  1742 2793 2993
3  3103 2030 1862
3  3103 1862 2031
3  2030 3103 2757
3  2520 3180 3179
3  197 3105 3505
3  2275 197 3505
3  3936 4049 4053
3  394 3500 3499
3  631 1611 2307
3  2207 3524 865
3  3002 2732 2192
3  2314 2732 3002
3  227 2314 3002
3  3846 3901 4428
3  4248 3960 3861
3  4230 3846 4428
3  2706 741 923
3  3862 1273 1735
3  1811 3006 1055
3  425 1580 2536
3  3298 3643 3462
3  456 3298 3462
3  2671 3643 316
3  4278 2791 1194
3  1169 2791 4278
3  3224 845 857
3  3224 857 2412
3  2894 1543 148
3  561 1623 1370
3  154 2268 2269
3  154 448 2268
3  330 3310 3312
3  3006 3007 3005
3  3006 3005 1055
3  1440 1434 1648
3  2005 2006 722
3  2810 1780 3016
3  3357 2130 54
3  3355 2130 3357
3  43 877 3017
3  43 1222 500
3  43 3017 1222
3  3017 2272 1222
3  78 2272 3017
3  2334 3018 1525
3  2334 336 3018
3  3018 622 1525
3  1834 4252 4253
3  574 4218 4219
3  1578 2888 1824
3  2886 2882 1676
3  2419 1121 3022
3  746 154 3225
3  746 448 154
3  248 3039 1121
3  248 1121 2420
3  1278 1121 3039
3  2772 2771 2774
3  332 2636 4167
3  2484 2486 2777
3  444 2777 69
3  2774 2770 1280
3  2774 1280 1169
3  2770 2774 2771
3  2770 2771 1021
3  1742 3124 3122
3  1742 1737 3124
3  763 3124 1737
3  1011 2776 2775
3  1011 2775 2771
3  763 1737 2995
3  1077 1320 1827
3  2781 56 2743
3  2779 1407 1901
3  424 2779 1901
3  424 2778 2779
3  531 2779 2778
3  1182 2988 2986
3  766 1407 2780
3  1320 762 1827
3  2867 762 1320
3  2782 1080 1295
3  5 2472 509
3  5 509 2782
3  3959 3960 4248
3  5 2782 2077
3  2077 2782 1295
3  2467 2077 1295
3  3503 3502 1405
3  1472 3870 1869
3  3660 624 3314
3  3665 3664 1071
3  1916 3429 1917
3  586 1739 2788
3  3512 1401 2145
3  1194 2791 2790
3  1575 2790 2791
3  2789 1575 2252
3  2795 1869 1317
3  2329 3920 258
3  4135 4263 1548
3  1337 3123 3125
3  3330 181 1625
3  3330 2203 181
3  2795 1483 1869
3  1472 1869 1483
3  1575 2789 2790
3  1897 2790 2789
3  2788 2790 1897
3  1463 2790 2788
3  1463 1194 2790
3  1280 2791 1169
3  1280 1575 2791
3  1009 1019 2797
3  3057 2456 2285
3  3659 3653 1459
3  2798 2800 2693
3  389 1606 3055
3  389 3055 1548
3  2284 2456 3057
3  2284 3057 702
3  3054 3053 558
3  3055 849 1548
3  530 3793 3472
3  530 3864 3793
3  3781 3976 3977
3  4009 4292 3780
3  1712 4292 4009
3  3474 1898 2979
3  3967 3968 3992
3  1147 2342 2343
3  451 2803 594
3  451 594 2151
3  222 2803 451
3  222 451 1150
3  451 1617 1150
3  3455 1611 123
3  2806 1277 2805
3  3809 960 820
3  2545 960 3809
3  4303 3769 4317
3  408 4303 4317
3  609 1276 2458
3  3910 479 3849
3  392 3677 2118
3  2899 1961 1480
3  643 1963 2056
3  2136 811 708
3  1255 2068 2817
3  1419 2810 2136
3  1419 1780 2810
3  211 3337 357
3  1183 2814 1254
3  1183 1336 2814
3  1888 4053 210
3  1079 1335 1874
3  2816 659 2815
3  3866 2606 1444
3  2068 2818 2816
3  2068 1252 2818
3  2816 2818 659
3  2818 2222 659
3  2818 1252 2222
3  339 722 404
3  2819 722 339
3  461 722 2819
3  1264 3622 2162
3  1053 1115 3096
3  2654 3096 1115
3  2872 3026 1246
3  3027 3026 2872
3  2823 1232 252
3  1232 2823 1980
3  1013 1980 2823
3  1022 3392 3161
3  2019 3381 190
3  1933 346 527
3  1933 2824 346
3  389 2975 2693
3  389 2693 1606
3  1314 3001 2355
3  2465 3363 765
3  3546 1955 775
3  3546 775 2569
3  2822 3094 2146
3  3094 3093 2146
3  1348 2146 3093
3  1348 3093 3094
3  2346 2833 942
3  2346 1713 2833
3  2685 1003 2831
3  2833 2832 942
3  2834 2685 2831
3  2834 1642 2685
3  2832 2831 1001
3  2921 1750 2922
3  3525 2293 549
3  1765 1799 2833
3  1765 506 1799
3  1069 2648 2837
3  1344 2648 2649
3  2837 2648 2646
3  1344 2646 2648
3  2837 2646 1781
3  3524 3522 798
3  3524 798 2920
3  409 377 2190
3  3281 1878 3280
3  3662 2000 828
3  3662 828 2069
3  3668 1622 2842
3  834 498 3430
3  2147 3444 3443
3  3430 465 2348
3  4030 1415 2449
3  297 757 2838
3  2936 2838 757
3  2146 678 3230
3  2146 3230 1423
3  1308 1156 1628
3  2939 1628 1156
3  460 2936 2938
3  1271 2936 460
3  2711 483 2845
3  4302 4301 4303
3  408 4302 4303
3  1603 968 2896
3  778 891 1516
3  778 1516 2846
3  2182 1290 3339
3  1520 1724 1119
3  1975 1486 3243
3  1272 3063 3322
3  778 2846 2422
3  4333 922 3868
3  1338 2368 3314
3  3191 1249 688
3  3191 2241 1249
3  2761 1428 1100
3  1365 1954 2851
3  1365 2851 2855
3  101 3359 749
3  101 749 2853
3  1823 2857 1822
3  2851 528 2850
3  2854 2853 596
3  3466 984 2924
3  989 3465 3466
3  989 3466 2924
3  3115 3807 4327
3  3115 4327 4328
3  1790 978 262
3  2897 2898 468
3  704 2866 3143
3  609 3142 1451
3  3799 273 4174
3  4176 2764 1291
3  2762 1291 2764
3  4175 609 2089
3  3141 1451 3142
3  3141 2806 1451
3  7 397 2987
3  3144 1227 1912
3  212 4276 4274
3  4275 4274 4276
3  3322 486 3323
3  3323 486 2442
3  2879 1832 1498
3  59 270 517
3  2665 3139 554
3  2665 554 2592
3  3027 1618 1555
3  539 3027 1555
3  1831 2641 2871
3  1986 2875 1985
3  771 1986 1985
3  2877 823 2876
3  2878 2877 2879
3  2879 2877 1708
3  1708 2877 2876
3  2879 1498 2878
3  1494 806 2880
3  2878 2880 823
3  2880 806 823
3  770 1783 806
3  4100 4025 2003
3  4024 2003 4025
3  1045 2473 1613
3  1045 3432 2473
3  3416 1289 2413
3  3416 2185 1289
3  2884 746 2363
3  2086 2884 2363
3  2086 2363 772
3  2086 2063 2884
3  2886 2210 1610
3  2886 1610 1678
3  2884 780 2883
3  2885 2884 2883
3  1259 780 2063
3  1260 1074 1492
3  2372 1074 1260
3  2292 2372 1260
3  32 3329 1484
3  32 3495 3329
3  2166 2127 1025
3  2166 1025 2647
3  2647 1025 1654
3  2250 168 2650
3  3971 3974 3825
3  3727 3004 598
3  3003 3004 3727
3  1946 653 886
3  2250 2450 796
3  2652 653 1946
3  3845 2450 2250
3  1949 2961 1186
3  2657 2961 1949
3  359 1798 2441
3  359 2441 2659
3  2441 1798 2315
3  3887 2901 1327
3  1428 860 528
3  1428 2761 860
3  217 4242 411
3  2006 404 722
3  2661 1319 1101
3  2660 1319 2661
3  2999 2347 984
3  2999 984 950
3  1389 977 2999
3  850 1389 2999
3  2629 2667 1078
3  1697 2667 2629
3  1697 2629 635
3  417 2633 1437
3  2668 1437 2633
3  3034 3325 674
3  1477 1108 2670
3  2669 1755 3514
3  2669 555 1755
3  1998 1144 1608
3  1755 1608 1144
3  3514 1755 1144
3  1850 1853 1852
3  2668 2669 524
3  409 2248 377
3  3521 2248 409
3  3513 3514 1144
3  1755 904 1608
3  555 904 1755
3  1378 2679 2680
3  1047 2680 2679
3  616 2676 2674
3  234 2678 152
3  3589 1813 289
3  3589 289 3588
3  2675 2674 1377
3  2675 1377 2679
3  2675 690 2674
3  2987 2986 2988
3  557 152 2678
3  557 2325 152
3  2016 2683 2676
3  2976 1196 1716
3  2976 2977 1196
3  2679 1377 1146
3  1047 2679 1146
3  1047 847 2680
3  591 2680 847
3  815 2187 876
3  1195 2682 1716
3  2682 2681 1716
3  2344 2683 2016
3  3297 3449 1476
3  3297 1476 3298
3  1001 942 2832
3  2396 2397 1581
3  3130 2514 759
3  3130 759 2515
3  3068 3067 3569
3  3206 1250 3207
3  3414 1602 3412
3  3678 1116 3417
3  3678 3417 1489
3  1489 2546 3678
3  2547 3678 2546
3  2155 2692 380
3  1894 2916 1896
3  2578 2916 1894
3  37 773 216
3  2741 1180 1797
3  95 485 720
3  95 2750 485
3  1771 2320 216
3  185 2692 243
3  37 243 2692
3  37 216 243
3  1079 3420 1335
3  2815 1335 3420
3  569 1992 394
3  2914 1992 569
3  1993 1209 2914
3  129 1209 1993
3  1839 3083 3418
3  1022 3418 3383
3  65 2397 2396
3  2696 2397 65
3  3387 952 2254
3  1372 2755 2304
3  3385 952 3387
3  1784 952 3385
3  2865 661 3496
3  952 1784 1625
3  1784 742 1625
3  1784 2696 742
3  1613 2473 742
3  458 1692 3952
3  25 2519 2703
3  41 2703 2519
3  4224 4082 2313
3  25 2703 1126
3  140 1126 2703
3  41 140 2703
3  2723 3588 289
3  3405 639 550
3  3405 550 1659
3  3588 835 3567
3  3566 3567 835
3  2724 835 2723
3  3588 2723 835
3  480 927 1274
3  2708 927 480
3  480 1175 2708
3  480 2374 1175
3  2433 1552 1175
3  2708 1175 1552
3  4371 1951 420
3  486 3322 1041
3  3321 1041 3322
3  2689 2690 1450
3  483 1344 1596
3  1596 1344 2649
3  3170 3177 964
3  3170 964 3552
3  641 896 1569
3  2722 641 1569
3  3571 1225 2219
3  2720 1788 1789
3  616 1789 1788
3  1789 1195 2720
3  600 1637 557
3  1195 1637 600
3  1195 600 2720
3  600 557 2678
3  1239 2398 2721
3  4237 632 3862
3  1590 4237 3862
3  1297 1447 2356
3  2666 3590 1447
3  2666 1447 1297
3  1709 1929 2721
3  166 1929 1709
3  166 1709 153
3  2721 1929 2722
3  3169 964 49
3  3401 3402 379
3  754 3401 379
3  603 3927 3950
3  2722 1239 2721
3  501 347 3921
3  3922 3923 671
3  3758 3809 2585
3  1585 3809 3758
3  1100 1034 1430
3  3002 2192 3003
3  227 3002 3003
3  3891 1635 1673
3  3891 29 1635
3  2730 2731 180
3  421 180 2731
3  2835 1392 3129
3  2731 2730 2314
3  2731 2314 227
3  202 2733 338
3  202 505 2405
3  202 2405 2733
3  1449 2375 2910
3  652 2375 1449
3  3785 1458 3787
3  1578 1130 1576
3  2735 1576 1130
3  1426 3325 3034
3  2591 3325 1426
3  1423 2971 2822
3  1423 2822 2146
3  3418 3083 1184
3  3418 1184 3383
3  2280 817 2279
3  2740 817 2280
3  1294 817 2740
3  1657 2740 1436
3  1294 2740 2121
3  2120 1294 2121
3  3162 2184 3419
3  470 3419 2184
3  3856 3855 3761
3  4055 3761 3855
3  3583 3581 3580
3  2742 2743 56
3  2745 2743 2742
3  596 3601 2854
3  2036 2854 3601
3  3750 2208 4344
3  4358 2208 3750
3  2512 2742 56
3  2746 1500 293
3  2727 293 1500
3  2747 2746 1837
3  2743 2745 2747
3  2021 3391 1757
3  3383 1757 3391
3  95 720 1748
3  267 854 2413
3  267 2413 2751
3  1710 2938 2937
3  1404 2938 1710
3  570 3387 2254
3  3173 3171 3401
3  2249 2028 1261
3  132 2752 2753
3  1311 2752 2754
3  2753 2752 1311
3  3320 743 2626
3  1706 3320 2626
3  242 743 3320
3  2030 2757 2027
3  2758 862 2144
3  650 2758 2144
3  650 441 2758
3  1212 2852 2853
3  101 2005 3359
3  528 860 2850
3  3716 1393 3717
3  3716 3717 646
3  2763 2764 1891
3  2763 2762 2764
3  1833 874 4066
3  608 874 1833
3  3597 1364 2562
3  3597 2562 2126
3  2611 2211 2765
3  2611 2765 94
3  2765 2211 2212
3  2210 94 2765
3  2210 2765 2212
3  1577 2735 361
3  3008 1577 361
3  2930 2659 3224
3  2930 3224 2412
3  3217 3033 435
3  3219 3217 435
3  1818 488 674
3  1484 1878 3281
3  636 3035 943
3  1997 250 2537
3  244 250 1997
3  3925 3333 1544
3  3820 3819 1943
3  3823 3820 1943
3  76 661 647
3  3496 661 76
3  1991 4335 4334
3  1991 4334 3508
3  2132 869 3842
3  2878 823 2877
3  449 1944 2020
3  2020 1229 2539
3  2020 1944 1229
3  3129 1392 1095
3  2731 3128 3393
3  2731 3393 421
3  2540 2152 2020
3  2540 2020 2539
3  1815 2566 1620
3  1099 3011 2146
3  3011 678 2146
3  2151 3422 687
3  2151 687 1133
3  3899 36 4295
3  3899 4288 36
3  2769 2890 2516
3  1413 2058 358
3  3101 1413 358
3  2673 1476 3865
3  3137 4437 1764
3  2547 2546 689
3  1375 2621 2009
3  1375 320 2621
3  1208 52 2549
3  1208 2549 2201
3  1840 2548 2547
3  1495 951 2233
3  2550 951 1495
3  3609 2476 1434
3  2549 951 2760
3  2201 2549 2760
3  2760 951 2550
3  1835 3466 3465
3  1241 2550 892
3  1495 2233 892
3  2550 1495 892
3  1805 283 891
3  3607 743 3603
3  3008 3468 1434
3  3609 1434 3468
3  786 3012 23
3  500 2102 2552
3  691 2503 208
3  1603 208 2503
3  1567 2965 2966
3  1567 2966 3570
3  2198 607 1188
3  3195 1188 607
3  3585 1571 3449
3  2800 2801 2693
3  1606 2693 2801
3  2799 1019 2172
3  2797 1019 2799
3  208 2553 1563
3  208 1563 666
3  208 666 691
3  1180 2742 2315
3  2742 2512 199
3  2742 199 2315
3  3252 990 3012
3  380 2692 185
3  2808 916 3187
3  1358 481 3188
3  2155 2281 1044
3  2695 2155 1044
3  2562 2561 2126
3  2562 2563 327
3  2562 327 2561
3  4174 273 4173
3  4174 4173 466
3  281 1567 1214
3  2310 1497 3740
3  3739 1497 3738
3  3740 1497 3739
3  1856 97 281
3  281 97 1567
3  4226 3627 4224
3  245 97 1856
3  96 1955 1956
3  2287 995 3621
3  3310 1363 3312
3  1166 966 2551
3  759 1884 186
3  759 186 3768
3  4135 4411 1505
3  4135 225 4411
3  4205 4209 4201
3  3949 4209 4205
3  2656 2658 1448
3  3111 2656 1448
3  127 2658 2656
3  407 2103 2575
3  2105 407 2575
3  2575 2103 1230
3  4059 652 12
3  1894 1478 2578
3  1122 2578 1478
3  326 329 2581
3  1722 541 2581
3  1722 2581 329
3  163 2445 1662
3  1122 1038 2579
3  1122 2579 2578
3  2315 845 1641
3  2441 2315 1641
3  2441 1641 2659
3  2400 51 2401
3  1038 2580 2579
3  4259 832 4260
3  4259 4260 4258
3  3811 3810 2385
3  3812 3810 3811
3  2298 584 2582
3  2583 2582 584
3  2080 2078 2830
3  325 2830 2078
3  3752 909 2650
3  168 3752 2650
3  1675 522 1362
3  815 2188 2586
3  815 2586 2187
3  1315 2588 2589
3  131 2589 2588
3  4143 1315 2589
3  4143 2589 4142
3  2590 1460 399
3  3355 399 1460
3  4270 983 2603
3  3995 2603 983
3  3990 3983 3984
3  3053 1117 3052
3  2598 1016 2940
3  3444 2940 1016
3  364 2700 772
3  680 2700 781
3  2600 2049 2599
3  3051 2599 2049
3  3122 3124 3123
3  763 3123 3124
3  3493 3867 375
3  2107 2147 3041
3  3040 2107 3041
3  440 711 2602
3  440 2602 1910
3  2594 2597 2595
3  2047 2594 2595
3  2059 2942 3444
3  2059 3444 2147
3  2060 138 2942
3  871 3279 2346
3  871 2346 2301
3  3057 2285 2421
3  3057 2421 702
3  2799 2172 3378
3  2800 2799 3378
3  1939 3719 3718
3  2607 1939 3718
3  4071 3719 4072
3  1815 3756 1145
3  3764 1674 57
3  3764 57 4375
3  284 3867 3493
3  1869 2366 1317
3  3870 2366 1869
3  4253 3655 3994
3  232 2607 2605
3  232 2605 358
3  232 1541 2607
3  232 358 1541
3  1751 3721 1888
3  1751 1888 210
3  57 1959 4375
3  2610 1677 2504
3  2609 1677 2610
3  2609 2610 1216
3  2610 2504 2611
3  2610 2611 94
3  4208 875 4127
3  2368 2766 590
3  2368 590 1639
3  146 2121 3015
3  146 3015 3014
3  3680 2169 2168
3  1199 2168 2169
3  2617 1150 1504
3  2617 1504 452
3  143 2617 452
3  390 2617 143
3  2242 2617 390
3  777 3452 3454
3  777 3454 390
3  4260 4256 4258
3  4260 534 4256
3  1746 468 2898
3  1746 1496 468
3  1548 4263 335
3  3791 335 4263
3  600 2677 2720
3  1706 2625 2364
3  1870 2364 2625
3  1974 3453 3452
3  320 1873 2627
3  1873 2382 685
3  1873 685 2627
3  459 752 3591
3  3303 3591 752
3  2629 1078 907
3  2629 907 635
3  2951 3538 2950
3  3840 4369 4249
3  3840 4249 4379
3  175 3725 3906
3  3802 4266 4380
3  2769 27 3100
3  2976 1378 2977
3  2983 1509 366
3  498 2983 366
3  1178 1773 3686
3  2323 1773 1178
3  3489 249 2478
3  555 2669 667
3  555 667 62
3  3089 1609 1886
3  3089 1886 508
3  3530 3527 3617
3  2406 668 2405
3  2923 1050 2858
3  3604 3607 3603
3  2701 3607 3604
3  1915 3251 2156
3  3602 2036 3601
3  1520 1119 2389
3  2921 1749 1204
3  2921 1204 1750
3  4109 788 4110
3  656 788 4109
3  2635 2406 505
3  2405 505 2406
3  1284 2406 2635
3  400 2639 1338
3  400 179 2639
3  3256 141 3257
3  487 3037 1745
3  271 2988 117
3  313 1987 1988
3  3442 313 1988
3  2640 838 2257
3  784 2257 838
3  2087 2296 4210
3  2087 4210 4355
3  23 3013 3214
3  3012 3013 23
3  543 3037 842
3  4250 397 7
3  2686 3431 496
3  3573 923 3572
3  3072 1559 3071
3  3072 3071 2418
3  3671 250 1723
3  1095 1810 2538
3  3318 3316 1459
3  2136 3800 1419
3  3477 400 455
3  3477 3153 400
3  3506 3811 2385
3  710 3811 3506
3  1653 2428 828
3  1653 828 2000
3  682 2069 828
3  682 828 2428
3  1741 2792 2794
3  4271 935 135
3  4167 2638 2637
3  4167 2636 2638
3  1984 773 37
3  2913 1984 37
3  3273 2819 339
3  752 459 3985
3  431 628 3084
3  1809 431 3084
3  3335 1636 2431
3  2431 1899 2430
3  2361 3773 3772
3  455 1338 3314
3  354 2434 1441
3  354 41 2434
3  354 92 41
3  2375 652 2435
3  2375 2435 1169
3  470 2437 1839
3  1007 1012 2439
3  1007 2439 1553
3  4370 714 3632
3  4371 714 4370
3  3263 519 1557
3  519 3263 1743
3  1066 1879 2445
3  3076 2072 1251
3  3075 2072 3076
3  2445 1879 1881
3  1201 1881 1879
3  3132 3031 3032
3  2061 3076 1251
3  2651 4360 1461
3  3996 4422 1087
3  4036 3996 1087
3  4203 4210 4274
3  1740 1741 2794
3  1740 2071 1741
3  3122 1740 2794
3  358 2058 1541
3  3102 954 1994
3  1209 954 3102
3  3085 628 3870
3  3085 3870 1472
3  1859 3171 3173
3  2454 1932 2455
3  2454 2455 161
3  2284 1584 2456
3  552 1584 2284
3  2457 2458 1276
3  3597 3596 1233
3  3597 2126 3596
3  4232 4406 4338
3  87 2458 2457
3  60 87 2457
3  1153 3446 1048
3  1556 1048 3446
3  3259 3442 1988
3  1988 1334 1973
3  2990 1763 1189
3  2990 695 1763
3  1882 890 2460
3  2386 2460 890
3  2460 2386 734
3  1186 1312 4438
3  542 2990 1189
3  45 4413 4094
3  45 4094 4093
3  2821 464 2822
3  1187 261 2465
3  3808 204 704
3  3808 2496 204
3  240 263 1806
3  1295 1154 1296
3  2466 2467 1295
3  2466 1295 1296
3  1365 2855 3358
3  3738 273 3799
3  527 2474 2244
3  1933 527 2244
3  1254 1566 2224
3  2475 561 1370
3  1434 2476 2475
3  1434 2475 1648
3  1480 2900 2899
3  3480 3497 3148
3  3149 3497 3480
3  562 4247 2706
3  2483 2482 1142
3  13 2482 2483
3  93 947 1883
3  2488 947 93
3  2487 419 2484
3  2487 2483 419
3  2489 2140 413
3  1256 2140 2489
3  2487 2488 93
3  2487 93 13
3  114 766 2780
3  114 2780 2934
3  2484 419 2486
3  419 2483 2485
3  2486 419 2485
3  2485 2483 1142
3  3437 1311 401
3  2919 2893 1325
3  2892 2919 1017
3  2892 1017 2893
3  2892 2893 2919
3  3417 2280 2279
3  2060 2061 138
3  2459 2505 60
3  2160 2505 2459
3  839 2490 199
3  672 2490 839
3  3674 2538 250
3  3671 3674 250
3  646 3496 2762
3  2714 1569 1863
3  2492 3066 1465
3  2492 2493 3066
3  1966 1263 3560
3  2351 3559 2137
3  1828 1083 84
3  2495 1083 1828
3  2494 2495 1828
3  1842 2494 1828
3  2966 2967 3570
3  2498 2497 378
3  2226 2276 2497
3  2226 2497 2498
3  478 2226 2498
3  2868 1498 294
3  599 2501 1719
3  2502 1442 789
3  4013 1712 4009
3  2503 2502 1263
3  2097 2502 2503
3  691 867 2097
3  2503 691 2097
3  3830 790 130
3  2439 2154 2508
3  2439 2508 1553
3  2509 2508 1084
3  784 3128 227
3  753 2510 2275
3  2419 2510 753
3  3627 4231 4082
3  3627 4082 4224
3  1180 2315 1798
3  2744 640 2741
3  253 2744 2741
3  2746 293 1837
3  2821 2070 464
3  537 2517 863
3  537 2518 2517
3  2518 1283 2517
3  3932 2432 4241
3  4239 4241 2432
3  784 838 3128
3  3294 2074 113
3  2401 99 2403
3  583 4202 4200
3  1319 2660 1615
3  1319 1615 3645
3  1822 3293 809
3  3629 4220 2631
3  3629 2631 3494
3  1056 1514 3234
3  544 1514 1056
3  2524 70 2115
3  2524 2115 274
3  1190 1889 2525
3  2043 2527 1366
3  604 2043 1366
3  1366 2527 1088
3  1723 250 244
3  3672 1545 2062
3  3328 768 3327
3  2530 1162 1439
3  2528 471 2530
3  1439 2528 2530
3  2308 632 2713
3  2308 2713 92
3  1648 2263 2265
3  50 1997 2335
3  2537 2335 1997
3  1818 674 768

