OFF
2035 4066 0

175.969 110.702 43.742
105.019 95.2157 51.0084
138.422 85.1084 124.545
122.717 120.027 130.965
118.334 75.0412 122.204
133.783 49.0171 68.0598
112.432 88.8278 48.1703
124.174 55.9668 57.0219
79.0302 122.783 121.114
151.975 100.043 120.99
98.0258 109.33 130.051
98.5985 112.954 131.095
176.891 110.731 44.5314
104.756 94.1658 127.781
184.956 130.378 53.3428
156.79 79.0871 106.977
172.93 158.855 28.3643
100.014 203.876 49.267
100.22 89.1937 122.437
123.554 196.955 107.283
100.108 95.0235 124.841
68.0268 86.2243 96.858
144.265 66.0722 106.252
150.347 91.0426 117.158
78.057 196.03 85.447
81.0404 91.6449 116.118
126.374 81.0122 125.981
153.972 159.316 120.268
145.392 96.5508 30.0411
109.535 67.7986 53.0633
159.459 79.4736 55.1013
119.353 81.4502 125.919
153 151.235 121.961
127.812 75.0488 123.218
113.705 171.979 15.0337
86.0326 133.516 127.261
120.854 162.194 5.09718
174.913 103.896 97.362
73.3911 154.648 22.0367
85.2902 169.395 120.836
143.185 45.0788 77.503
75.0805 91.522 111.375
107.149 43.0685 75.8437
138.976 115.069 132.619
106.033 158.19 6.95711
65.1247 159.162 31.0187
179.93 125.136 89.511
93.5049 85.0201 55.0207
106.212 62.5383 59.2958
131.897 77.7783 124.212
126.499 95.517 132.96
96.0783 90.6662 122.507
114.038 108.245 131.327
68.7216 130.137 43.0508
66.023 133.344 112.219
139.201 111.476 130.977
101.449 109.214 130.977
80.2668 149.511 19.2462
133.992 60.1767 107.838
156.808 55.0513 89.4483
52.0133 145.36 55.4182
118.79 97.9653 129.976
130.892 65.9373 117.591
178.98 168.494 75.2041
108.746 59.1185 110.742
138.827 124.324 134.966
149.893 122.018 33.016
125.598 95.0179 132.946
78.4739 192.964 52.507
103.033 100.285 129.247
135.966 102.4 131.1
126.801 94.4448 132.632
144.586 166.642 123.84
92.1497 202.98 91.3079
128.018 88.2442 129.768
128.255 70.0782 121.652
70.0297 190.191 69.8371
80.0251 107.93 121.992
135.955 115.604 135.062
109.812 208.911 82.1781
173.901 99.2739 64.7208
179.171 170.866 72.7782
159.828 184.99 100.925
116.669 96.444 130.966
135.818 97.3105 130.552
129.741 97.8193 132.965
61.0171 108.12 91.9682
51.2421 146.868 56.4166
123.744 52.0228 98.311
139.824 103.085 128.995
113.975 85.0925 127.614
107.842 43.0619 78.159
70.1112 96.6566 106.803
106.203 94.9199 128.846
107.87 98.9196 129.977
91.1039 109.619 128.655
87.9389 147.46 18.0292
132.224 90.2111 129.863
85.014 93.9059 119.895
94.0382 86.6408 119.247
53.0165 131.37 79.2726
80.0632 58.3549 85.2629
176.956 124.842 43.0094
172.856 95.5078 48.862
62.0341 156.876 47.6915
48.0412 137.089 66.7856
183.715 153.18 58.2226
174.98 102.925 46.1122
91.9637 47.1163 81.6658
120.353 48.1331 73.164
176.244 117.824 44.0957
170.96 182.278 85.6726
123.25 100.321 132.841
154.58 118.101 123.355
56.1643 151.591 51.145
49.0418 141.471 60.9368
123.791 91.0767 130.242
56.034 160.489 81.0319
99.6285 44.49 79.3621
182.981 161.645 66.4406
175.965 106.72 44.8244
163.917 104.504 28.7628
173.645 149.046 102.96
109.103 89.3746 127.048
179.963 108.845 57.4827
114.078 45.0286 75.0349
176.38 114.245 44.0662
169.951 115.888 32.4288
124.659 97.7745 132.949
175.983 176.209 80.1318
159.961 195.449 52.9009
128.389 113.766 52.0096
83.8356 72.8279 106.975
87.0454 170.44 12.0187
169.984 103.396 37.0671
180.963 116.148 51.8819
84.9637 140.8 37.0202
147.471 115.211 128.705
54.4461 124.845 54.0575
108.294 117.263 134.969
53.2 148.861 52.9807
60.9597 140.023 47.0266
114.418 102.142 130.961
53.994 156.979 60.9948
101.863 49.0287 97.0213
122.372 134.156 21.1398
128.9 95.5699 132.94
103.848 75.2399 117.968
147.932 181.955 17.4772
174.644 176.923 50.2212
174.941 167.387 97.2225
167.94 188.125 68.1577
171.888 113.446 38.7246
50.1011 143.807 58.2242
54.0567 135.269 53.7121
50.0748 149.668 65.831
124.996 92.6799 131.928
116.301 46.0293 88.507
95.2246 54.9936 68.1348
180.968 142.873 77.0936
107.592 50.1945 64.4486
182.971 121.761 67.2112
103.405 42.3247 78.2247
105.239 45.0265 88.0686
119.681 66.0905 115.152
181.786 165.919 70.526
180.973 156 79.388
176.987 171.472 60.8333
164.911 97.0069 109.791
176.832 108.564 43.745
173.282 106.622 40.0382
164.822 152.385 113.831
143.22 207.984 79.1459
107.187 91.9395 127.836
112.309 92.9899 129.975
103.794 97.1366 128.767
177.912 106.213 51.4332
80.6118 102.523 31.0194
121.877 94.9415 129.971
132.679 95.4496 131.953
123.317 149.187 133.973
152.136 61.0664 65.0359
129.48 92.4651 130.973
56.7903 143.491 51.0376
104.217 88.2777 125.637
110.82 43.5536 76.0069
114.921 43.096 81.996
129.765 42.1133 83.3556
109.6 47.1176 70.2577
78.8248 100.031 118.084
71.0864 109.342 111.765
99.4153 73.8837 59.025
75.5243 71.0591 64.5831
176.918 112.424 43.505
174.502 113.518 41.135
118.311 102.49 51.0658
100.282 119.724 42.0204
136.453 86.2798 51.0626
85.86 158.371 13.0533
99.7152 104.328 129.975
102.326 81.7478 121.903
168.924 131.246 114.125
172.04 118.1 41.0437
162.956 131.339 37.048
149.456 145.529 14.0287
90.383 122.01 128.944
52.0828 138.841 57.2901
50.9659 130.365 61.0203
56.0154 113.127 70.6709
143.903 94.586 124.614
178.139 172.956 77.1207
177.969 166.254 86.3134
172.89 178.984 70.1753
125.376 96.4805 132.953
127.196 98.3343 132.962
129.986 105.6 135.948
123.157 96.0925 131.817
129.245 101.923 133.952
159.961 89.2384 36.0583
91.1285 98.0823 125.922
102.139 134.036 134.979
101.857 47.0375 73.0131
80.5517 82.2913 110.857
179.738 113.4 47.7863
117.813 90.4372 128.891
132.442 84.4022 126.972
141.964 75.7946 115.384
83.2758 187.805 106.647
154.765 174.433 112.977
177.311 144.339 42.0352
174.952 109.045 41.2314
50.2907 147.784 61.2222
74.2197 171.88 23.5686
92.0199 190.683 28.0038
177.952 113.082 45.8542
178.709 116.562 46.3989
179.469 121.325 45.3809
181.961 127.839 47.2753
177.721 134.525 41.4305
54.0165 153.701 56.1554
57.7777 161.88 54.1619
67.057 176.33 42.5228
60.0175 171.214 68.3179
75.3522 145.025 29.9885
142.877 53.7775 96.5823
107.101 105.638 129.977
89.4248 206.984 69.1178
178.106 109.997 48.0381
148.127 127.208 127.879
139.616 142.026 132.973
116.83 48.6372 64.4977
134.816 73.001 117.934
65.0135 178.939 87.9045
87.042 87.418 116.989
90.8338 77.583 113.955
95.7436 65.0121 108.979
108.313 83.2498 124.954
103.954 114.018 132.974
100.413 123.888 132.979
138.897 119.465 134.707
132.419 121.634 137.967
130.434 133.681 134.979
143.828 122.201 130.432
63.7764 159.765 106.928
179.982 111.503 52.1392
177.971 171.229 82.8997
174.98 172.939 90.7229
167.963 176.609 99.4368
125.005 104.674 134.981
125.855 113.432 135.972
137.342 184.961 117.196
110.979 179.933 125.979
165.977 165.484 108.204
142.922 114.344 129.978
146.163 107.538 127.868
83.123 141.308 24.559
102.627 138.035 27.9213
100.047 98.129 127.489
62.168 148.035 47.0269
74.7176 142.045 47.0041
181.986 159.254 73.104
183.984 152.719 67.223
183.986 140.413 62.0756
105.623 43.1275 83.0546
62.0307 100.73 48.8449
177.653 162.798 49.2668
95.7282 96.6747 125.949
94.8333 102.008 127.958
146.224 157.163 125.953
132.847 161.478 132.727
131.743 174.567 13.1049
126.443 195.945 35.0061
94.0393 152.684 129.942
123.085 85.8995 127.338
119.648 105.255 131.974
52.0292 147.383 54.31
52.0317 150.529 56.3426
54.1767 145.567 52.1802
54.1883 141.47 54.2031
52.3673 152.766 60.3115
56.7994 147.593 49.0526
52.0719 154.548 65.2945
52.0139 152.81 75.454
57.0197 144.943 92.1998
54.07 163.599 68.0387
62.3471 167.479 46.2683
65.1694 176.761 56.4585
170.981 73.8995 77.9856
94.5404 111.909 129.979
95.0027 118.151 130.881
90.0243 115.736 127.98
84.5713 119.733 124.962
116.26 99.5762 130.967
112.211 97.4554 130.948
119.306 101.875 129.971
172.92 109.87 38.1743
168.974 111.223 34.8392
165.887 111.513 28.2299
151.687 111.233 22.037
160.46 120.977 29.9665
85.1141 111.395 125.409
175.954 102.179 57.7963
171.935 94.2168 57.6404
174.946 85.0522 68.9692
165.965 87.459 51.4879
175.924 89.1258 86.716
113.952 57.6267 53.0556
182.954 136.044 47.656
175.934 177.505 74.6628
170.823 184.589 76.9455
157.298 195.973 84.8432
65.3599 153.132 39.0152
180.983 113.978 56.7067
179.985 112.861 66.0466
182.983 122.731 57.7353
179.978 116.161 79.2631
126.526 90.4317 130.936
165.099 189.965 83.1296
161.278 195.978 73.7971
177.666 108.169 46.2039
176.426 105.461 48.0791
174.929 100.951 51.845
135.444 93.1018 129.575
139.276 95.6066 126.945
135.924 89.0174 126.602
86.0485 103.757 124.506
53.0125 120.288 63.4924
56.4367 108.541 58.1294
66.1315 91.665 71.7422
110.74 42.2538 86.6593
116.221 164.187 129.971
177.979 155.841 93.3318
178.902 141.214 91.6107
158.873 109.439 25.023
154.286 101.325 29.0279
119.605 112.219 132.976
137.951 66.9 112.371
111.376 44.0389 80.0794
90.0424 90.749 121.428
137.942 106.816 131.459
135.763 110.283 134.868
56.7431 138.537 51.1336
57.019 129.872 45.1967
62.0538 115.446 44.704
56.0694 133.628 48.9689
74.3989 77.7229 101.923
69.2469 72.4047 85.8031
79.216 66.6385 95.8959
140.242 90.3909 122.977
144.465 84.2422 117.902
117.833 144.045 6.25842
180.753 167.376 64.2467
180.691 161.283 58.1076
89.044 55.9107 96.4595
127.702 95.316 132.668
128.81 93.938 131.97
127.958 96.8964 132.961
131.108 93.762 131.964
127.176 92.6484 130.966
133.352 93.2419 130.959
124.65 87.8124 129.86
126.792 84.2405 128.791
123.282 72.6635 120.776
60.0364 134.745 44.9801
66.8389 136.64 45.0609
122.53 46.0376 83.1209
126.403 45.0709 92.0148
137.377 46.3071 90.3666
182.978 130.917 62.6899
181.98 131.139 74.6706
49.02 144.57 65.1708
50.0206 146.112 72.5234
53.0292 145.133 82.5128
74.0671 134.904 45.0431
83.3027 122.876 35.1696
77.1536 127.703 40.1195
70.2286 117.293 33.0214
94.1954 89.0393 35.7349
158.867 129.914 121.72
171.985 182.292 59.5934
166.908 186.199 49.314
154.778 190.933 34.0568
166.958 176.752 33.1574
142.441 200.835 98.902
49.1696 135.774 61.1116
62.6754 129.648 43.0168
66.2564 123.344 38.0273
59.5404 122.692 44.0373
175.462 111.891 42.0741
173.967 111.231 40.088
169.03 139.242 39.0582
159.769 143.063 26.3026
169.332 150.653 36.0513
109.491 111.771 132.94
114.393 115.338 134.978
114.723 127.011 135.924
100.69 45.0756 84.8197
99.4426 46.1416 91.3917
94.1844 50.0243 95.7361
97.3991 55.2995 104.582
88.6058 51.2302 88.8564
103.55 84.9085 52.0819
111.835 78.0591 50.029
124.388 68.5195 47.021
124.105 82.6 48.0551
137.312 67.1597 58.4711
58.0192 118.684 50.6615
58.0565 110.272 50.0341
93.4794 139.065 22.1452
104.634 146.617 16.0502
124.184 67.4129 118.529
125.733 61.0456 114.006
117.885 58.8856 109.722
112.317 50.0362 103.333
118.32 70.045 119.208
110.567 66.4183 115.958
111.208 72.9998 119.979
80.0178 115.08 122.008
72.2513 117.45 116.83
63.4804 120.405 104.96
143.104 99.3758 126.911
146.976 98.879 123.012
149.671 103.767 124.963
157.881 108.587 120.806
165.766 118.306 115.909
152.16 110.72 124.96
175.378 121.291 103.956
82.7116 137.888 45.3992
87.2357 128.645 43.0774
161.96 156.051 16.3546
146.4 163.413 8.12231
131.354 113.034 136.956
120.972 97.1036 130.975
120.531 99.7257 130.946
121.405 102.292 131.878
122.184 89.1612 127.895
118.718 86.5679 126.912
145.716 90.4885 120.774
160.96 190.27 92.3627
152.64 194.562 99.8932
150.409 186.43 109.942
51.0439 152.629 70.1888
53.0214 158.618 72.3426
56.0745 164.759 75.0304
60.028 170.307 83.5239
63.0129 168.753 96.7224
73.044 173.988 109.672
63.0179 179.056 76.4135
70.0188 187.191 81.1997
73.326 187.161 93.9305
114.862 116.242 45.234
129.879 123.013 35.0718
111.801 126.826 34.0242
95.2749 48.7199 75.4544
84.8033 54.0236 75.4366
75.0851 62.3689 74.0812
86.437 64.6642 68.0297
71.8824 88.8395 103.969
146.707 147.628 128.785
153.962 140.005 124.18
137.437 152.148 130.979
119.008 95.0994 129.975
116.293 93.0631 130.499
120.297 92.4051 128.915
170.687 125.998 36.0299
55.0084 128.416 50.0164
51.0265 128.848 70.366
55.0143 121.579 76.5655
57.0488 123.334 91.5149
58.0165 111.974 81.7546
61.0394 98.7441 82.1483
157.959 83.6679 45.1808
146.822 84.0708 36.5012
148.813 86.0361 53.5256
148.192 74.0023 58.0208
71.0599 127.042 117.598
75.1894 140.514 120.774
168.833 81.711 60.4365
164.432 68.1409 62.4884
163.768 59.4054 75.7947
83.6213 126.994 124.963
78.9795 133.522 122.977
82.1034 140.973 125.792
79.3905 155.251 120.931
91.6315 142.104 130.961
102.28 145.581 133.944
113.549 139.893 136.943
105.333 158.038 132.979
96.1741 165.313 126.976
96.4373 179.539 121.895
106.107 193.836 114.034
172.998 101.174 41.2014
167.765 94.2704 37.543
54.0228 130.085 54.9912
151.118 83.8241 111.974
159.823 88.3168 109.633
168.61 83.1395 98.4948
162.064 68.7338 95.9357
148.509 75.5381 108.904
154.654 69.9131 102.925
154.376 62.0625 96.4327
147.647 49.2257 87.8018
154.848 51.0554 77.88
176.75 174.925 69.7386
175.071 177.857 63.7899
175.974 177.314 56.9756
176.29 170.964 53.7617
173.958 169.68 45.5171
172.987 160.453 39.5515
168.986 177.29 42.5021
162.519 184.947 38.5575
159.776 183.252 28.1327
160.612 169.93 21.5543
179.262 165.953 80.5439
178.984 160.336 83.8113
179.983 153.233 86.4381
177.237 106.054 64.1781
177.938 102.549 77.5767
177.987 107.876 71.7915
64.0996 168.6 35.8302
71.0229 175.937 32.761
77.0096 185.954 40.4843
80.2675 183.826 26.4474
88.8312 194.944 41.9464
102.888 195.983 36.8567
108.352 186.619 23.0715
115.4 201.703 45.1634
138.988 211.929 52.297
112.784 208.953 62.9877
75.1418 86.585 42.4016
67.3155 94.069 99.4403
65.0435 104.471 101.314
64.0204 92.5602 89.8114
67.1054 82.8057 86.7972
68.0302 78.734 74.1756
74.0593 84.4479 63.5201
86.7545 75.4606 60.2483
178.982 148.602 92.1308
180.983 145.367 85.0327
180.986 135.54 83.7584
176.98 144.494 98.0513
177.975 132.538 100.095
174.768 139.608 106.777
98.8385 90.1279 44.7249
102.968 104.008 35.1514
90.5739 82.0163 44.2156
90.4684 181.943 17.9698
100.197 173.281 14.0409
177.743 161.114 89.9218
176.903 161.41 96.2279
171.978 162.028 103.19
175.974 155.45 100.341
170.971 155.256 105.593
169.944 148.906 109.528
164.972 141.478 116.221
126.117 43.6102 76.3892
134.797 43.1099 76.3356
75.6756 111.51 117.931
156.209 116.702 25.1171
147.665 117.97 25.6946
140.981 133.99 23.9908
140.075 107.606 26.1946
136.061 103.569 41.628
139.578 118.44 33.0154
131.849 112.827 38.0295
65.0147 92.6331 58.7151
65.0856 147.386 113.648
110.558 45.4275 93.8732
117.567 48.0385 95.8772
113.326 79.0876 125.162
125.814 57.0308 106.007
133.157 54.0486 100.217
128.484 117.586 138.9
127.122 122.011 134.812
121.847 127.293 133.171
130.417 127.366 135.967
135.957 130.194 133.467
142.383 128.95 131.281
146.963 136.136 128.339
119.34 133.805 137.958
140.149 135.328 131.976
121.606 141.667 136.901
131.219 144.417 137.96
149.539 95.4944 119.877
156.663 95.4666 116.914
97.5001 78.9916 116.952
97.784 71.2816 113.972
103.092 65.0882 112.73
62.0703 107.111 43.3001
70.093 97.9518 39.2622
65.0391 112.386 37.4619
71.8886 107.425 32.0216
80.8528 113.669 29.0585
93.3154 115.314 32.0662
112.936 121.34 133.975
107.299 126.245 134.915
110.157 133.058 136.825
56.0501 123.339 49.3124
153.095 202.977 77.0921
146.602 207.973 64.5632
129.671 214.984 68.315
148.799 202.889 87.5209
137.772 206.957 89.7464
131.481 211.957 80.247
122.092 206.983 91.9944
107.126 203.97 97.3472
119.923 211.966 75.5157
156.505 202.953 66.372
152.574 203.907 55.5634
150.526 197.804 44.2559
141.004 195.907 33.2644
132.138 189.117 21.0236
130.999 202.982 98.3574
135.439 197.439 107.921
54.0142 159.209 65.5317
56.053 164.748 60.886
60.3277 169.842 55.6146
127.418 175.906 126.803
133.379 151.061 10.0247
100.07 117.897 132.976
66.4258 143.296 45.058
72.6546 145.023 38.6681
182.979 152.625 73.8975
182.987 145.867 70.39
181.981 138.073 70.9309
181.986 149.351 79.6971
79.1539 147.339 121.981
85.987 151.693 125.972
72.4587 150.943 117.262
72.1601 162.681 114.954
86.3276 160.679 123.776
56.0145 136.861 86.7879
59.0341 133.9 99.484
108.305 77.9839 121.91
174.954 175.158 85.5579
171.836 178.021 89.863
166.478 183.91 92.6168
171.466 175.067 94.9518
170.962 171.29 99.7324
165.961 172.285 105.164
160.864 170.6 110.547
160.569 162.639 114.95
160.158 178.953 107.488
96.2906 154.043 14.0899
57.0261 156.691 52.7767
154.263 167.532 117.973
147.601 173.999 118.947
137.974 175.36 123.969
59.0813 101.296 67.9837
134.97 138.006 134.358
161.505 96.8121 32.0517
153.638 93.94 33.0499
125.325 49.2813 66.1461
131.011 53.2063 61.2211
141.089 57.5123 65.0384
131.387 60.8925 57.0891
130.935 68.3713 52.7132
137.18 76.4494 54.0346
128.549 75.5367 49.0306
125.723 61.5232 51.1487
117.972 64.0425 49.7165
116.694 71.8984 47.021
134.689 204.146 42.026
125.044 210.98 49.8682
93.0394 135.009 32.3424
101.8 129.674 34.0476
123.044 77.6188 122.965
150.7 186.907 25.787
141.937 188.549 21.6355
138.207 181.997 15.0169
144.606 174.288 10.0402
154.675 169.838 12.0648
172.982 179.999 78.1689
127.595 94.6241 48.1168
91.0545 70.8335 110.435
87.1661 64.1192 104.842
59.2273 156.831 95.596
60.0239 147.902 103.113
82.3527 194.795 96.7482
94.7177 196.974 104.594
154.729 104.494 122.814
159.594 102.093 117.91
164.992 109.051 114.734
170.906 114.048 108.765
168.968 105.036 107.307
170.79 97.1984 102.48
174.318 95.069 93.9346
176.984 102.445 87.6076
177.983 113.617 91.3632
174.942 112.662 100.493
184.976 137.935 54.8468
182.986 145.197 49.3675
178.946 153.56 45.6035
183.955 144.835 56.4486
184.987 147.289 62.9217
102.949 98.167 42.4137
106.985 108.345 44.6301
100.681 95.2399 34.073
92.5768 102.723 29.0226
68.0426 105.38 38.716
56.0154 153.035 87.105
95.225 47.1061 86.9442
178.974 170.794 67.6448
116.189 147.062 135.969
117.482 156.671 135.965
109.341 145.31 134.962
111.039 152.646 135.967
106.801 138.999 135.969
168.941 179.848 95.2116
164.977 181.988 99.4018
164.684 178.336 103.905
125.987 119.027 43.6121
120.133 122.042 36.2647
123.644 126.855 28.0595
132.405 133.024 30.9797
141.678 129.043 35.6806
152.05 131.084 39.0196
115.188 130.497 26.0284
112.069 138.128 18.0635
176.632 166.368 91.864
162.96 186.371 96.3663
158.284 189.974 97.8101
154.501 188.84 103.799
155.936 195.256 93.5547
148.987 198.975 94.4127
147.387 191.979 105.199
142.551 189.492 111.952
145.106 181.781 114.994
135.07 191.896 113.765
124.175 186.217 118.974
158.757 153.984 117.98
158.737 145.849 119.436
67.1092 155.253 112.856
124.084 161.367 132.623
128.43 167.73 128.981
137.015 167.377 127.962
120.743 170.151 124.969
119.964 178.896 122.453
115.345 186.89 121.694
105.325 186.513 120.887
95.6151 188.788 114.825
117.938 191.355 113.232
112.937 198.969 107.417
87.3322 180.697 114.837
113.972 172.691 129.977
103.414 172.935 128.643
118.86 201.702 99.8424
108.34 166.651 130.978
139.58 160.035 128.973
181.951 122.669 51.2788
164.873 88.3495 43.0299
94.2633 130.751 130.953
181.959 163.902 76.1436
130.469 138.659 137.969
124.952 136.127 136.609
64.0408 89.9178 80.7646
171.612 170.953 37.3888
168.68 168.105 28.0606
166.704 161.395 22.1165
166.974 150.894 24.3216
128.518 155.159 134.966
138.263 78.6026 120.909
79.5113 163.497 119.963
78.0384 171.322 116.34
79.2689 178.937 112.726
75.4034 181.982 103.791
68.1414 175.799 101.319
67.0237 168.197 106.139
166.961 90.0536 105.235
162.599 83.5526 103.923
160.767 76.1774 99.9706
167.194 75.6926 93.8397
166.936 67.8896 86.1799
171.852 82.2776 90.388
173.982 81.8472 81.4676
175.982 90.2656 77.0833
170.936 75.0656 86.5439
65.0158 180.072 66.2865
69.064 187.803 58.2714
163.938 196.472 64.0293
69.7645 150.008 33.0121
143.933 203.511 92.5666
138.199 203.856 95.2702
132.861 206.916 93.7516
131.627 209.978 87.2571
123.415 209.984 83.6436
136.451 200.934 100.43
131.239 199.85 103.849
125.27 202.354 101.894
140.557 197.929 104.212
129.428 197.058 108.979
125.118 192.834 113.141
137.149 208.979 83.0741
137.351 210.969 76.1009
143.205 208.927 71.4582
138.24 212.98 64.1009
130.093 214.62 58.05
150.294 206.371 70.9541
146.219 197.079 101.971
121.389 213.98 62.8623
140.423 194.248 108.959
127.007 206.922 95.7491
142.844 206.965 85.604
117.279 210.942 55.05
108.582 205.793 54.3262
99.7731 211.984 62.2681
99.7272 211.548 74.9469
126.958 209.974 90.7684
147.8 205.859 82.3977
148.492 206.953 76.5926
152.196 201.982 82.813
153.178 198.977 87.7674
156.304 198.979 79.9186
160.935 194.799 79.9132
165.429 190.946 76.2409
157.835 200.673 74.5147
159.417 198.969 69.2804
163.612 195.93 69.1716
165.971 192.437 66.3428
166.814 190.861 57.2838
168.954 189.186 62.4803
166.661 191.882 71.3731
167.982 187.176 73.3402
170.95 184.043 70.0641
170.529 184.964 65.001
159.938 199.752 64.1913
161.576 197.951 58.4157
156.378 202.808 60.2441
151.162 205.8 61.171
145.381 207.956 55.6865
142.764 204.936 47.0313
156.978 200.029 55.0886
152.945 200.564 49.8142
156.283 195.172 47.0474
161.796 190.846 47.8769
158.155 190.673 41.1497
147.79 203.952 51.3698
91.0314 206.506 80.4578
82.0272 200.934 75.7045
80.6022 199.987 63.0081
87.5095 201.917 52.5027
99.6424 209.918 86.7345
116.589 205.734 85.8547
109.551 206.392 89.9386
125.442 131.737 132.976
54.1663 118.165 56.7155
55.021 113.959 61.9981
57.7669 108.019 65.3342
59.0259 102.53 60.9604
62.1415 96.812 63.5517
59.8699 104.026 54.3836
62.0207 97.5202 54.922
67.7841 91.8168 48.0323
74.0236 84.5994 52.8385
66.4238 92.0337 65.1471
69.1052 86.2555 68.2573
70.0432 78.7941 66.7814
69.1378 70.9901 70.4427
69.0393 87.7928 60.7806
68.4777 89.033 54.1564
67.0407 85.5424 74.8123
68.0895 81.6823 80.2303
68.583 75.0471 79.7109
72.0345 67.5489 79.7378
75.0231 65.9364 88.0193
73.0491 72.2753 93.5906
58.0193 106.71 72.0693
61.0134 100.692 75.0553
60.0156 105.418 80.1706
60.0342 103.682 86.8173
63.0225 100.007 93.9942
75.1331 77.6301 62.0269
80.5615 74.0334 61.7041
81.5948 81.74 59.0549
85.4686 70.0452 64.0691
94.5919 67.4326 64.0428
80.1103 66.0592 65.7178
80.9469 60.2854 70.1784
87.7797 57.0611 68.5163
74.5734 66.4755 69.0801
82.144 80.015 49.2163
79.0649 57.3464 75.8304
77.0226 61.7131 80.4027
71.0684 66.584 73.7406
69.0357 71.1679 75.8975
63.0197 96.7453 69.7663
63.1267 95.1588 75.4881
92.7891 61.0854 66.0284
100.495 59.6277 64.1732
62.0277 98.0708 88.127
63.321 94.141 84.3617
64.4201 89.3684 85.8353
67.0078 87.3888 90.9737
69.0191 81.711 92.6473
65.0905 85.2913 82.7641
71.0814 81.2235 98.2969
73.7866 83.4237 102.966
75.0492 85.9752 108.518
77.0599 80.129 106.614
79.0401 75.0524 104.377
81.2401 69.1085 101.904
76.728 72.5555 98.9642
83.2897 63.376 99.7173
82.0633 60.0304 92.6938
68.0455 77.3386 88.8072
81.1356 77.161 108.992
85.2899 79.2334 112.673
88.9449 82.6589 114.968
83.9138 84.0458 114.475
79.3949 87.0894 113.402
88.2497 60.1921 100.51
92.7569 61.0094 104.978
92.2304 55.811 101.556
65.5535 91.0377 95.0218
96.2159 52.4245 100.146
101.911 52.4067 101.946
103.635 56.7267 106.924
107.173 49.9242 99.9765
107.631 53.116 104.789
113.289 55.173 107.12
118.696 53.034 103.13
87.5228 74.7517 110.939
70.8903 77.0986 94.7885
81.8935 55.026 80.6021
86.9361 51.0251 80.7196
84.1978 54.1132 86.0376
85.1205 55.0071 91.8393
88.883 49.0873 74.9108
176.937 101.009 70.8045
174.524 93.5555 70.0876
176.846 96.4998 75.4786
176.939 94.9167 82.5233
126.628 142.086 137.956
126.729 147.575 137.959
131.859 150.096 135.773
135.243 145.724 133.972
140.079 147.418 131.958
142.602 151.414 128.976
143.316 143.956 129.976
148.664 141.947 127.927
151.808 146.611 125.685
143.823 139.081 131.865
146.802 151.997 125.97
150.317 154.999 123.966
149.054 159.967 122.341
151.702 163.873 120.424
149.232 168.798 119.902
151.979 172.068 116.979
149.841 176.648 114.528
153.864 180.822 111.17
91.9281 121.978 38.5711
178.94 109.348 78.5002
178.971 112.173 84.7404
179.984 119.135 85.7128
180.981 126.147 81.2889
181.982 123.703 74.3289
180.209 117.033 72.0102
148.943 121.058 126.998
154.393 125.271 124.916
152.894 132.613 125.379
160.195 122.528 120.952
159.969 115.464 119.251
164.357 127.437 117.981
163.711 134.728 118.923
168.944 124.206 113.708
173.933 128.066 108.411
113.925 203.683 94.9825
112.048 200.84 100.905
103.861 198.981 105.074
98.7828 201.783 98.5744
147.519 136.311 31.4959
149.602 139.022 21.8843
141.689 139.792 16.0442
131.792 141.069 22.2172
156.009 141.657 37.0391
124.832 141.861 14.0915
140.944 148.764 14.5748
147.627 154.193 10.3888
155.528 160.131 10.0472
139.302 158.067 10.4351
129.927 160.101 8.26388
123.279 152.552 7.05232
137.648 167.557 9.06827
113.814 152.765 5.02866
124.187 167.049 14.0286
122.559 176.675 17.0921
114.334 178.867 22.0408
119.95 188.778 27.1263
115.516 190.972 38.6585
106.021 179.237 18.0304
99.2608 186.453 19.0533
101.419 192.798 26.2045
109.973 192.297 30.7884
155.377 151.657 13.0492
160.959 147.471 18.6256
171.943 75.2786 67.8371
168.075 67.1074 71.5734
91.6747 198.985 97.8424
87.3092 194.765 102.914
91.1325 191.508 108.965
86.1734 199.772 93.418
86.4201 201.982 85.5184
98.0807 193.205 109.713
81.1384 196.886 90.9037
76.5906 191.967 90.5777
72.0167 188.23 87.4781
68.5177 183.73 90.8902
70.1279 181.834 97.7431
65.3722 177.296 94.8757
62.0369 172.6 90.2518
59.0131 164.021 90.0237
73.9579 191.985 82.6962
76.8354 196.957 78.5012
76.4061 197.965 70.0932
71.2553 191.931 76.3747
73.1349 194.895 62.206
68.0214 186.26 74.8748
78.0182 190.376 96.3976
81.4839 190.917 101.551
75.3681 185.973 99.3856
78.5851 186.559 103.902
80.0434 183.185 108.604
85.0259 184.674 111.247
90.8793 185.348 112.972
94.985 183.015 116.979
99.5503 186.564 118.921
91.3178 178.612 118.851
93.0849 172.253 123.784
85.8564 175.201 117.974
101.091 190.969 115.29
101.693 182.076 121.975
100.569 177.567 125.906
97.9131 172.545 126.936
100.941 167.998 127.977
100.802 161.738 129.98
95.2413 158.847 127.913
99.3792 155.74 131.933
103.831 151.921 134.975
106.039 177.55 126.958
108.748 173.386 128.979
106.328 182.598 124.849
110.962 184.26 122.973
110.456 188.435 118.973
115.651 181.77 123.98
115.925 176.184 125.706
118.967 183.504 120.523
117.963 187.481 117.001
114.352 191.194 116.965
113.531 195.787 112.783
117.104 194.417 107.916
99.0384 149.844 131.395
96.8961 144.435 131.974
96.5039 137.566 132.954
93.0865 147.161 128.629
87.255 144.789 126.951
90.1148 155.952 126.812
116.843 197.903 103.49
67.016 185.032 69.0627
68.1023 188.637 64.2491
68.0164 183.027 61.8937
68.0229 182.23 55.7332
74.1118 186.173 52.1795
69.1539 177.337 49.8781
72.1127 181.672 44.3954
72.0511 181.776 37.0678
78.0351 184.06 33.4517
83.8611 189.97 36.5556
75.8138 179.234 29.0429
78.3623 177.999 22.051
79.1812 171.334 16.1602
74.0331 163.621 18.6668
81.426 191.914 44.2881
84.2991 181.573 21.2136
85.4846 176.94 15.4299
87.0003 186.061 26.0175
92.7316 174.563 15.018
94.8933 166.69 12.021
103.782 165.268 12.0449
112.361 165.14 8.05254
92.5779 187.184 22.022
97.6912 179.919 16.03
70.0397 164.721 26.3772
64.0397 181.197 71.5184
61.3476 175.918 71.67
61.0133 172.861 77.5139
62.263 176.851 82.4416
66.0355 182.162 82.3351
87.0709 139.149 128.668
91.0408 135.152 129.378
89.5843 130.28 128.975
76.0962 179.617 108.508
72.0181 177.589 105.088
69.1509 173.117 105.858
65.2376 171.702 102.718
63.0245 166.135 102.142
61.0663 162.715 97.1517
61.0156 158.147 101.496
62.0173 153.469 106.039
59.4485 152.735 99.8107
58.0073 150.884 93.984
59.0227 146.325 97.5446
59.0231 140.693 102.236
58.0164 140.448 96.2153
62.0301 135.142 106.191
61.1083 127.757 103.833
62.3965 142.218 108.828
65.4899 125.964 109.954
60.0381 122.445 98.4709
61.0729 113.357 99.5431
67.7392 118.852 110.97
65.0567 112.63 106.548
67.0239 140.334 114.197
71 134.908 117.768
59.1293 117.149 94.0074
57.0418 117.482 86.7868
55.016 124.634 83.9227
58.0485 134.593 92.8277
56.2029 130.079 87.9664
58.0411 128.516 95.6329
62.0535 148.175 108.647
83.2585 186.995 31.0181
87.6124 190.952 32.0188
94.585 194.977 34.9677
96.8878 197.914 42.7415
105.521 198.108 45.1624
88.3117 192.975 36.9607
62.0523 175.708 66.444
60.018 171.614 61.8453
65.0477 176.703 61.9492
78.1235 156.606 15.4999
80.1506 163.983 13.1404
102.628 205.982 92.0349
83.9706 85.2017 36.1122
86.2084 94.5104 33.1858
90.9734 72.045 62.7916
93.5041 78.0606 59.6079
99.1659 80.3158 55.6342
105.428 75.6343 54.0984
88.0959 81.3194 57.0054
88.9036 83.04 50.6017
94.0564 87.0194 48.5018
98.3289 92.083 51.8838
94.9741 85.9189 42.563
90.6961 84.0363 38.0191
77.5256 95.2268 35.1349
169.923 186.773 57.9947
170.995 182.492 53.0227
168.967 180.734 47.5412
163.964 183.239 44.5134
110.134 146.314 9.41322
133.977 144.001 14.6102
108.735 196.983 110.363
103.292 195.981 109.733
99.294 197.469 106.873
95.2808 123.681 130.913
88.387 88.9842 36.0173
83.015 90.7858 36.0201
79.0836 87.2759 38.2894
81.4225 81.1166 41.8459
74.3749 91.1638 38.4323
70.7518 90.5069 43.0743
72.0702 86.7362 47.5685
77.0255 82.9429 47.1266
66.6831 94.8524 43.0311
65.3542 100.868 42.0741
91.1643 92.9845 34.0412
90.3963 97.3077 30.0575
97.0089 97.6945 29.0315
86.6028 102.073 30.0172
88.9122 109.383 30.0145
96.2937 92.5755 32.0627
96.1676 108.972 29.955
100.983 113.293 35.9871
83.8737 106.955 30.0173
77.5729 107.839 29.024
75.0342 113.088 31.8509
76.9477 119.67 34.0649
64.0312 95.7738 47.7172
64.6881 93.02 52.6626
98.4422 103.427 30.036
98.765 91.0962 36.1884
101.865 94.2069 39.1059
101.98 99.1647 37.3348
104.464 103.032 40.3505
104.973 102.527 46.8571
111.626 104.742 49.0327
112.975 96.808 49.0616
104.915 109.021 38.4389
109.052 117.29 38.1113
117.238 110.319 50.013
119.85 92.1712 50.0478
101.906 99.8952 32.2343
120.923 118.081 51.15
123.626 107.674 54.0135
132.797 104.772 51.067
138.157 96.2251 48.6494
138.065 93.1989 37.847
125.623 101.17 51.027
132.022 213.968 74.1877
126.176 212.984 76.7265
123.829 213.989 70.8209
116.895 211.984 68.5959
107.898 210.985 70.6011
136.269 211.991 69.9906
113.983 205.986 73.9772
118.926 122.308 135.709
104.417 120.653 133.978
170.796 90.6631 98.8445
173.178 88.4639 92.8845
68.1154 149.83 44.2753
122.254 204.622 96.8391
112.303 49.1281 97.7616
65.5508 171.865 51.7392
137.897 45.2051 82.9051
98.7738 59.9924 107.97
141.646 199.84 40.5599
147.501 195.931 37.4161
147.251 191.962 30.6717
141.364 192.751 27.1105
133.116 195.602 29.0639
134.034 197.951 36.6871
128.217 200.261 41.0241
120.533 197.751 40.2699
128.152 206.972 44.3536
132.422 210.976 48.9393
121.022 206.336 45.887
115.565 206.52 50.0687
111.095 201.961 49.8755
105.5 202.896 50.4956
102.821 207.849 53.1552
93.9043 207.954 54.4973
105.695 209.903 59.1885
87.0364 206.567 60.3297
105.333 211.971 65.0325
100.07 212.978 68.6504
94.0537 210.985 65.965
94.1226 209.966 72.2857
95.4498 208.986 77.7758
100.146 210.984 80.8788
105.95 211.983 77.5561
95.2216 208.854 83.4052
91.7463 205.07 85.9731
96.0451 206.463 89.2854
96.8443 203.746 93.9081
104.637 209.985 84.1298
89.9313 206.981 74.8398
85.6388 203.983 72.3348
84.6849 203.979 65.9723
86.2846 203.982 78.2369
81.3158 200.981 69.9857
83.4646 199.987 81.1084
82.9593 197.987 85.9983
171.954 89.9038 63.9176
167.803 88.4436 58.3067
94.5082 210.168 60.0399
99.1398 210.982 56.5064
130.919 187.801 117.712
132.407 181.486 122.952
105.963 189.976 117.277
176.95 108.3 88.8256
175.927 109.09 94.6364
178.865 106.346 83.589
175.97 104.444 92.3
175.949 99.3477 91.585
175.907 94.5596 88.4728
180.912 156.665 52.1703
153.987 202.989 72.0453
176.985 101.697 82.5385
100.464 140.859 132.98
91.3057 162.496 125.932
88.0259 165.628 123.275
74.878 98.8645 111.971
70.0388 102.99 109.418
75.0274 104.908 115.163
86.2802 195.237 49.0976
92.9945 198.359 49.0249
57.0146 139.783 91.0723
55.0684 143.312 87.3043
54.0138 140.156 83.3774
52.0156 141.305 76.9475
54.0152 135.179 82.4524
52.0443 136.217 77.7994
50.021 137.917 72.4005
52.014 132.366 74.1818
53.012 126.832 75.3689
53.0248 122.545 70.3344
55.0209 148.2 86.0068
54.0171 152.121 81.2941
51.0169 125.401 65.6028
52.0197 124.759 59.9155
52.6529 148.066 77.979
92.5313 52.1141 72.0339
98.0264 51.1913 71.2052
101.164 54.344 67.0789
105.691 56.1097 62.9141
111.756 53.6087 59.104
104.431 151.379 10.0607
163.396 61.2525 67.4517
157.999 55.0991 70.7138
148.267 50.1939 69.0831
178.701 166.421 59.1221
177.857 163.958 54.4678
107.897 112.819 41.3353
111.944 111.259 45.1486
104.855 117.149 41.3321
104.715 123.392 37.0741
98.8504 126.653 40.0563
96.0352 131.099 36.4213
90.0425 134.975 39.5243
94.0369 130.583 42.9645
97.6417 132.048 31.1376
94.3108 134.199 26.16
88.0708 137.275 27.7486
102.8 133.073 29.9973
109.356 134.991 27.0614
107.584 131.007 33.0194
107.995 142.027 23.649
100.827 141.029 21.0832
95.2337 144.752 17.0333
83.2124 140.098 30.8734
78.3969 142.039 35.3868
111.13 129.363 29.3469
116.11 126.35 30.073
103.224 60.3499 110.617
57.4086 111.047 75.9855
56.0906 116.174 78.291
55.0236 117.473 73.3623
54.0188 117.435 68.0149
56.016 120.247 81.4315
86.8354 115.531 31.0247
178.912 138.352 97.414
179.985 133.343 91.3334
82.0449 198.396 52.9053
77.7213 196.976 57.7913
83.9705 201.965 57.5694
74.0178 192.117 56.7338
98.2402 137.308 24.0717
111.694 158.767 133.953
105.042 69.8519 58.0166
100.987 66.022 61.9085
165.915 180.98 39.9938
164.857 181.792 34.5256
162.992 179.097 30.0096
159.867 177.364 23.2361
165.764 173.829 27.5388
160.943 185.679 33.1421
156.592 187.431 30.0785
157.134 174.537 17.0831
150.935 176.054 13.3876
154.026 179.936 20.3158
152.084 189.966 29.7353
154.945 184.076 26.5258
89.6034 118.259 35.0717
94.7659 117.423 37.0296
158.883 136.192 122.816
178.978 119.568 91.6538
177.955 125.153 97.1949
176.979 116.602 96.4622
87.3694 137.147 33.3887
82.0332 118.311 32.0371
80.4434 141.035 40.8851
117.81 55.1862 57.5932
121.805 52.0447 61.5307
120.188 59.1027 53.1683
182.988 127.651 69.4986
129.956 181.857 17.1361
124.604 186.366 21.0547
126.963 191.654 26.0612
85.0299 59.0459 96.7241
136.529 100.222 31.3592
69.9945 145.174 116.888
74.2233 146.593 119.922
153.337 86.6005 34.0345
147.124 89.7803 32.0211
152.851 83.0179 40.2107
145.864 85.0582 45.2413
142.068 88.4636 35.8902
141.184 89.3868 42.6512
143.008 90.3605 50.1226
141.125 93.426 32.7552
151.876 84.0121 46.2347
155.821 83.0226 51.1916
152.485 79.2858 56.1619
156.542 71.9464 58.0665
145.41 80.2745 56.0294
161.398 84.0321 52.1777
164.83 81.512 56.1821
165.458 75.0715 59.9071
162.923 85.858 47.3659
151.134 68.0508 61.9354
145.275 63.444 63.0305
157.769 65.2243 63.0023
142.733 85.1057 53.3149
140.186 80.7439 55.0414
142.072 75.6331 57.0605
143.471 69.4916 59.078
135.886 81.141 52.0365
130.551 83.8737 49.1365
133.03 76.9902 51.0662
133.931 72.5 53.4225
137.945 72.0437 56.7328
131.824 90.044 49.0367
125.807 88.6249 48.0503
120.984 86.7359 50.0501
117.71 81.0288 49.0333
122.092 76.2357 47.3277
132.857 95.3327 49.0382
134.763 100.283 49.0364
137.114 99.2215 44.4305
136.108 98.5457 38.7882
141.053 95.0467 43.7935
135.021 103.47 35.9221
137.01 106.102 31.0188
136.939 112.962 29.4917
137.038 105.287 47.1077
130.888 110.048 45.4237
134.015 107.895 38.9772
133.17 109.513 33.5499
142.598 113.728 26.1389
146.052 108.704 23.9687
144.225 101.721 25.0275
151.549 105.568 25.0594
129.852 99.3317 49.0885
134.074 114.756 33.5992
133.791 119.059 38.5251
136.656 124.337 35.1165
139.654 102.743 28.0312
149.726 100.138 25.7082
150.963 97.3379 30.0144
142.928 122.36 38.0293
146.865 127.317 39.024
145.824 134.2 38.0503
151.418 137.209 37.2829
157.808 135.373 40.1891
151.843 141.086 32.118
162.268 140.771 40.0523
162.04 144.016 33.3416
167.206 145.92 41.0483
171.876 151.63 43.2508
151.245 126.737 35.6391
157.176 128.97 35.9375
155.614 124.175 32.0925
162.394 125.619 34.0545
165.935 120.623 32.915
152.796 120.946 27.7953
164.345 116.962 28.8495
161.869 113.642 25.6991
170.997 120.604 35.0442
173.047 122.758 39.1998
174.722 127.938 39.1282
169.7 132.488 38.0353
178.421 129.583 42.1302
149.841 139.131 27.3806
154.523 141.134 24.3832
153.14 143.032 18.5158
144.743 137.018 26.7362
140.913 133.202 30.5737
144.598 137.016 21.3174
139.805 136.132 19.3266
135.213 136.09 23.4378
136.411 140.033 17.5053
129.843 137.022 26.7343
146.949 139.632 17.2286
128.041 131.098 27.0203
130.834 127.151 30.7137
145.007 143.076 14.0365
125.892 139.119 22.4159
157.893 144.022 21.3665
135.93 128.881 32.0312
127.95 142.41 18.5565
122.975 138.458 17.8883
117.535 140.019 12.7497
117.588 136.643 19.0165
113.365 134.178 22.0208
128.926 145.012 14.1997
124.222 147.022 10.2554
155.78 142.018 29.156
117.919 132.101 22.1503
121.959 131.004 25.3183
182.917 149.854 53.2311
181.909 150.129 48.1417
179.189 148.677 44.037
128.179 150.348 8.31762
127.7 155.46 7.03464
122.994 157.802 7.03983
116.022 158.43 9.02617
125.499 162.172 7.04632
127.951 163.952 11.5813
121.954 165.996 9.0268
118.849 169.672 12.7492
129.367 169.333 13.0285
133.801 163.559 11.0399
125.237 172.344 15.0368
127.489 177.22 15.0327
117.334 165.284 7.05061
134.358 170.239 12.0212
138.434 175.542 13.0172
143.529 178.961 13.9901
118.627 172.978 17.011
118.526 176.958 20.0589
119.557 182.695 23.0564
113.832 184.299 25.3007
63.0723 161.27 40.4098
137.017 190.974 23.6394
137.079 187.523 19.4569
141.334 184.967 17.9174
145.864 185.822 19.9926
150.442 183.961 21.5369
146.439 188.957 23.9419
132.221 192.438 25.0296
182.984 132.971 69.7705
183.971 136.787 66.0776
183.987 141.925 67.0898
110.942 188.241 27.4513
115.583 189.086 32.0454
121.071 192.969 32.2657
106.514 190.939 25.8139
103.031 187.976 22.757
97.6001 188.979 23.7892
105.034 193.978 29.888
99.3379 194.931 31.3685
107.751 195.963 34.2572
107.675 196.853 39.9582
104.188 184.225 19.0375
111.984 195.719 45.2145
111.979 193.18 35.5227
111.901 193.957 40.4977
116.088 196.259 42.2517
96.5516 192.934 27.6283
100.744 107.641 32.113
133.166 154.21 132.974
156.639 183.581 105.856
101.027 156.785 10.7287
95.2443 160.054 11.3825
89.6321 163.15 11.0175
91.297 156.848 14.0192
86.8952 153.028 15.7889
92.0885 150.763 16.0237
96.7463 149.123 15.05
176.954 137.349 102.364
174.978 133.651 106.603
171.917 136.383 111.594
170.993 142.72 110.958
175.971 142.385 102.625
172.968 144.58 106.403
166.977 145.938 113.345
163.283 146.33 116.973
176.248 129.35 103.885
167.901 136.632 115.599
71.9698 121.531 37.0164
70.6727 125.926 40.0791
90.1486 209.871 62.7829
58.6926 167.979 78.6874
57.1074 165.464 83.499
58.074 169.75 73.3869
56.3891 160.959 86.4127
57.0332 159.287 91.4199
164.111 147.057 28.3111
168.985 150.245 30.0083
172.909 154.299 32.5547
172.961 154.556 38.3549
173.98 159.77 33.9362
173.983 165.452 36.1824
171.977 164.099 30.6433
174.952 165.349 41.8564
176.695 160.213 44.0897
169.549 163.34 26.0629
165.887 166.572 23.6323
162.234 164.463 19.0491
158.981 168.449 15.987
159.299 162.713 14.0363
170.927 168.761 32.7134
170.956 154.04 26.5078
167.92 155.974 22.2723
164.186 152.723 20.0295
166.437 147.032 33.4166
173.861 156.225 42.9951
126.669 124.197 31.2441
121.771 125.025 32.4499
134.05 158.276 11.0284
115.321 47.0182 69.7951
121.817 142.148 9.51788
95.6193 71.3249 61.0605
76.8443 122.941 38.0882
54.0193 156.464 78.5018
60.0137 109.404 86.4726
59.0158 112.98 90.4797
114.127 168.723 11.1729
108.499 168.896 13.7384
108.412 173.852 17.0667
112.948 174.995 19.0539
63.2635 152.575 110.886
115.328 66.0007 117.963
113.775 61.2965 113.971
70.6313 140.108 117.959
154.508 146.814 15.0475
155.88 165.032 11.1553
150.893 166.826 9.02162
145.691 168.892 9.02055
149.909 171.93 10.1781
112.741 83.4014 49.0509
107.914 81.7506 51.0614
107.943 86.8828 50.0326
104.008 90.0826 51.3642
108.003 91.8745 48.0347
136.772 91.3832 50.018
160.839 139.276 118.868
163.667 147.02 23.0895
73.0879 85.1874 58.1919
76.9882 82.0427 56.4283
81.3273 81.0527 54.0746
143.701 117.929 29.4606
143.84 47.0176 83.3895
148.951 48.102 79.1644
152.283 51.0938 83.7682
158.714 53.4113 83.0514
162.184 60.7372 85.8995
159.271 55.3551 77.1816
160.948 59.4278 80.6141
165.894 64.3467 80.2507
142.543 47.3559 88.7405
140.445 50.0583 93.1742
133.926 49.8781 94.9524
145.799 51.3203 92.5774
149.935 56.1035 96.4816
151.405 52.7904 90.8978
144.768 60.1058 101.015
137.902 52.4815 96.9463
139.759 56.704 100.871
140.309 61.0903 105.507
149.732 64.9878 101.971
148.637 70.5213 104.94
144.927 70.9333 109.457
147.108 47.0988 73.8005
141.078 48.1546 69.4953
151.746 50.0985 73.3918
153.765 51.9434 68.2421
149.13 55.278 65.0888
154.657 56.989 67.1494
158.794 59.516 68.4605
144.485 54.2166 68.0604
139.736 52.248 66.0342
136.449 55.2644 62.183
137.973 61.3437 61.0028
152.444 74.6691 104.972
157.098 74.361 102.972
158.181 70.9126 98.973
154.908 66.7943 98.6867
158.935 64.5776 96.2339
162.133 65.0385 90.6763
158.288 60.0482 92.3823
165.824 69.3409 91.6298
154.832 56.384 94.271
169.256 69.1157 80.9249
169.813 69.3901 75.8297
172.565 73.0442 72.806
173.984 79.3308 75.1046
170.769 70.4333 68.8308
168.782 72.5652 63.8742
170.955 77.4351 62.9776
172.931 82.5992 64.2632
173.451 80.1227 68.7552
175.918 84.5112 76.7356
175.978 87.1051 81.5933
131.925 45.8865 91.5724
133.732 45.0921 86.4618
129.064 48.0705 95.3257
151.777 79.0389 107.37
146.947 201.341 46.5623
83.2064 97.8402 30.1256
71.3845 149.402 26.2236
70.0129 155.832 27.7617
77.1165 147.377 24.3456
71.0288 159.729 23.5736
57.0195 168.275 64.8876
68.0269 107.83 107.219
118.39 47.0402 78.7999
119.137 117.355 133.974
171.982 166.611 101.182
169.996 118.778 111.982
172.971 123.005 110.221
167.495 114.065 112.991
168.94 109.328 110.686
171.954 109.406 106.197
172.794 104.63 102.825
165.893 105.272 111.396
163.954 113.64 116.564
172.956 118.543 107.95
123.067 181.594 19.1589
86.7354 81.0267 40.3887
85.8669 80.0176 45.4871
137.92 208.818 47.0332
152.938 193.961 39.8963
182.964 126.165 64.5981
155.628 90.0531 113.944
159.974 93.8563 112.095
160.935 99.371 113.1
163.869 91.7142 109.208
79.2547 142.088 28.0368
168.98 160.318 108.07
164.923 161.321 111.744
162.527 157.382 114.94
166.733 156.386 110.876
161.747 193.456 84.779
163.582 189.951 87.9993
166.986 185.98 86.3775
158.974 193.636 89.0686
167.992 185.988 81.1866
133.382 207.862 45.1283
155.567 85.9758 110.981
158.811 83.6786 107.81
81.8788 146.024 22.7516
86.0578 143.545 20.8923
90.7898 143.395 19.0697
68.0861 148.246 38.908
109.976 208.406 76.7592
114.344 205.951 79.8562
118.406 208.923 81.8667
67.4293 101.096 104.953
65.0387 99.0125 100.423
75.0452 103.041 30.4857
72.0184 102.728 35.4257
74.1258 98.5898 33.0478
129.875 116.641 41.0327
129.019 115.229 46.372
126.641 120.069 38.3094
122.112 120.269 40.5845
115.817 120.273 40.4931
121.268 121.024 46.2222
126.758 120.015 49.7836
114.909 123.001 36.0199
109.84 123.024 36.8764
75.1603 186.583 46.2229
177.88 150.407 97.734
78.6363 188.175 50.029
82.2928 191.697 49.3339
69.9317 112.22 32.0232
156.501 105.076 26.3147
159.471 101.812 29.0787
109.98 181.64 22.9439
79.7255 142.039 45.8695
76.3318 144.027 42.3354
72.132 146.275 44.8721
157.964 85.4513 39.7894
160.95 186.9 42.8963
114.258 161.169 4.04349
109.075 162.168 5.02146
110.911 157.198 5.09697
109.475 153.038 8.46813
123.013 146.973 4.01143
117.611 148.858 3.01588
112.862 147.532 5.01255
104.731 49.0376 68.8907
136.683 132.035 27.0513
122.944 155.178 131.975
73.0181 194.18 71.8303
72.0148 193.759 66.9475
66.417 155.354 44.2449
125.16 214.985 66.0585
129.43 214.975 63.1578
134.095 213.987 61.2222
139.15 212.969 58.187
125.492 214.687 60.0579
125.946 212.982 54.8791
121.485 211.989 58.008
117.041 211.496 60.9589
134.5 212.981 56.3364
113.8 208.98 58.0793
130.656 213.702 53.0682
142.272 209.985 61.7
141.963 210.666 66.7845
104.566 45.2365 93.7286
170.759 90.1804 53.531
169.03 91.0785 47.9347
170.852 94.5019 43.0013
140.874 65.422 61.5812
73.3629 174.551 28.139
69.0406 169.966 30.4361
65.9711 164.96 30.6077
64.0192 162.593 35.1634
63.4037 157.174 35.8451
66.3431 154.135 32.5117
67.1572 172.756 34.5505
65.0472 172.421 39.4618
65.0271 171.909 44.8147
64.0251 167.354 41.1103
68.7226 176.945 37.4803
119.736 209.975 50.315
112.039 142.486 13.7794
109.038 142.656 18.3317
181.964 136.833 76.9287
181.965 132.437 79.7042
180.977 130.352 84.3942
180.988 139.667 80.9327
179.985 140.223 86.1708
140.941 179.972 120.008
142.685 174.911 121.199
140.971 170.76 124.386
69.0502 184.701 85.463
116.081 51.0185 60.0224
100.089 161.678 12.0338
119.217 152.272 133.974
56.0409 114.249 53.2976
163.839 191.666 52.8277
164.757 135.73 40.0599
60.0865 105.523 49.4059
143.139 85.3763 39.9529
121.216 97.6987 50.0528
132.864 172.451 127.975
132.245 176.676 124.972
109.923 58.7026 57.0647
111.338 62.5361 53.2839
112.851 65.8283 49.2175
111.453 71.3066 49.0621
68.0263 78.0438 83.7758
172.175 143.683 40.0775
174.665 138.69 39.1114
178.69 139.458 42.1006
181.437 142.908 44.922
179.97 112.189 74.1471
126.054 180.786 122.906
128.788 185.229 121.854
122.336 189.585 115.751
126.916 190.95 117.522
130.11 192.979 114.119
131.154 63.0532 112.307
129.146 59.0397 109.554
130.579 58.0426 104.866
127.909 54.5753 101.61
135.506 58.0508 103.415
92.7088 203.614 51.0831
89.5734 67.1353 64.866
128.69 45.2653 70.3844
134.196 44.1105 70.8151
138.863 45.0957 73.3695
125.681 193.97 30.3923
106.958 200.979 101.509
70.1087 122.248 114.793
74.1064 122.536 118.605
75.755 127.575 120.971
76.7272 118.388 119.968
70.4225 140.203 45.0814
134.637 178.33 15.0179
149.924 60.1435 99.8805
181.978 147.806 74.9148
105.109 69.247 116.89
166.871 63.5514 75.1913
68.0215 160.881 111.01
69.9724 166.468 110.968
73.956 167.95 114.582
71.9882 156.779 115.984
76.0588 159.992 117.636
102.408 98.0798 47.5672
94.2839 124.714 43.2113
112.13 48.9899 66.3089
181.974 117.792 62.0164
63.0192 119.51 40.7865
66.0272 118.113 36.4322
180.659 121.001 80.9414
121.275 48.0606 91.1667
62.0955 168.286 51.2
60.195 163.377 49.368
140.214 171.782 10.1405
86.7495 197.303 97.9646
124.167 203.906 42.0275
74.3692 132.544 120.879
86.4487 98.4202 122.873
82.8428 101.665 120.971
83.3237 147.424 124.969
82.7786 151.55 121.977
84.0464 156.395 122.455
98.5331 85.083 53.5667
65.0219 173.25 97.9008
102.59 128.739 133.977
78.0306 95.8388 114.955
184.972 135.343 59.8419
94.6327 184.736 18.1541
156.094 113.325 121.974
118.368 154.243 7.04279
122.897 165.22 127.967
87.2012 134.277 44.5588
81.0967 131.508 44.0183
85.1 137.23 40.8143
82.6287 127.875 40.2143
86.759 123.977 39.859
166.031 107.96 32.0388
165.734 102.7 33.6369
70.0193 114.447 112.995
146.249 80.0607 113.487
72.2611 181.729 49.7745
64.0194 130.681 108.147
161.929 71.0863 58.6023
122.843 112.881 52.0584
67.0707 82.4123 70.8398
160.976 106.943 117.087
156.875 169.669 113.897
65.0343 137.942 110.063
108.799 100.183 49.9306
97.832 83.2186 119.869
71.4927 74.4462 64.1534
113.984 203.78 89.8384
78.6373 62.0174 88.9944
129.379 108.414 54.0158
132.02 110.662 50.323
183.702 157.844 61.9185
90.7997 66.2815 107.898
135.991 80.6781 124.937
142.976 79.4032 118.944
143.607 161.826 125.945
73.6093 130.969 41.8164
68.0253 128.704 113.647
168.977 168.152 105.029
97.6415 199.745 47.4424
84.8342 165.62 11.0184
81.9402 169.742 12.109
165.395 97.8949 35.0199
163.344 93.206 35.1877
178.962 130.098 95.4492
158.118 158.963 117.401
112.213 209.937 68.0045
171.415 95.0316 62.8222
49.4787 142.058 69.541
164.878 79.7511 100.678
64.0228 109.689 102.158
62.0346 107.283 97.4559
183.963 140.265 50.39
62.0316 118.254 100.574
61.7806 167.821 91.9016
161.908 165.706 111.177
139.255 71.1182 115.49
126.166 44.3161 86.6932
93.1406 194.957 44.9928
93.5642 82.1613 116.956
146.143 197.973 41.8025
159.3 175.386 110.962
174.968 88.9567 72.2557
101.574 150.019 13.9679
114.794 135.032 135.97
158.715 188.812 36.459
100.287 144.244 17.1861
151.965 205.335 66.2161
121.158 62.3252 111.867
122.143 60.2659 107.339
142.365 207.973 51.3427
166.936 85.7765 102.498
88.4164 139.507 23.0975
92.7388 49.0822 90.9359
77.0435 166.74 16.0427
75.5796 167.961 20.7075
76.6534 151.177 119.974
151.609 116.2 23.0466
144.86 120.982 33.4513
83.5457 56.074 71.0288
80.9488 175.971 17.9316
74.898 158.55 19.0217
172.962 79.7606 86.0496
173.887 76.4118 81.8509
173.984 84.6427 85.6208
172.096 174.697 46.041
157.97 156.305 12.8347
152.668 155.756 11.02
150.359 160.051 9.0191
145.578 158.557 9.02945
134.07 68.9293 114.969
116.988 115.324 49.6895
142.519 154.067 13.0193
146.121 150.038 13.5444
137.475 153.5 12.0313
166.768 65.4233 66.5739
82.0171 153.72 17.0116
90.5172 104.735 126.976
72.8679 69.0196 84.5604
139.694 203.852 43.0762
112.09 163.785 132.98
91.4317 130.102 38.5338
107.515 62.8806 113.941
76.2728 197.948 64.9357
107.885 149.105 13.0268
72.0397 145.589 33.7181
139.032 144.089 15.3168
136.847 147.261 12.1095
107.441 139.566 28.0259
169.622 175.78 37.543
81.6142 174.856 114.965
140.962 163.142 9.0323
184.977 127.93 58.3869
118.867 160.792 132.999
125.329 171.244 126.944
122.622 175.198 124.946
81.1427 167.974 118.408
119.378 193.941 37.0198
167.68 95.0717 105.945
168.972 100.007 106.353
175.293 167.41 50.0455
120.625 48.1062 67.9883
159.513 151.598 16.0176
120.228 208.978 87.5968
101.89 197.952 41.5113
163.969 73.365 97.0966
156.715 96.8558 30.0567
99.6991 168.254 13.0253
93.3115 195.888 39.7834
76.0229 68.3608 92.3566
132.892 165.957 130.454
49.0374 131.689 66.0438
117.601 169.102 128.978
172.965 98.7911 97.7147
89.215 205.824 55.5935
168.961 80.4614 94.1727
147.997 86.8514 114.969
122.662 63.3808 47.0784
133.263 65.4334 56.0539
71.4077 91.9156 107.939
146.335 186.266 112.963
142.142 185.824 115.791
3  297 298 60
3  408 230 409
3  1750 1342 1598
3  1750 1598 732
3  116 380 336
3  116 336 156
3  1800 1799 45
3  346 865 866
3  288 1928 768
3  1131 586 1125
3  125 186 357
3  125 357 185
3  649 1869 1868
3  146 179 85
3  153 87 60
3  295 60 87
3  93 313 94
3  93 94 175
3  1577 1595 1456
3  463 1574 304
3  115 390 231
3  119 371 165
3  1702 1701 702
3  625 863 1151
3  849 1963 547
3  1734 1998 641
3  175 69 277
3  199 277 69
3  831 743 1726
3  1194 1195 612
3  1513 1708 1385
3  1538 1537 1010
3  1538 1011 1537
3  179 377 379
3  427 608 1825
3  453 61 452
3  948 950 949
3  283 91 357
3  283 357 349
3  1285 285 1321
3  1285 1321 372
3  956 955 249
3  10 95 287
3  199 10 287
3  1670 1636 1669
3  1693 1691 45
3  215 268 217
3  213 214 128
3  115 231 153
3  79 1259 1264
3  536 948 80
3  536 80 321
3  488 1135 1134
3  927 928 926
3  927 926 254
3  129 265 210
3  112 216 128
3  199 245 56
3  287 286 277
3  374 146 376
3  374 376 50
3  1527 148 1526
3  1464 66 1461
3  1459 1461 66
3  1675 1674 1677
3  224 90 456
3  251 33 75
3  251 49 33
3  464 1105 1104
3  152 127 1467
3  1312 1772 221
3  903 877 899
3  126 110 235
3  426 138 617
3  426 865 138
3  229 1458 1501
3  1175 1163 1152
3  1175 397 1163
3  38 1690 1691
3  38 1691 1693
3  710 282 1895
3  1669 1636 792
3  1671 1669 792
3  217 112 214
3  217 268 112
3  1606 1128 1133
3  1606 1133 1134
3  269 355 268
3  1175 1176 1153
3  1175 1152 1176
3  477 916 917
3  1776 1078 76
3  556 894 892
3  1816 1815 667
3  666 1815 1816
3  1638 499 1639
3  1638 1639 1636
3  379 84 179
3  527 149 526
3  1067 510 1278
3  1067 1278 1062
3  568 211 739
3  569 568 739
3  1569 1877 406
3  396 1877 1569
3  1450 735 1451
3  592 593 269
3  1743 1744 731
3  1743 1435 1744
3  384 141 640
3  384 383 141
3  1349 1372 613
3  1919 891 192
3  230 169 120
3  230 120 170
3  530 1361 1365
3  601 599 774
3  601 774 952
3  1516 690 1882
3  1213 131 1922
3  310 309 205
3  128 214 112
3  262 273 137
3  800 1734 331
3  800 331 1801
3  1608 567 1609
3  1630 893 1629
3  569 570 571
3  849 628 856
3  849 856 1963
3  236 110 102
3  1468 102 110
3  308 310 95
3  308 309 310
3  624 2016 862
3  624 862 1920
3  221 118 473
3  162 118 221
3  174 93 173
3  43 360 55
3  43 55 273
3  128 216 213
3  67 213 216
3  610 1876 1877
3  84 342 343
3  1812 1811 559
3  1812 559 1351
3  865 1309 138
3  9 442 441
3  273 55 274
3  341 321 322
3  103 341 322
3  1236 629 1712
3  1236 1712 401
3  344 97 225
3  2 344 225
3  245 94 142
3  1593 778 1586
3  1593 1586 16
3  176 247 264
3  871 1197 1198
3  681 1833 422
3  2018 1666 517
3  182 74 97
3  182 97 377
3  715 563 1201
3  373 418 932
3  1845 1846 58
3  1548 1011 1538
3  1165 400 839
3  1230 986 766
3  23 603 457
3  604 603 23
3  374 375 146
3  71 375 374
3  1318 499 1637
3  978 979 248
3  308 95 10
3  1701 1706 702
3  444 1706 1701
3  1371 1527 687
3  231 296 87
3  231 87 153
3  522 1635 1634
3  522 1634 1633
3  619 814 817
3  1790 814 619
3  7 1382 1381
3  1819 1381 1382
3  377 179 146
3  1876 406 1877
3  1876 407 406
3  174 173 123
3  174 123 90
3  71 378 375
3  502 1074 1888
3  69 94 245
3  199 69 245
3  209 440 343
3  292 1056 1055
3  357 186 349
3  718 1191 1199
3  1482 1485 204
3  111 654 129
3  11 308 10
3  257 11 56
3  1919 192 877
3  899 877 192
3  415 594 599
3  1225 594 415
3  523 328 81
3  523 81 722
3  409 230 315
3  1757 353 121
3  745 459 818
3  162 42 91
3  1754 1091 1752
3  165 722 81
3  152 316 127
3  152 315 316
3  915 913 942
3  915 21 913
3  79 863 862
3  1887 77 189
3  345 77 1887
3  44 1820 1097
3  44 1097 1766
3  1652 518 226
3  185 91 42
3  951 325 1683
3  359 274 55
3  359 55 360
3  1685 1950 187
3  1685 1684 1950
3  878 875 874
3  148 1369 1368
3  1527 1369 148
3  312 83 61
3  362 364 383
3  437 311 8
3  437 8 1860
3  61 83 481
3  452 61 481
3  262 597 65
3  248 597 262
3  88 588 1879
3  462 302 1604
3  538 536 333
3  948 536 538
3  366 924 1834
3  1137 488 1138
3  194 110 126
3  1024 1023 24
3  298 154 206
3  223 264 247
3  162 221 42
3  289 753 780
3  453 452 112
3  1529 1387 1239
3  295 297 60
3  296 295 87
3  1099 1896 566
3  601 180 723
3  953 180 601
3  730 82 662
3  1551 662 82
3  199 287 277
3  141 383 361
3  141 361 183
3  202 1468 110
3  202 110 194
3  1041 1040 785
3  1041 785 1110
3  215 217 70
3  13 175 20
3  277 20 175
3  129 210 328
3  414 139 413
3  1028 1026 252
3  1436 1431 582
3  867 347 868
3  867 868 668
3  1717 1715 515
3  1714 515 1715
3  65 260 259
3  67 71 50
3  74 225 97
3  74 381 225
3  806 802 632
3  803 632 802
3  1877 396 1756
3  928 25 929
3  872 1197 1183
3  256 184 200
3  666 747 1815
3  1666 1668 517
3  1950 1684 386
3  1438 581 1433
3  390 115 105
3  1029 1105 464
3  297 300 183
3  29 1833 1832
3  115 404 105
3  821 827 624
3  1230 821 624
3  184 123 173
3  124 333 536
3  9 701 700
3  9 604 701
3  62 75 430
3  62 430 431
3  560 1563 1350
3  383 364 361
3  322 1272 1273
3  322 1273 1792
3  183 298 297
3  183 361 298
3  376 146 85
3  283 163 416
3  417 416 163
3  237 327 14
3  139 1226 257
3  639 257 1226
3  667 1815 1277
3  1395 1826 492
3  20 277 286
3  136 1380 1340
3  136 1902 1380
3  596 595 65
3  233 1099 1094
3  271 1061 1060
3  533 772 63
3  533 63 210
3  257 639 11
3  949 1955 1272
3  323 1272 1955
3  1082 1083 241
3  454 268 294
3  701 443 700
3  549 1177 1178
3  549 1179 1177
3  84 70 85
3  84 85 179
3  143 299 301
3  411 1473 1487
3  1276 270 748
3  301 155 461
3  878 1628 555
3  176 341 340
3  107 340 341
3  1475 991 1472
3  455 116 483
3  224 455 483
3  281 642 643
3  714 281 643
3  12 169 0
3  193 12 0
3  317 127 316
3  665 965 27
3  13 20 184
3  408 126 193
3  194 126 408
3  656 729 728
3  740 729 656
3  93 175 13
3  301 299 155
3  20 51 18
3  184 20 18
3  173 93 13
3  173 13 184
3  357 91 185
3  1391 1390 1614
3  1509 1607 34
3  575 576 187
3  342 97 344
3  219 286 287
3  1296 651 1136
3  1137 1136 651
3  921 919 365
3  920 919 921
3  257 56 413
3  294 314 454
3  747 969 2033
3  175 94 69
3  1904 1372 394
3  970 1372 1904
3  929 25 41
3  1436 584 1437
3  379 97 342
3  1203 1204 715
3  1173 989 699
3  968 967 228
3  968 228 969
3  730 267 729
3  728 729 267
3  1138 1136 1137
3  1425 1424 424
3  56 10 199
3  56 11 10
3  1360 1167 529
3  2002 1360 529
3  382 75 33
3  176 321 341
3  107 341 103
3  1516 1882 1515
3  290 1516 1515
3  1197 871 284
3  68 1081 1355
3  688 1524 1523
3  313 142 94
3  1864 159 643
3  286 51 20
3  156 71 67
3  324 1273 1406
3  1792 1273 324
3  459 742 741
3  1509 1004 1508
3  1512 1004 1509
3  217 85 70
3  378 336 182
3  375 378 182
3  156 336 378
3  71 156 378
3  1646 1649 1648
3  868 870 871
3  868 347 870
3  1395 493 1398
3  1412 1398 493
3  63 165 81
3  63 772 165
3  260 78 259
3  761 1069 1068
3  1132 1930 495
3  54 1930 1132
3  258 639 1226
3  283 162 91
3  395 1929 1901
3  1768 1771 1169
3  364 362 485
3  83 313 174
3  83 174 482
3  174 90 224
3  174 224 482
3  222 926 928
3  925 926 222
3  297 295 140
3  1634 1645 521
3  206 153 298
3  60 298 153
3  300 278 183
3  141 183 278
3  834 338 833
3  841 338 834
3  143 635 240
3  1928 72 755
3  768 1928 755
3  12 193 234
3  1442 1214 1427
3  634 635 143
3  634 304 635
3  1697 1225 614
3  1697 614 414
3  1077 797 1102
3  404 206 154
3  234 235 223
3  126 235 234
3  126 234 193
3  202 1467 1468
3  484 1462 203
3  484 203 1470
3  440 89 343
3  84 343 89
3  235 110 236
3  223 235 135
3  1549 1192 1207
3  299 296 231
3  299 231 155
3  1351 559 1814
3  470 1748 1984
3  1784 1785 819
3  823 1785 1784
3  1311 158 1312
3  361 364 154
3  361 154 298
3  798 1079 1078
3  430 75 382
3  430 382 434
3  1550 768 289
3  480 768 1550
3  1177 1164 1176
3  1177 1176 1152
3  120 340 107
3  120 339 340
3  262 65 259
3  2013 285 1584
3  2013 1584 527
3  384 1861 393
3  1438 1439 581
3  297 140 300
3  1659 499 1318
3  1317 499 1659
3  969 460 2033
3  156 216 178
3  565 1163 1162
3  11 639 309
3  11 309 308
3  886 888 1344
3  368 457 209
3  256 90 123
3  256 123 184
3  224 456 455
3  112 452 216
3  292 1075 647
3  708 1375 1377
3  237 769 236
3  454 453 112
3  454 314 453
3  1375 973 46
3  270 2034 748
3  1705 702 1914
3  1105 1106 467
3  1079 797 1077
3  1079 1077 1078
3  834 337 1727
3  135 264 223
3  262 259 43
3  262 43 273
3  115 153 206
3  115 206 404
3  462 634 301
3  304 634 462
3  67 50 213
3  764 1993 2025
3  667 1817 1816
3  122 571 572
3  122 572 573
3  458 740 656
3  458 656 1724
3  563 1160 1162
3  112 268 454
3  274 440 442
3  359 215 70
3  360 215 359
3  952 774 773
3  630 1235 1236
3  844 1165 840
3  399 1165 844
3  1592 1579 1578
3  668 887 886
3  1149 1090 1150
3  368 369 457
3  368 2 369
3  1525 689 1524
3  148 1525 1526
3  523 722 524
3  1330 1333 685
3  460 1551 742
3  439 1130 1129
3  1126 439 1129
3  608 363 610
3  278 114 104
3  278 300 114
3  299 239 296
3  143 239 299
3  1300 1301 100
3  347 867 866
3  1230 624 986
3  212 524 844
3  212 844 843
3  1721 661 1938
3  252 1026 1818
3  252 1818 1106
3  1899 2007 756
3  1899 756 2025
3  1722 1719 1720
3  728 655 656
3  111 656 655
3  1990 95 320
3  345 1990 320
3  266 211 265
3  739 211 266
3  636 240 635
3  1894 1291 41
3  189 1291 1894
3  391 461 155
3  391 155 390
3  1098 1765 1766
3  1514 1765 1098
3  1438 579 1439
3  1886 345 1887
3  293 456 31
3  293 380 455
3  456 293 455
3  520 1863 1644
3  520 1644 1672
3  342 84 379
3  306 1232 636
3  301 461 462
3  462 461 302
3  1111 1110 785
3  1337 276 1356
3  512 1794 770
3  1551 969 662
3  460 969 1551
3  166 642 280
3  166 280 772
3  1653 1633 40
3  1673 1674 307
3  1673 307 1976
3  1043 1019 1042
3  1043 760 1019
3  327 1838 1945
3  1902 136 1378
3  1339 1378 136
3  195 1217 1827
3  1701 1699 444
3  1402 30 1403
3  1401 30 1402
3  100 1304 1135
3  506 601 723
3  43 78 360
3  259 78 43
3  1716 1715 168
3  740 741 82
3  740 82 729
3  150 739 266
3  314 312 61
3  314 61 453
3  93 174 313
3  313 312 142
3  83 312 313
3  314 142 312
3  294 142 314
3  404 2024 105
3  226 781 251
3  1949 226 251
3  1460 736 1453
3  1452 1453 736
3  344 343 342
3  717 1202 1201
3  717 1211 1202
3  320 95 310
3  311 320 310
3  311 310 205
3  1409 1410 1415
3  323 1681 1680
3  176 124 321
3  176 264 124
3  1552 1956 663
3  1316 1956 1552
3  247 176 340
3  247 340 339
3  1320 371 372
3  210 81 328
3  267 657 728
3  658 657 267
3  622 804 803
3  151 842 843
3  841 842 151
3  845 837 799
3  611 1741 719
3  1330 1331 1356
3  1330 1356 1333
3  583 1445 1449
3  1971 583 1449
3  707 1283 1284
3  385 1879 157
3  385 1950 1879
3  581 1439 1440
3  653 436 589
3  1848 940 88
3  1848 88 1686
3  456 90 31
3  376 214 213
3  1988 498 1678
3  120 169 339
3  12 339 169
3  223 247 234
3  12 234 247
3  12 247 339
3  294 268 355
3  645 1864 642
3  643 642 1864
3  1440 1439 1441
3  318 1441 1439
3  511 103 1794
3  2023 754 289
3  753 289 754
3  77 345 320
3  1093 1092 566
3  1180 1179 549
3  143 664 239
3  143 240 664
3  434 382 4
3  71 374 50
3  1899 754 2007
3  365 915 942
3  1910 1126 1930
3  54 1910 1930
3  586 1390 648
3  1391 648 1390
3  1506 1507 1000
3  1511 1000 1507
3  1376 46 1937
3  1375 46 1376
3  497 1680 1679
3  851 130 852
3  513 485 138
3  2022 367 921
3  2022 921 885
3  1288 1072 220
3  1288 220 727
3  1804 241 1803
3  3 269 593
3  3 1697 269
3  775 911 910
3  286 358 51
3  286 219 358
3  84 89 70
3  359 70 89
3  273 274 137
3  246 1266 1265
3  167 722 371
3  1751 1208 1325
3  214 376 85
3  214 85 217
3  2020 1096 1095
3  2020 1095 567
3  1205 1206 1917
3  47 1155 1158
3  1159 47 1158
3  619 817 1960
3  848 619 1960
3  1202 715 1201
3  1202 1203 715
3  343 368 209
3  343 344 368
3  344 2 368
3  451 360 78
3  593 592 260
3  593 260 595
3  952 953 601
3  415 615 614
3  777 1364 1591
3  777 1591 1583
3  1958 401 855
3  965 72 964
3  1928 964 72
3  369 1927 1908
3  1927 226 1908
3  518 1908 226
3  50 376 213
3  49 1926 225
3  182 377 375
3  182 336 74
3  1910 1124 1126
3  146 375 377
3  1697 355 269
3  1697 414 355
3  74 380 381
3  74 336 380
3  225 381 26
3  49 225 26
3  49 26 33
3  26 381 293
3  31 26 293
3  381 380 293
3  1596 1458 1580
3  712 1458 1596
3  1577 1578 1595
3  274 359 89
3  274 89 440
3  390 155 231
3  961 598 959
3  1495 1502 1494
3  1495 1769 1502
3  789 1730 15
3  1137 1300 100
3  1641 1647 1642
3  1641 1642 387
3  181 1410 1409
3  1657 1410 181
3  1131 54 1132
3  363 427 426
3  363 426 407
3  1742 609 1741
3  866 1347 346
3  1449 735 1450
3  1971 1449 1450
3  1179 1164 1177
3  1742 1164 1179
3  1503 1000 1599
3  1761 1340 1380
3  1548 1538 233
3  1099 233 1538
3  303 1297 1296
3  303 1296 1122
3  902 475 901
3  139 257 413
3  1521 1534 1007
3  1521 1533 1534
3  713 711 1499
3  713 1499 106
3  413 56 245
3  513 138 1309
3  513 1309 207
3  556 1158 1155
3  822 801 621
3  828 822 621
3  1091 1294 543
3  407 362 405
3  406 407 405
3  764 2025 1064
3  0 169 230
3  408 0 230
3  193 0 408
3  152 409 315
3  152 194 409
3  194 408 409
3  691 1616 1617
3  245 142 52
3  413 245 52
3  1313 1312 158
3  1772 1312 1313
3  479 959 598
3  979 479 598
3  569 739 150
3  1896 1099 1010
3  1493 738 1492
3  1497 1493 1492
3  1966 373 420
3  1966 418 373
3  1397 1216 1396
3  1397 1396 1826
3  1469 1471 102
3  1322 470 1323
3  1208 470 1322
3  362 407 617
3  414 413 52
3  142 294 52
3  355 414 52
3  294 355 52
3  167 524 722
3  167 525 524
3  860 1294 1352
3  283 416 118
3  283 118 162
3  1150 1967 1934
3  1381 1819 1315
3  326 1381 1315
3  922 367 923
3  814 829 817
3  912 933 552
3  911 912 552
3  1086 1091 543
3  1145 1086 543
3  1446 581 1440
3  1736 1735 79
3  1888 1074 647
3  895 1602 1359
3  1831 680 326
3  1831 1832 680
3  363 407 1876
3  610 363 1876
3  478 957 956
3  856 852 1688
3  856 1688 850
3  939 432 1613
3  588 587 157
3  1405 30 1401
3  1405 1401 491
3  451 215 360
3  1845 62 431
3  1845 431 1846
3  936 419 935
3  936 935 938
3  254 926 941
3  254 941 694
3  1613 64 939
3  197 1417 1421
3  1246 1807 1245
3  1360 530 1168
3  678 676 423
3  512 511 1794
3  1612 1613 164
3  612 1379 1349
3  265 129 654
3  265 654 266
3  1624 1623 1
3  1929 395 1570
3  788 1717 515
3  789 788 515
3  2012 1705 168
3  704 1702 1705
3  704 1705 2012
3  441 440 209
3  442 440 441
3  1491 370 1601
3  1288 727 505
3  201 1568 983
3  201 983 982
3  1877 1756 610
3  1127 439 1124
3  1137 100 1135
3  488 1137 1135
3  190 1695 1292
3  190 1130 1695
3  37 1283 1282
3  1025 469 1024
3  1025 1026 469
3  1219 623 1218
3  1736 1737 626
3  1221 626 1220
3  1027 1111 785
3  541 1085 1084
3  541 1086 1085
3  1090 1693 1101
3  165 371 722
3  455 380 116
3  743 459 741
3  1646 1644 1863
3  1249 1275 1251
3  302 461 391
3  651 1298 1300
3  1550 289 780
3  1550 780 954
3  1027 469 1026
3  1037 1024 469
3  463 1572 1574
3  1573 1572 463
3  878 879 1628
3  1821 723 180
3  1278 1049 1045
3  1278 1045 759
3  1955 949 795
3  950 795 949
3  1829 1828 667
3  1829 667 1277
3  48 29 1831
3  191 1155 1156
3  604 23 1714
3  1766 1767 44
3  253 928 927
3  873 1629 1628
3  1952 1918 99
3  895 908 907
3  1359 908 895
3  932 934 419
3  418 934 932
3  1172 1049 510
3  1201 1200 717
3  1190 717 1200
3  908 1313 158
3  1314 1313 908
3  945 943 944
3  1 1623 1161
3  365 918 916
3  917 916 918
3  672 2014 1382
3  250 1382 2014
3  9 603 604
3  486 1305 1304
3  1861 279 393
3  597 600 596
3  597 596 65
3  485 362 617
3  384 393 53
3  1929 53 393
3  452 481 178
3  216 452 178
3  677 1419 1418
3  504 1072 1071
3  482 481 83
3  156 67 216
3  1905 134 1906
3  1905 1906 121
3  116 178 483
3  116 156 178
3  483 178 481
3  483 481 482
3  482 224 483
3  1278 510 1049
3  1950 386 1879
3  1947 1030 1115
3  465 1947 1115
3  1260 1258 1257
3  1416 1413 677
3  1713 1875 334
3  1713 161 1875
3  1781 1786 1780
3  816 1780 1786
3  1899 753 754
3  497 1406 1273
3  229 1836 1835
3  1016 1674 1866
3  1677 1674 1016
3  548 1253 1939
3  419 934 935
3  1307 302 1310
3  1307 1310 392
3  420 944 108
3  420 945 944
3  1168 530 1764
3  1514 1607 1509
3  795 951 1683
3  795 1683 1682
3  1280 1282 1279
3  708 1280 1279
3  1643 521 1645
3  1640 521 1643
3  606 605 254
3  1046 509 1044
3  1762 1761 279
3  1861 1762 279
3  784 763 1042
3  437 577 77
3  1860 577 437
3  1886 219 345
3  557 558 535
3  154 513 207
3  154 207 404
3  673 672 1382
3  127 317 1465
3  1858 438 1860
3  8 1859 1858
3  1860 8 1858
3  18 99 1918
3  51 99 18
3  585 874 869
3  1556 57 1989
3  1149 1989 57
3  623 804 812
3  433 938 937
3  935 937 938
3  1358 191 1157
3  1358 1157 29
3  280 642 281
3  586 1139 1125
3  157 587 349
3  1840 2008 637
3  475 903 899
3  356 1845 58
3  77 577 1293
3  211 533 265
3  1061 759 1060
3  1253 825 1254
3  771 1072 1108
3  771 1108 1109
3  875 555 876
3  878 555 875
3  1063 1061 271
3  758 1061 1063
3  1073 504 1071
3  2 1927 369
3  107 103 511
3  511 134 170
3  315 170 134
3  511 120 107
3  170 120 511
3  315 230 170
3  511 512 134
3  485 513 364
3  154 364 513
3  1364 1587 532
3  1729 1714 514
3  147 605 606
3  200 605 147
3  472 1342 1750
3  472 1750 1751
3  1634 59 1645
3  1635 59 1634
3  1411 181 1409
3  523 212 328
3  523 524 212
3  525 526 149
3  1230 808 821
3  1735 1259 79
3  1925 695 931
3  1767 1765 1505
3  1767 1505 1003
3  1445 1444 471
3  1508 1506 36
3  595 260 65
3  1480 1478 1479
3  571 122 1753
3  458 743 741
3  458 741 740
3  435 1865 1995
3  1171 988 1172
3  1173 1172 988
3  1511 1507 1510
3  1527 1526 1528
3  1979 998 1590
3  1979 1590 449
3  1183 1184 609
3  1367 691 1368
3  1588 449 1590
3  778 449 1588
3  687 1527 1528
3  1427 1426 1442
3  692 111 129
3  1264 863 79
3  1927 781 226
3  596 261 595
3  1187 717 1190
3  1481 734 1483
3  1772 160 188
3  1651 518 1652
3  1798 45 1799
3  1798 1799 539
3  296 140 295
3  1601 370 1769
3  1694 635 304
3  1342 737 1498
3  1342 1498 733
3  1138 1127 1124
3  488 1127 1138
3  830 621 831
3  766 808 1230
3  621 744 831
3  743 831 744
3  839 838 840
3  799 838 839
3  1583 1591 1582
3  1386 631 1385
3  1417 678 424
3  1652 356 22
3  1949 356 1652
3  459 743 744
3  1563 562 1559
3  1631 66 579
3  1971 66 1631
3  1475 1477 991
3  1396 1216 1399
3  1561 985 1560
3  986 863 625
3  421 1157 1156
3  623 812 813
3  623 813 1218
3  732 1747 1750
3  1208 1750 1747
3  1088 542 1092
3  1973 1088 1092
3  1305 486 1308
3  1914 701 1716
3  1705 1914 1716
3  1190 1200 397
3  1722 1720 1721
3  171 1722 1721
3  1545 1542 1546
3  1526 1525 688
3  568 569 351
3  535 568 351
3  421 1621 1157
3  575 187 385
3  1574 242 1694
3  1103 242 1574
3  883 366 882
3  904 883 882
3  840 1165 839
3  1572 1104 1574
3  464 1104 1572
3  1203 716 1204
3  1205 1204 716
3  416 417 721
3  1218 1220 1219
3  1218 620 1220
3  558 159 645
3  1813 159 558
3  1284 325 951
3  428 1733 1338
3  1209 1323 470
3  745 460 742
3  745 742 459
3  239 114 140
3  239 664 114
3  239 140 296
3  1525 1524 688
3  796 793 2028
3  796 2028 791
3  117 1604 1307
3  1265 1256 246
3  1561 1562 1568
3  561 1560 1567
3  1559 1560 561
3  288 768 957
3  742 1551 82
3  1403 494 1402
3  1655 1633 1653
3  522 1633 1655
3  1444 1745 471
3  1475 580 1477
3  1657 1658 1656
3  1462 1460 203
3  1217 1214 1442
3  1798 1797 1101
3  232 1101 1797
3  809 806 633
3  403 806 809
3  1589 1590 1616
3  1093 1973 1092
3  1363 1364 532
3  1363 532 1367
3  1925 132 695
3  1014 1487 1615
3  1474 1615 1487
3  1431 1389 1429
3  1980 998 1979
3  1980 1979 1013
3  90 256 589
3  589 31 90
3  31 589 4
3  1344 888 489
3  1712 853 855
3  1712 855 401
3  578 318 1970
3  1688 852 629
3  592 451 78
3  592 78 260
3  268 215 269
3  451 269 215
3  592 269 451
3  953 952 602
3  1069 762 1068
3  426 617 407
3  603 441 209
3  9 441 603
3  457 603 209
3  600 961 249
3  600 249 669
3  195 1209 1213
3  195 1213 1217
3  1400 1394 491
3  703 1707 1699
3  266 657 150
3  265 533 210
3  400 1823 839
3  1823 846 839
3  554 882 881
3  1056 507 1054
3  1937 1351 1350
3  955 602 669
3  955 669 249
3  675 7 679
3  675 673 7
3  356 58 1649
3  1348 1345 489
3  1348 489 1134
3  572 571 570
3  572 570 1719
3  427 363 608
3  576 1233 187
3  576 40 1233
3  980 982 398
3  1096 1554 133
3  563 1872 1161
3  1 1161 1872
3  1028 1029 1892
3  1311 898 158
3  463 304 462
3  853 854 855
3  1366 401 1958
3  1366 1958 1365
3  1226 139 614
3  615 1226 614
3  415 616 615
3  846 130 851
3  510 1171 1172
3  39 2009 782
3  803 804 827
3  684 1332 1331
3  633 806 807
3  385 157 186
3  387 1642 1684
3  1686 1684 1642
3  14 769 237
3  1682 1955 795
3  1682 323 1955
3  802 806 403
3  1260 1261 1262
3  707 1287 1281
3  951 1287 707
3  528 1580 1581
3  640 278 1229
3  836 835 338
3  836 338 837
3  501 496 1885
3  501 502 496
3  846 847 845
3  846 845 799
3  255 1925 931
3  255 931 1234
3  694 941 132
3  694 132 1925
3  495 1859 1885
3  152 1467 202
3  152 202 194
3  634 143 301
3  1857 1126 1129
3  1857 1129 438
3  567 1100 1009
3  741 742 82
3  1787 1251 548
3  1787 548 1785
3  1369 1363 1367
3  1833 1157 422
3  1621 422 1157
3  133 1554 1933
3  594 595 864
3  594 864 599
3  622 803 802
3  801 622 802
3  1087 540 1084
3  621 801 744
3  1384 389 975
3  607 606 255
3  19 807 808
3  810 807 19
3  773 261 669
3  596 669 261
3  427 347 1822
3  669 602 773
3  29 1157 1833
3  27 964 963
3  965 964 27
3  288 963 964
3  1134 1133 488
3  808 1076 19
3  1047 39 1290
3  1934 1967 1089
3  923 367 1921
3  256 653 589
3  200 653 256
3  1037 469 1039
3  1733 96 1338
3  889 1605 888
3  489 888 1605
3  1534 1545 1008
3  1534 1008 2010
3  1975 1977 793
3  1138 1124 652
3  1120 303 1122
3  1120 1122 1121
3  498 1407 1678
3  498 1911 1407
3  1457 1456 1595
3  1042 227 1041
3  1042 1041 784
3  1917 1624 1
3  1872 1917 1
3  586 1131 1390
3  1614 1390 1131
3  654 111 655
3  654 655 266
3  1737 1736 862
3  79 862 1736
3  847 627 845
3  633 807 810
3  226 1949 1652
3  1302 105 2024
3  1897 445 443
3  1436 1435 584
3  171 573 1722
3  747 968 969
3  666 968 747
3  1028 1892 786
3  1113 786 1892
3  235 236 769
3  235 769 135
3  871 870 284
3  854 1823 400
3  1582 776 1584
3  130 846 1823
3  854 130 1823
3  1310 302 391
3  600 669 596
3  261 773 774
3  714 106 281
3  1924 281 106
3  675 1663 1662
3  714 1532 282
3  679 676 2031
3  550 477 2032
3  550 21 477
3  1178 900 1182
3  1820 1552 1553
3  44 1552 1820
3  1405 1408 324
3  1405 324 1406
3  917 2032 477
3  1634 521 1633
3  1662 1663 674
3  48 1359 1358
3  48 1358 29
3  2031 425 1663
3  1460 1461 1459
3  1820 1553 1096
3  1431 1429 582
3  1656 1319 1657
3  591 1848 1686
3  1427 1434 1428
3  582 1428 1434
3  678 1425 424
3  582 1429 1428
3  1417 1416 1418
3  633 820 809
3  829 172 828
3  822 828 172
3  685 1326 1327
3  4 686 31
3  686 33 26
3  686 26 31
3  686 382 33
3  686 4 382
3  2010 1547 1242
3  1727 337 1725
3  1727 1725 111
3  212 329 692
3  328 212 692
3  328 692 129
3  197 1398 1412
3  1133 1127 488
3  948 949 80
3  1889 1888 647
3  1709 1178 1152
3  1578 412 1595
3  1031 1025 1024
3  1031 1024 24
3  1125 1121 1123
3  2 1926 781
3  2 781 1927
3  928 253 25
3  98 25 253
3  507 767 1054
3  763 1043 1042
3  510 1067 1068
3  137 274 445
3  445 274 442
3  700 445 442
3  442 9 700
3  709 1280 1377
3  709 37 1280
3  113 980 978
3  1507 1508 1004
3  1507 1004 1510
3  1560 985 1567
3  1946 439 1127
3  446 1377 1376
3  1375 1376 1377
3  703 1699 1701
3  703 1701 1702
3  709 446 1707
3  982 980 444
3  1339 1332 1378
3  335 973 972
3  1328 1900 1902
3  238 1836 1837
3  1071 1288 505
3  1071 1072 1288
3  492 1394 1395
3  1328 1902 1378
3  708 972 973
3  1332 684 1378
3  713 106 714
3  874 905 869
3  874 348 905
3  284 608 1184
3  1197 284 1184
3  1600 125 188
3  185 188 125
3  250 2014 1600
3  1473 991 1474
3  1450 1451 736
3  1450 736 1459
3  673 1382 7
3  1952 99 927
3  253 927 99
3  1237 1528 1238
3  564 1549 1207
3  282 710 713
3  282 713 714
3  1906 134 1935
3  1350 1351 352
3  664 104 114
3  1491 1492 738
3  1716 701 604
3  1716 604 1715
3  630 1238 1239
3  37 1282 1280
3  1283 707 1282
3  1195 396 1196
3  721 108 118
3  721 118 416
3  506 725 727
3  1873 1904 448
3  658 150 657
3  1434 1923 1435
3  1434 1214 1923
3  616 727 220
3  63 81 210
3  266 655 657
3  728 657 655
3  616 506 727
3  725 723 726
3  506 723 725
3  659 267 730
3  658 267 659
3  1723 1724 337
3  1723 1726 1724
3  1389 1216 1429
3  1933 198 1150
3  1149 1150 198
3  1520 1386 1708
3  1721 1720 661
3  1431 1432 1389
3  1431 1437 1432
3  472 1341 1342
3  813 172 814
3  829 814 172
3  1414 1404 494
3  870 1825 284
3  583 1444 1445
3  583 1443 1444
3  1332 1965 428
3  1331 1332 428
3  1959 1338 1558
3  843 842 329
3  1904 1903 448
3  524 399 844
3  1489 1486 1490
3  789 1942 1964
3  1334 1493 737
3  1341 1334 737
3  125 1600 109
3  1432 1433 581
3  1432 1437 1433
3  1533 1012 1534
3  510 1068 1171
3  729 82 730
3  1096 133 1095
3  1336 276 1337
3  1954 659 662
3  730 662 659
3  353 1466 317
3  241 1804 1082
3  270 1815 2034
3  1277 1815 270
3  666 967 968
3  585 879 878
3  782 1290 39
3  1232 1880 636
3  811 1843 1844
3  811 1844 810
3  979 598 248
3  1293 190 1292
3  1158 893 1630
3  556 893 1158
3  1032 1775 1034
3  1033 1775 1032
3  781 49 251
3  1104 1105 467
3  1066 1067 758
3  1044 1045 760
3  1044 509 1045
3  1114 1113 465
3  1022 760 1049
3  903 883 904
3  749 1843 1842
3  1048 1046 763
3  1958 855 1764
3  530 1958 1764
3  72 966 666
3  966 965 665
3  72 965 966
3  1741 609 719
3  1184 719 609
3  2008 2007 637
3  1064 756 2008
3  2025 756 1064
3  647 1074 1073
3  647 1073 292
3  749 1841 1843
3  1156 1891 421
3  1058 1060 1051
3  1058 1051 765
3  1173 988 989
3  1958 530 1365
3  877 903 904
3  1160 1159 565
3  1900 1901 447
3  1902 1900 447
3  868 871 869
3  1054 508 1055
3  1056 1054 1055
3  614 1225 415
3  6 1206 1210
3  1161 1160 563
3  1289 1075 1055
3  292 1055 1075
3  166 645 642
3  535 645 166
3  1938 750 1721
3  1377 446 709
3  166 772 534
3  166 534 535
3  535 534 568
3  534 211 568
3  533 211 534
3  533 534 772
3  280 281 119
3  280 119 165
3  280 165 772
3  779 1594 1593
3  638 1599 1987
3  999 1987 1599
3  1641 387 1640
3  1641 1640 1643
3  255 606 694
3  255 694 1925
3  1570 1569 406
3  873 1630 1629
3  873 1182 1630
3  782 1869 649
3  57 1731 1692
3  1707 446 1700
3  1708 1386 1385
3  160 1772 1313
3  1731 96 1732
3  57 96 1731
3  1718 1339 1340
3  59 1672 1645
3  1013 1986 997
3  204 1986 1013
3  117 1307 720
3  117 720 1575
3  517 1669 1671
3  517 1668 1669
3  1264 1259 1258
3  1264 1258 861
3  1683 794 1682
3  1392 218 1763
3  795 950 951
3  1234 931 419
3  848 628 849
3  948 537 950
3  1675 307 1674
3  252 1105 1029
3  252 1029 1028
3  1879 386 1686
3  1879 1686 88
3  1852 1853 576
3  575 1852 576
3  411 1456 1496
3  1473 411 1496
3  1106 1036 467
3  1102 1103 467
3  1337 1959 429
3  1337 429 1809
3  844 840 151
3  843 844 151
3  151 840 838
3  841 151 838
3  544 1142 1143
3  544 1143 2017
3  801 802 403
3  805 623 1219
3  822 622 801
3  807 806 632
3  1069 1076 762
3  19 1076 1069
3  1842 811 761
3  822 172 812
3  813 812 172
3  1276 1843 1841
3  950 537 1287
3  951 950 1287
3  833 338 832
3  835 832 338
3  843 329 212
3  593 595 594
3  1775 1776 76
3  1775 76 1034
3  1787 823 1246
3  1787 1246 824
3  745 820 746
3  745 746 460
3  745 818 809
3  745 809 820
3  113 1897 981
3  113 981 980
3  587 1791 163
3  587 163 349
3  403 809 818
3  937 587 1231
3  937 1231 433
3  801 403 744
3  818 744 403
3  459 744 818
3  892 891 893
3  1629 893 891
3  1240 1235 630
3  682 1235 1240
3  633 748 820
3  1231 587 588
3  632 821 808
3  632 808 807
3  811 19 1069
3  811 1069 761
3  632 803 821
3  828 621 830
3  812 622 822
3  812 804 622
3  490 887 906
3  1400 491 1401
3  1066 1842 761
3  1066 761 1067
3  749 1842 1066
3  803 827 821
3  804 623 805
3  804 805 827
3  864 774 599
3  864 595 261
3  864 261 774
3  476 896 894
3  1851 476 894
3  836 837 845
3  627 836 845
3  1166 525 149
3  399 525 1166
3  399 1166 1165
3  986 625 987
3  766 986 987
3  1726 458 1724
3  743 458 1726
3  831 1726 330
3  1723 330 1726
3  837 338 841
3  829 618 817
3  829 828 618
3  828 830 618
3  618 830 832
3  618 832 835
3  1711 1728 1244
3  1166 400 1165
3  1604 302 1307
3  399 524 525
3  838 837 841
3  799 837 838
3  1767 1766 1765
3  1171 762 988
3  1935 134 512
3  1383 326 680
3  1383 680 2030
3  288 964 1928
3  841 834 842
3  816 1782 1779
3  839 846 799
3  531 1366 1365
3  1964 1942 516
3  1782 819 1778
3  1818 1026 1025
3  1818 1025 468
3  816 1779 1780
3  851 628 847
3  846 851 847
3  66 1971 1450
3  66 1450 1459
3  1464 579 66
3  1495 1601 1769
3  1068 762 1171
3  665 27 1938
3  665 1938 661
3  1244 1243 683
3  1243 1245 683
3  1246 546 1247
3  1897 443 981
3  860 1295 1294
3  1570 406 53
3  824 1249 1251
3  1263 1262 73
3  707 1281 1279
3  1282 707 1279
3  608 610 719
3  608 719 1184
3  258 1174 639
3  205 1109 500
3  35 500 1109
3  1174 205 309
3  1383 1381 326
3  1357 2006 1993
3  724 2006 1357
3  1884 546 1245
3  258 1893 771
3  220 771 1893
3  808 766 1076
3  1705 1702 702
3  1705 1716 168
3  1914 443 701
3  891 555 1629
3  1628 1629 555
3  548 1939 1221
3  548 1221 1785
3  868 869 668
3  132 919 920
3  132 925 919
3  1706 443 1914
3  1706 1914 702
3  473 947 1311
3  473 1311 1312
3  892 896 192
3  904 882 554
3  490 888 887
3  886 887 888
3  890 551 1944
3  1739 551 890
3  377 97 379
3  412 1458 1457
3  1835 1457 1458
3  229 1835 1458
3  694 606 254
3  939 64 938
3  939 938 433
3  867 668 886
3  1348 487 1345
3  867 208 866
3  867 886 208
3  775 348 880
3  906 348 775
3  887 905 906
3  668 905 887
3  1168 1764 854
3  1168 854 400
3  651 1300 1137
3  1347 866 208
3  490 889 888
3  124 536 321
3  910 911 552
3  910 552 909
3  400 1166 1167
3  149 1167 1166
3  1178 1710 900
3  892 894 896
3  1003 1770 1771
3  3 1225 1697
3  160 1313 1314
3  192 891 892
3  138 485 617
3  367 920 921
3  367 922 920
3  1830 1831 326
3  1709 565 1710
3  222 917 918
3  222 918 925
3  897 476 898
3  896 476 897
3  1228 1977 325
3  793 1977 1228
3  1902 447 1380
3  1183 609 1180
3  1179 1180 609
3  872 1180 1181
3  872 1183 1180
3  883 903 475
3  902 883 475
3  918 365 919
3  918 919 925
3  915 365 916
3  1150 1090 1967
3  395 1603 1570
3  1569 1570 1603
3  463 462 1604
3  463 1604 117
3  1438 1631 579
3  450 1618 1617
3  527 1978 149
3  527 776 1978
3  910 490 906
3  775 910 906
3  910 909 490
3  881 914 880
3  554 881 880
3  914 911 775
3  132 920 695
3  490 909 889
3  942 913 924
3  1202 564 1203
3  1202 1211 564
3  916 477 21
3  915 916 21
3  553 911 914
3  695 920 922
3  2008 756 2007
3  1157 191 1156
3  1621 421 1622
3  924 913 553
3  912 553 913
3  1457 1595 412
3  1839 976 335
3  975 335 976
3  1578 1579 412
3  412 1580 1458
3  1309 346 1308
3  1309 865 346
3  101 902 943
3  901 943 902
3  912 913 21
3  98 253 358
3  1442 1426 693
3  924 366 885
3  924 885 942
3  928 929 222
3  929 917 222
3  473 118 108
3  947 473 108
3  931 932 419
3  931 695 930
3  931 930 932
3  890 889 909
3  890 552 933
3  890 909 552
3  912 21 933
3  911 553 912
3  103 322 1792
3  1803 539 1805
3  815 1223 1790
3  1881 104 664
3  1881 1522 104
3  941 925 132
3  926 925 941
3  940 432 939
3  433 940 939
3  1687 15 514
3  1664 1687 518
3  1664 15 1687
3  942 921 365
3  885 921 942
3  946 945 420
3  373 946 420
3  945 101 943
3  946 101 945
3  944 947 108
3  947 944 474
3  943 474 944
3  943 901 474
3  516 1228 1227
3  1836 410 1835
3  706 1284 1283
3  1633 521 1632
3  1633 1632 40
3  602 952 773
3  957 768 480
3  956 957 480
3  32 750 27
3  32 27 963
3  602 954 953
3  954 780 953
3  956 249 958
3  961 958 249
3  746 2033 460
3  480 954 955
3  956 480 955
3  954 602 955
3  962 288 957
3  962 957 478
3  478 956 958
3  963 288 962
3  478 960 962
3  1735 1224 1222
3  1939 1222 1224
3  962 32 963
3  962 960 32
3  966 665 967
3  966 967 666
3  32 751 750
3  32 960 751
3  1196 394 1379
3  1372 1349 1379
3  1372 1379 394
3  598 961 600
3  598 600 597
3  248 598 597
3  445 700 443
3  958 961 959
3  478 958 959
3  960 478 959
3  1228 706 1227
3  1419 1420 425
3  1419 425 2031
3  991 1477 1482
3  1185 1190 397
3  1185 397 1175
3  1816 72 666
3  1817 72 1816
3  1056 292 1070
3  1056 1070 1057
3  1122 1296 1136
3  981 443 1706
3  637 1828 1829
3  1183 1197 1184
3  251 75 1983
3  62 1983 75
3  1922 1923 1214
3  981 1706 444
3  981 444 980
3  978 248 977
3  262 977 248
3  262 137 977
3  113 977 137
3  113 978 977
3  113 137 445
3  1707 1700 1699
3  1014 1627 1487
3  1377 1280 708
3  27 750 1938
3  2012 705 1704
3  708 973 1375
3  1130 439 1946
3  1130 1946 1128
3  542 1094 1092
3  989 1151 1263
3  760 1043 1044
3  438 577 1860
3  698 1020 1023
3  3 593 594
3  3 594 1225
3  1832 1831 29
3  1488 1484 734
3  1488 734 1773
3  1032 1031 24
3  1034 1031 1032
3  1273 1272 497
3  1680 497 1272
3  1436 582 1435
3  1641 244 1647
3  1093 1095 133
3  1630 900 1159
3  1630 1159 1158
3  1459 736 1460
3  121 353 317
3  1612 436 435
3  1865 435 436
3  712 1501 1458
3  1979 2015 1013
3  1188 1186 1689
3  1188 718 1186
3  1852 2014 672
3  200 147 653
3  44 1768 1316
3  1594 449 1593
3  1059 764 271
3  1059 271 1058
3  133 1933 1934
3  1941 105 1302
3  1167 1360 1168
3  1167 1168 400
3  1691 1801 45
3  614 139 414
3  1007 1534 1535
3  1779 620 1780
3  1490 145 1492
3  1491 1490 1492
3  1686 386 1684
3  630 1237 1238
3  1236 1237 630
3  1618 1882 690
3  1002 1882 1618
3  1345 487 1346
3  636 1147 306
3  1242 546 1884
3  1080 1082 306
3  1094 566 1092
3  1099 566 1094
3  1170 1494 638
3  2000 1170 638
3  1878 975 974
3  1878 974 973
3  1479 580 1773
3  1478 580 1479
3  1020 73 1021
3  1261 1021 73
3  1248 1144 17
3  570 1931 1719
3  227 1040 1041
3  1049 760 1045
3  1018 698 1038
3  1039 1027 785
3  1039 785 1040
3  1038 1039 1040
3  464 1572 1573
3  786 1027 1028
3  1028 1027 1026
3  36 1765 1514
3  335 1878 973
3  876 555 891
3  629 853 1712
3  852 853 629
3  1035 1078 1776
3  468 1031 1034
3  468 1025 1031
3  468 1036 1106
3  1034 1036 468
3  1801 1800 45
3  349 163 283
3  1038 698 1037
3  1038 1037 1039
3  1039 469 1027
3  698 1024 1037
3  698 1023 1024
3  763 1044 1043
3  763 1046 1044
3  1047 1052 509
3  1038 1040 227
3  1018 1038 227
3  1019 227 1042
3  1019 1018 227
3  1052 1051 509
3  1074 504 1073
3  1148 1079 306
3  797 1079 1148
3  971 335 972
3  971 972 1281
3  450 2004 1618
3  1002 1618 2004
3  1948 661 1720
3  1846 1847 58
3  1047 1046 1048
3  1047 509 1046
3  1289 1055 508
3  1052 765 1051
3  39 1047 1048
3  715 1872 563
3  450 1982 2004
3  2034 746 748
3  820 748 746
3  1050 1045 509
3  1050 509 1051
3  1059 1058 765
3  1053 508 1054
3  1053 1052 508
3  1965 1732 1733
3  646 1888 1889
3  1054 767 1053
3  765 1053 767
3  765 1052 1053
3  1076 766 987
3  1076 987 762
3  1071 505 1070
3  1057 1070 505
3  1289 1290 650
3  782 650 1290
3  1593 449 778
3  1056 1057 507
3  1904 394 1903
3  1992 682 1711
3  423 676 679
3  423 679 2030
3  505 725 1057
3  727 725 505
3  1057 725 726
3  1108 1072 504
3  1108 504 1107
3  1050 1051 1060
3  1050 759 1045
3  1050 1060 759
3  1060 1058 271
3  385 187 1950
3  1061 1062 759
3  758 1062 1061
3  271 764 1064
3  271 1064 1063
3  2026 706 1283
3  2026 1283 37
3  1065 1066 758
3  749 1066 1065
3  758 1067 1062
3  1174 309 639
3  748 633 810
3  748 810 1844
3  811 810 19
3  761 1068 1067
3  306 1079 1080
3  1628 879 873
3  798 1078 1035
3  1080 1079 798
3  141 278 640
3  1573 1030 464
3  569 150 1698
3  569 1698 570
3  229 1838 1837
3  750 751 1566
3  1289 650 1075
3  1073 1071 1070
3  1073 1070 292
3  1052 1047 508
3  35 1108 1107
3  1109 1108 35
3  641 1761 1762
3  1915 665 661
3  1082 1909 1083
3  1080 1909 1082
3  1806 1083 1084
3  241 1083 1806
3  625 1151 989
3  1318 1637 522
3  1635 522 1637
3  428 1356 1331
3  1085 1087 1084
3  1085 542 1087
3  557 535 351
3  557 351 1753
3  1356 276 1333
3  1544 1547 1546
3  1544 1546 1542
3  1544 546 1547
3  541 1091 1086
3  1338 96 1557
3  1338 1557 1558
3  1939 1253 1222
3  1087 542 1088
3  1725 656 111
3  1724 656 1725
3  1142 2021 1143
3  898 1972 897
3  1036 76 1077
3  1102 1036 1077
3  57 1556 96
3  1518 1610 1519
3  1518 34 1610
3  113 445 1897
3  1100 1095 566
3  1093 566 1095
3  1100 567 1095
3  1195 611 1756
3  1194 611 1195
3  797 1103 1102
3  1146 1103 797
3  1140 1086 1141
3  1096 1553 1554
3  1853 1852 5
3  1011 1536 1537
3  1933 1554 198
3  1690 243 1998
3  1514 1509 1508
3  1691 1690 800
3  1691 800 1801
3  300 140 114
3  1146 242 1103
3  1078 1077 76
3  1034 76 1036
3  1036 1102 467
3  1089 1968 232
3  1967 1968 1089
3  1477 992 1482
3  1477 1478 992
3  252 1106 1105
3  1107 504 1074
3  502 1107 1074
3  1112 466 1111
3  1110 1111 466
3  1163 1709 1152
3  6 1210 1423
3  1422 1423 1210
3  1932 17 1144
3  1932 1144 2017
3  1041 1110 784
3  258 1226 615
3  1893 258 615
3  1113 1114 787
3  263 787 1114
3  1104 467 1103
3  1104 1103 1574
3  1132 1614 1131
3  1112 1111 786
3  1113 1112 786
3  1027 786 1111
3  784 1110 466
3  200 1918 605
3  1112 1868 466
3  1112 787 1868
3  1113 787 1112
3  1306 720 1307
3  1306 1307 392
3  1085 1086 1140
3  542 1085 1140
3  1867 787 263
3  1867 1868 787
3  649 1868 1867
3  1903 394 1603
3  395 1903 1603
3  1120 1119 303
3  1120 1118 1119
3  121 317 1905
3  697 1118 1120
3  1120 1121 697
3  646 502 1888
3  1218 813 1223
3  652 1124 1123
3  652 1123 1121
3  1614 496 1391
3  21 550 933
3  697 1121 1125
3  697 1125 1139
3  1935 512 1936
3  1935 1936 670
3  1403 30 1911
3  1378 684 1328
3  1994 1328 684
3  30 1406 1407
3  1911 30 1407
3  196 1326 1325
3  1263 1151 1262
3  861 1262 1151
3  1945 710 327
3  14 327 710
3  711 713 1945
3  1917 1206 1624
3  1124 439 1126
3  1615 1474 204
3  1482 204 1474
3  1920 862 863
3  805 1219 626
3  315 134 316
3  1905 316 134
3  1948 660 1915
3  1948 1915 661
3  1306 1297 303
3  1306 392 1297
3  1326 685 1325
3  652 1136 1138
3  652 1122 1136
3  486 1304 1303
3  100 1303 1304
3  491 770 1408
3  491 1763 770
3  218 770 1763
3  1394 1763 491
3  2013 527 526
3  789 790 1942
3  789 15 790
3  1121 1122 652
3  1943 1128 1944
3  24 1270 1032
3  1094 1141 233
3  1094 1140 1141
3  542 1140 1094
3  1246 1245 546
3  476 1851 907
3  898 476 907
3  1154 1851 894
3  1154 894 556
3  1915 967 665
3  1099 1538 1010
3  1933 1150 1934
3  1304 1305 487
3  1346 487 1305
3  1153 1689 1186
3  1534 1012 1545
3  1181 873 879
3  797 1148 1146
3  1147 1148 306
3  1146 1148 1147
3  1441 353 1757
3  318 353 1441
3  1156 1155 47
3  1422 1210 693
3  1801 331 1800
3  2033 746 2034
3  1188 1189 718
3  1188 1193 1189
3  48 908 1359
3  1199 1211 1187
3  768 755 2023
3  768 2023 289
3  1235 1953 1236
3  850 1688 1992
3  1235 1688 1953
3  1992 1688 1235
3  1603 394 1196
3  681 1832 1833
3  1929 393 1901
3  922 1388 930
3  695 922 930
3  1022 1049 1172
3  1022 1172 1173
3  1600 2014 109
3  1178 1177 1152
3  1710 1159 900
3  1819 1874 1315
3  160 1315 1874
3  889 86 1605
3  1606 1605 86
3  1945 713 710
3  1892 1029 465
3  1892 465 1113
3  117 1575 1573
3  1179 609 1742
3  1022 1019 760
3  1019 699 1018
3  1022 1173 699
3  1022 699 1019
3  1109 1174 771
3  1109 205 1174
3  771 220 1072
3  258 771 1174
3  1089 1973 1093
3  1934 1089 1093
3  896 899 192
3  823 1787 1785
3  1710 565 1159
3  1630 1182 900
3  872 1181 879
3  872 879 1198
3  871 1198 585
3  1180 549 1181
3  563 1162 1200
3  1441 1757 354
3  1441 354 1447
3  1295 1850 1932
3  1190 1186 1187
3  718 1189 1191
3  1153 1186 1185
3  1153 1185 1175
3  1098 1608 1607
3  1425 423 681
3  890 550 1739
3  933 550 890
3  1742 177 1164
3  1689 1164 177
3  626 1219 1220
3  1185 1186 1190
3  1193 612 1189
3  1163 397 1162
3  1200 1162 397
3  1732 96 1733
3  1194 612 1193
3  362 383 405
3  734 1479 1773
3  1481 1479 734
3  1692 38 57
3  1692 1690 38
3  1149 57 38
3  177 1193 1188
3  177 1194 1193
3  1932 1850 17
3  1953 629 1236
3  1688 629 1953
3  718 1199 1187
3  1995 1343 64
3  1995 64 1613
3  990 1454 1452
3  383 384 405
3  406 405 53
3  1423 424 1424
3  197 1412 1413
3  197 1413 1416
3  34 1608 1609
3  1607 1608 34
3  1117 1116 1118
3  1232 305 1880
3  1232 1804 305
3  1882 1002 1515
3  1134 489 1605
3  1134 1605 1606
3  1145 543 2021
3  716 1207 1322
3  1323 716 1322
3  1203 1207 716
3  1205 716 1323
3  1322 1324 1208
3  1579 1580 412
3  1080 1081 1909
3  1752 1909 1081
3  1293 1292 1291
3  1293 1291 189
3  1752 1083 1909
3  1265 857 1257
3  1265 1257 1256
3  549 1182 1181
3  620 1223 815
3  1218 1223 620
3  1220 620 1778
3  1777 278 104
3  39 1048 2009
3  1810 159 1813
3  1268 1265 1266
3  1711 1244 547
3  874 875 348
3  1203 564 1207
3  1451 1476 990
3  735 1476 1451
3  1764 855 854
3  1208 1747 470
3  1100 1543 1009
3  1874 250 1600
3  1874 1600 188
3  780 180 953
3  1305 346 1347
3  1308 346 1305
3  1231 588 940
3  1231 940 433
3  905 348 906
3  1331 1330 684
3  1330 685 1327
3  1008 1546 1547
3  1008 1547 2010
3  779 1593 1592
3  857 1260 1257
3  861 1260 1262
3  1247 1144 1248
3  824 1246 1247
3  824 1247 1248
3  1548 1540 1011
3  1785 1221 819
3  1253 548 1251
3  630 1239 1240
3  1780 620 815
3  1781 1780 815
3  1253 1251 825
3  1275 825 1251
3  1223 813 814
3  1790 1223 814
3  35 1107 502
3  370 1808 1169
3  1781 1789 849
3  1141 1145 1142
3  1885 1132 495
3  789 1964 788
3  1388 373 930
3  932 930 373
3  1791 417 163
3  858 1268 1266
3  1249 1248 17
3  1491 738 1808
3  370 1491 1808
3  1033 1996 1776
3  824 1248 1249
3  1342 1341 737
3  1106 1818 468
3  815 1790 1789
3  815 1789 1781
3  1779 1778 620
3  1253 1254 1222
3  544 1540 1142
3  1262 1261 73
3  1021 1261 857
3  1260 857 1261
3  1123 1124 1910
3  54 1123 1910
3  858 1269 1033
3  1266 1269 858
3  1542 1541 544
3  1542 544 2017
3  1255 1256 1254
3  1032 858 1033
3  1260 861 1258
3  1256 826 1254
3  1257 1258 826
3  1257 826 1256
3  119 281 1924
3  720 1306 1119
3  720 1119 1576
3  1258 1259 826
3  1992 1235 682
3  1222 826 1259
3  1222 1254 826
3  699 989 1017
3  1263 1017 989
3  1017 1263 73
3  1020 1017 73
3  863 1264 1151
3  861 1151 1264
3  1144 1542 2017
3  895 907 1851
3  1352 1755 68
3  411 1577 1456
3  1265 1268 857
3  1021 857 1268
3  895 1851 1154
3  895 1154 1602
3  1941 1302 1299
3  391 1941 1299
3  321 80 322
3  1355 798 1035
3  1270 1268 858
3  1270 858 1032
3  1021 1268 1270
3  1271 24 1023
3  1271 1023 1020
3  1271 1020 1021
3  1270 1271 1021
3  1270 24 1271
3  544 1539 1540
3  1541 1539 544
3  1549 1191 1192
3  1249 17 1250
3  1249 1250 1275
3  696 1576 1119
3  696 1119 1118
3  366 1834 882
3  924 553 1834
3  1842 1843 811
3  1062 1278 759
3  1829 1277 1840
3  1829 1840 637
3  1463 1462 484
3  319 1462 1463
3  1879 588 157
3  157 349 186
3  25 1894 41
3  1227 706 2026
3  1227 2026 705
3  2009 1048 2003
3  2009 2003 783
3  189 1894 98
3  25 98 1894
3  707 1284 951
3  1281 972 1279
3  708 1279 972
3  1228 325 1284
3  1228 1284 706
3  484 1469 1468
3  484 1468 1467
3  627 1286 836
3  835 836 1286
3  1286 817 618
3  835 1286 618
3  1287 537 1281
3  508 1290 1289
3  1047 1290 508
3  1181 1182 873
3  77 1293 189
3  1973 232 1088
3  1089 232 1973
3  1532 1531 282
3  1895 282 1531
3  1091 1755 1294
3  1352 1294 1755
3  1353 1355 1035
3  358 99 51
3  651 1297 1298
3  651 1296 1297
3  1297 392 1298
3  1298 1301 1300
3  275 1732 1965
3  1298 392 1299
3  1298 1299 1301
3  1301 1302 1303
3  100 1301 1303
3  1306 303 1119
3  1302 1301 1299
3  1344 489 1345
3  2006 350 1993
3  2025 1993 350
3  1299 392 1310
3  1299 1310 391
3  1899 2006 753
3  1609 567 1009
3  1135 487 1348
3  1135 1304 487
3  1135 1348 1134
3  417 418 1966
3  553 914 881
3  1834 553 881
3  473 1312 221
3  44 1767 1768
3  1003 1771 1768
3  1767 1003 1768
3  36 1506 1504
3  1503 1504 1506
3  1610 1609 1009
3  1610 34 1609
3  1395 1394 1400
3  1680 1272 323
3  167 526 525
3  167 1320 526
3  167 371 1320
3  1207 1324 1322
3  1192 1324 1207
3  1638 1635 1637
3  499 1638 1637
3  1239 1387 1855
3  1656 1655 1319
3  1653 1319 1655
3  1320 1321 526
3  1320 372 1321
3  1578 779 1592
3  347 866 1822
3  865 1822 866
3  1987 999 1985
3  1960 817 1286
3  627 1960 1286
3  1205 1323 1209
3  195 1205 1209
3  1391 496 646
3  502 646 496
3  1324 196 1325
3  1192 196 1324
3  1324 1325 1208
3  480 1550 954
3  1957 506 616
3  571 1753 351
3  571 351 569
3  1995 1865 607
3  1995 607 1343
3  331 1734 1229
3  1098 1607 1514
3  1890 1075 650
3  1890 647 1075
3  2015 449 1594
3  2015 1594 1014
3  1189 613 1191
3  1189 1349 613
3  612 1349 1189
3  2009 1869 782
3  2009 783 1869
3  1194 177 1740
3  448 1901 1900
3  1903 1901 448
3  782 503 1890
3  650 782 1890
3  1770 1003 1898
3  1557 96 1556
3  734 1484 1483
3  605 1918 1952
3  605 1952 254
3  776 1591 402
3  776 402 2002
3  1590 998 1616
3  1350 1559 561
3  1454 1496 994
3  1452 1454 994
3  333 161 976
3  333 976 1839
3  1191 613 1192
3  1195 1196 1379
3  1195 1379 612
3  1335 1334 1341
3  1335 1333 1334
3  1335 685 1333
3  1335 1325 685
3  472 1325 1335
3  472 1335 1341
3  1996 1035 1776
3  1866 1639 499
3  1674 1673 1639
3  1674 1639 1866
3  225 1926 2
3  936 1234 419
3  1343 1234 936
3  607 1234 1343
3  607 255 1234
3  64 1343 936
3  64 936 938
3  1013 1615 204
3  160 1874 188
3  208 886 1344
3  208 1344 1346
3  208 1346 1347
3  1346 1344 1345
3  1347 1346 1305
3  1192 1373 196
3  1740 611 1194
3  573 1565 1562
3  171 1565 573
3  1522 331 1777
3  1522 1777 104
3  560 1350 352
3  560 352 557
3  557 352 558
3  373 1388 946
3  1388 923 946
3  1388 922 923
3  1354 1352 1353
3  1267 1354 859
3  1267 1252 1354
3  1563 1559 1350
3  1141 1086 1145
3  1353 68 1355
3  1352 68 1353
3  1033 1776 1775
3  426 1822 865
3  402 1364 1362
3  402 1362 1361
3  1371 1369 1527
3  1825 608 284
3  1361 530 1360
3  1603 1196 1569
3  577 438 1907
3  1362 1364 1363
3  1362 1363 531
3  1523 1529 1239
3  628 851 852
3  1809 1808 738
3  1956 429 1959
3  1956 1959 1558
3  1362 531 1365
3  1362 1365 1361
3  1587 1364 777
3  1587 777 1586
3  691 1617 1619
3  401 1366 1370
3  1237 687 1528
3  1370 687 1237
3  290 1510 1512
3  332 1875 333
3  332 333 124
3  1369 1367 1368
3  401 1370 1237
3  401 1237 1236
3  1371 687 1370
3  1371 1370 1366
3  1337 1338 1959
3  428 1338 1337
3  1363 1369 1371
3  1363 1371 531
3  1471 238 327
3  1837 327 238
3  982 983 398
3  1374 398 983
3  980 398 978
3  398 1374 979
3  398 979 978
3  1374 479 979
3  1373 1372 970
3  1373 613 1372
3  196 1373 970
3  1192 613 1373
3  960 959 479
3  751 960 479
3  1577 1627 779
3  1577 779 1578
3  779 1627 1594
3  1014 1594 1627
3  1487 1627 411
3  556 892 893
3  770 1936 512
3  770 218 1936
3  724 1774 2006
3  753 2006 1774
3  1957 599 601
3  1957 601 506
3  1291 2032 41
3  1810 1811 389
3  46 1812 1351
3  352 1814 558
3  1351 1814 352
3  1524 689 1385
3  1524 1385 631
3  1440 1441 1447
3  1402 494 1404
3  678 423 1425
3  717 1187 1211
3  1417 1422 1421
3  232 1796 1088
3  550 2032 92
3  550 92 1739
3  1411 1409 1403
3  1415 425 1420
3  46 1351 1937
3  1394 492 1392
3  1489 993 1486
3  1749 131 1912
3  1744 131 1749
3  221 1772 188
3  221 188 42
3  1624 1622 1623
3  1397 1395 1398
3  1129 1130 1907
3  438 1129 1907
3  1213 1209 1912
3  30 1405 1406
3  491 1408 1405
3  1749 1912 1212
3  493 1400 1401
3  493 1401 1402
3  1793 324 1408
3  1793 1408 770
3  1695 1130 1943
3  493 1395 1400
3  493 1402 1404
3  660 659 1954
3  783 784 466
3  783 466 1869
3  1404 1412 493
3  1414 1413 1404
3  677 1413 1414
3  1417 424 1422
3  1291 92 2032
3  1292 92 1291
3  1416 677 1418
3  1650 519 1651
3  1409 1415 494
3  1403 1409 494
3  590 940 1848
3  1421 1422 693
3  1412 1404 1413
3  1436 1437 1431
3  1421 693 1426
3  678 1418 1419
3  678 1419 676
3  681 1424 1425
3  2032 917 41
3  929 41 917
3  494 1415 1414
3  1420 1414 1415
3  677 1420 1419
3  677 1414 1420
3  1847 590 1848
3  1846 590 1847
3  1847 1848 591
3  1963 856 850
3  1651 1652 22
3  1650 1651 22
3  1488 735 1445
3  1476 735 1488
3  1422 424 1423
3  1399 1216 1389
3  1484 1445 471
3  1083 541 1084
3  1752 541 1083
3  668 869 905
3  1446 1389 1432
3  1446 1432 581
3  1426 1427 1215
3  1428 1215 1427
3  577 1907 190
3  577 190 1293
3  1907 1130 190
3  1434 1435 582
3  1794 1793 770
3  372 106 1285
3  372 1924 106
3  645 535 558
3  1618 690 1619
3  1618 1619 1617
3  975 389 974
3  1811 974 389
3  1598 1597 1745
3  1598 1745 732
3  1429 1430 1428
3  1429 1216 1430
3  1626 983 574
3  1626 1374 983
3  1428 1430 1215
3  1926 49 781
3  472 1751 1325
3  390 105 1941
3  391 390 1941
3  1427 1214 1434
3  1993 764 767
3  1059 767 764
3  1419 2031 676
3  28 1393 1399
3  2020 1820 1096
3  1097 1820 2020
3  1393 28 1448
3  1447 1448 28
3  1446 1440 28
3  1389 28 1399
3  1389 1446 28
3  1985 996 1987
3  2000 1987 996
3  1447 28 1440
3  1597 471 1745
3  798 1081 1080
3  45 1101 1693
3  1798 1101 45
3  1451 990 1452
3  1451 1452 736
3  1751 1750 1208
3  994 1455 1453
3  1456 1455 994
3  763 784 2003
3  763 2003 1048
3  1610 1009 1759
3  1006 1610 1759
3  1544 1542 1144
3  1759 1009 1543
3  1759 1543 545
3  1081 1754 1752
3  68 1754 1081
3  876 1913 875
3  1541 1545 1012
3  15 1730 1729
3  1499 711 1500
3  1376 1937 561
3  1437 1443 1433
3  1865 147 606
3  1455 1457 410
3  1455 1456 1457
3  1826 1395 1397
3  436 147 1865
3  653 147 436
3  1497 1492 145
3  1452 994 1453
3  353 318 578
3  353 578 1466
3  1469 102 1468
3  1471 237 102
3  236 102 237
3  356 1949 1983
3  1463 1465 319
3  1465 317 1466
3  319 1466 578
3  1465 1466 319
3  1467 1463 484
3  127 1463 1467
3  127 1465 1463
3  1411 1317 1659
3  1592 1593 16
3  1826 1396 492
3  870 427 1825
3  870 347 427
3  1583 1582 1581
3  1583 1581 16
3  197 1416 1417
3  990 1472 1454
3  1526 688 1528
3  1641 1643 244
3  1477 580 1478
3  319 578 1464
3  319 1464 1461
3  1473 1472 991
3  1461 1460 1462
3  319 1461 1462
3  990 1475 1472
3  1662 1661 5
3  673 1662 5
3  990 1476 1475
3  1475 1476 580
3  735 1449 1445
3  1170 1480 993
3  1489 1170 993
3  1502 638 1494
3  638 1987 2000
3  1598 1342 733
3  1170 1489 1494
3  995 1494 1489
3  317 316 1905
3  1499 1500 1285
3  1499 1285 106
3  1482 1474 991
3  733 1483 1484
3  1754 1755 1091
3  68 1755 1754
3  688 1523 1238
3  583 1433 1443
3  1480 1479 993
3  1597 1598 733
3  1486 1481 1483
3  145 1486 1483
3  1336 1493 1334
3  1336 738 1493
3  737 1497 1498
3  1460 1453 203
3  1490 1486 145
3  1359 191 1358
3  1359 1602 191
3  993 1479 1481
3  1486 993 1481
3  1487 1473 1474
3  737 1493 1497
3  1367 532 1589
3  1589 1616 691
3  1484 1488 1445
3  1584 776 527
3  776 1582 1591
3  1866 499 1317
3  1998 1340 641
3  995 1489 1490
3  776 2002 529
3  1978 776 529
3  1498 145 1483
3  1498 1483 733
3  1497 145 1498
3  42 188 185
3  1247 546 1544
3  1247 1544 1144
3  1734 800 1998
3  1517 148 1368
3  1517 1368 690
3  290 1512 1513
3  1496 1456 994
3  1472 1496 1454
3  1589 691 1367
3  1587 778 1588
3  778 1587 1586
3  1472 1473 1496
3  370 1770 1769
3  1155 1154 556
3  1602 1154 1155
3  426 427 1822
3  580 1476 1773
3  2007 1828 637
3  754 1828 2007
3  543 1951 2021
3  1098 1766 1097
3  1098 1097 1608
3  691 1619 1368
3  1512 1509 1518
3  1512 1518 1005
3  1507 1506 1508
3  1646 1863 1650
3  22 1646 1650
3  1518 1519 1005
3  1510 1004 1512
3  1650 1667 519
3  699 1017 1018
3  1883 1018 1017
3  1756 611 719
3  610 1756 719
3  1667 520 1668
3  1513 1512 1005
3  1517 690 1516
3  1517 1516 689
3  36 1514 1508
3  1650 1863 520
3  1650 520 1667
3  1515 1511 1510
3  1515 1002 1511
3  1510 290 1515
3  1989 1149 198
3  1989 198 1556
3  34 1518 1509
3  1619 690 1368
3  1008 1545 1546
3  783 2003 784
3  253 99 358
3  1007 1520 1521
3  1007 1386 1520
3  263 1114 1116
3  1804 1232 1082
3  306 1082 1232
3  819 1221 1220
3  819 1220 1778
3  388 1384 1713
3  388 1713 2005
3  22 356 1649
3  22 1649 1646
3  1525 1517 689
3  148 1517 1525
3  1856 988 762
3  631 1387 1529
3  531 1371 1366
3  1524 631 1523
3  1529 1523 631
3  559 1811 1810
3  670 1906 1935
3  1530 389 1384
3  755 72 1817
3  1811 1812 974
3  46 974 1812
3  388 1530 1384
3  388 1531 1530
3  1896 1100 566
3  714 643 1532
3  1521 545 1533
3  233 1141 1142
3  1548 233 1142
3  1533 1536 1012
3  372 371 119
3  372 119 1924
3  1386 1007 1387
3  631 1386 1387
3  1533 545 1536
3  1539 1011 1540
3  987 625 1856
3  987 1856 762
3  1321 285 2013
3  1321 2013 526
3  1199 1191 1549
3  791 2018 1671
3  501 35 502
3  1536 1011 1539
3  1006 1519 1610
3  1117 697 1139
3  1117 1139 1611
3  790 2018 1942
3  1756 396 1195
3  1856 989 988
3  625 989 1856
3  1100 1010 1543
3  1537 1543 1010
3  1537 1536 545
3  1537 545 1543
3  335 975 1878
3  1187 1186 718
3  1548 1142 1540
3  1545 1541 1542
3  1547 546 1242
3  1211 1199 564
3  1549 564 1199
3  1552 663 1553
3  44 1316 1552
3  1774 724 1821
3  1553 663 1555
3  723 1821 726
3  724 726 1821
3  1364 402 1591
3  1970 1464 578
3  1555 198 1554
3  1553 1555 1554
3  1555 1557 1556
3  1555 1556 198
3  1558 1557 663
3  1555 663 1557
3  1255 246 1256
3  1255 1571 246
3  562 1560 1559
3  1376 1567 446
3  1376 561 1567
3  985 1700 446
3  985 446 1567
3  562 1561 1560
3  201 982 984
3  562 1562 1561
3  171 1566 1565
3  1563 122 1564
3  122 573 1564
3  573 1562 1564
3  1564 1562 562
3  1563 1564 562
3  411 1627 1577
3  574 983 1568
3  1566 574 1565
3  1565 574 1562
3  1568 1562 574
3  1728 1243 1244
3  1221 1939 1224
3  1255 1254 825
3  825 1274 1255
3  1571 1255 1274
3  1275 1250 1274
3  1275 1274 825
3  1997 1768 1169
3  1997 1316 1768
3  1997 429 1956
3  1316 1997 1956
3  246 1571 1267
3  246 1267 1266
3  1266 1267 1269
3  1030 1575 1576
3  1030 1573 1575
3  1575 720 1576
3  463 117 1573
3  1576 1115 1030
3  1114 465 1115
3  1114 1115 1116
3  1576 696 1115
3  1116 1115 696
3  696 1118 1116
3  4 436 434
3  1612 434 436
3  589 436 4
3  1501 712 1500
3  1581 1579 16
3  1581 1580 1579
3  1584 285 1585
3  1285 1585 285
3  1597 733 1484
3  1584 528 1582
3  1584 1585 528
3  1581 1582 528
3  1285 712 1585
3  1285 1500 712
3  1586 777 1583
3  1586 1583 16
3  532 1587 1588
3  1589 532 1588
3  1839 538 333
3  1981 1980 997
3  1981 998 1980
3  1588 1590 1589
3  1471 1469 238
3  1592 16 1579
3  1837 1836 229
3  237 1471 327
3  575 109 1852
3  2014 1852 109
3  1615 1013 2015
3  1615 2015 1014
3  528 1596 1580
3  1585 1596 528
3  712 1596 1585
3  1484 471 1597
3  1016 1866 1317
3  1016 1317 1988
3  1745 731 1746
3  1743 731 1745
3  1503 1599 638
3  1875 161 333
3  1491 1601 995
3  1491 995 1490
3  992 1478 1480
3  1495 1494 995
3  1495 995 1601
3  1819 250 1874
3  1599 1511 999
3  2004 999 1511
3  465 1029 1947
3  876 891 1919
3  1774 1821 180
3  1774 180 780
3  1117 1118 697
3  263 1116 1117
3  263 1117 1611
3  648 1870 752
3  648 752 586
3  586 752 1611
3  1611 1139 586
3  164 430 434
3  164 434 1612
3  431 430 164
3  1983 1949 251
3  422 1620 1424
3  422 1424 681
3  1883 1020 698
3  1883 698 1018
3  1201 563 1200
3  1423 1424 1620
3  1423 1620 6
3  1620 1621 1622
3  1937 1350 561
3  422 1621 1620
3  1622 421 1623
3  1206 6 1624
3  1622 6 1620
3  6 1622 1624
3  435 1995 1613
3  435 1613 1612
3  1758 1906 670
3  1758 121 1906
3  196 970 1873
3  196 1873 1326
3  197 1421 1625
3  1625 1421 1426
3  1397 1430 1216
3  1398 1430 1397
3  1215 1430 1398
3  1215 1398 1625
3  1625 1426 1215
3  197 1625 1398
3  1626 574 1566
3  751 1626 1566
3  1374 1626 479
3  751 479 1626
3  897 1972 901
3  897 901 475
3  1433 1631 1438
3  897 475 899
3  896 897 899
3  1433 583 1631
3  1668 1670 1669
3  2029 23 457
3  2029 457 369
3  1739 1738 551
3  1233 1640 387
3  1658 181 1659
3  1411 1659 181
3  1636 1635 1638
3  1233 1632 1640
3  1233 40 1632
3  1632 521 1640
3  792 1636 1639
3  1673 792 1639
3  1686 1642 591
3  1647 591 1642
3  1738 92 1292
3  1739 92 1738
3  1796 540 1087
3  1796 1087 1088
3  428 1965 1733
3  1805 1522 305
3  1410 1657 674
3  1849 591 1648
3  1646 244 1644
3  1646 1648 244
3  1711 1963 850
3  1711 547 1963
3  1649 1849 1648
3  58 1849 1649
3  243 1718 1340
3  1999 1480 1170
3  992 1480 1999
3  1657 181 1658
3  1672 1670 520
3  1668 520 1670
3  1665 1664 519
3  1665 15 1664
3  1666 519 1667
3  1666 1667 1668
3  1090 1968 1967
3  1660 1319 1654
3  1661 1660 1654
3  1614 1132 496
3  1885 496 1132
3  1657 1319 1660
3  1854 1853 1654
3  1854 1654 1653
3  674 1660 1661
3  1657 1660 674
3  1318 522 1655
3  1656 1318 1655
3  1656 1658 1318
3  1868 1869 466
3  2021 1951 1143
3  1651 519 1664
3  1651 1664 518
3  1658 1659 1318
3  1661 1662 674
3  673 675 1662
3  1800 331 1522
3  1805 1799 1522
3  1805 539 1799
3  1645 1672 1644
3  1645 1644 1643
3  354 1448 1447
3  354 2019 1448
3  1666 1665 519
3  1670 59 1636
3  1635 1636 59
3  1677 1015 1675
3  86 1128 1606
3  1944 1128 86
3  796 791 1671
3  645 159 1864
3  1672 59 1670
3  1213 1912 131
3  752 1867 263
3  752 263 1611
3  1793 1794 103
3  1793 103 1792
3  1678 1679 1015
3  1678 1015 1677
3  1015 1679 1681
3  1680 1681 1679
3  1167 149 1978
3  1167 1978 529
3  1407 497 1679
3  1407 1406 497
3  1407 1679 1678
3  1015 1681 1675
3  1956 1558 663
3  1676 1976 307
3  1676 307 1675
3  794 1676 1682
3  1976 1676 794
3  1681 1676 1675
3  1682 1676 323
3  1681 323 1676
3  1685 387 1684
3  1233 1685 187
3  1233 387 1685
3  88 940 588
3  1847 591 1849
3  58 1847 1849
3  1934 1093 133
3  1689 1153 1164
3  1176 1164 1153
3  177 1188 1689
3  641 1340 1761
3  1806 1803 241
3  1870 1969 503
3  1969 1889 503
3  646 1889 1969
3  1694 242 1147
3  1146 1147 242
3  1147 636 635
3  1694 1147 635
3  1574 1694 304
3  540 1802 1806
3  540 1806 1084
3  18 200 184
3  1918 200 18
3  1943 1944 551
3  1696 385 186
3  1696 575 385
3  125 1696 186
3  1696 109 575
3  125 109 1696
3  1339 1718 275
3  1339 275 1332
3  984 982 444
3  984 444 1699
3  984 1699 1700
3  985 984 1700
3  201 984 985
3  201 1561 1568
3  201 985 1561
3  168 1715 1717
3  1274 1250 2027
3  1571 1274 2027
3  709 1704 37
3  709 1703 1704
3  1714 1715 604
3  709 1707 703
3  709 703 1703
3  1703 703 1702
3  1708 1513 1005
3  1519 1006 1520
3  1519 1520 1708
3  1519 1708 1005
3  1523 1239 1238
3  1541 1012 1539
3  48 1831 1830
3  565 1709 1163
3  191 1602 1155
3  1854 576 1853
3  40 576 1854
3  1710 1178 1709
3  1528 688 1238
3  1130 1128 1943
3  1695 551 1738
3  1695 1943 551
3  15 1729 514
3  1703 1702 704
3  1714 1729 515
3  1730 515 1729
3  789 515 1730
3  1922 131 1923
3  1923 131 1744
3  1923 1744 1435
3  1294 1295 1951
3  1294 1951 543
3  1569 1196 396
3  1930 1126 1857
3  495 1930 1857
3  243 1692 1718
3  1690 1692 243
3  750 171 1721
3  1566 171 750
3  1724 1725 337
3  572 1719 1722
3  572 1722 573
3  830 330 832
3  330 1723 833
3  832 330 833
3  337 833 1723
3  337 834 833
3  830 831 330
3  682 1728 1711
3  682 1243 1728
3  1731 275 1718
3  1692 1731 1718
3  2030 680 423
3  681 423 680
3  834 1727 842
3  329 842 1727
3  692 1727 111
3  329 1727 692
3  721 417 1966
3  1990 219 287
3  1990 287 95
3  1870 648 1969
3  1391 1969 648
3  646 1969 1391
3  1482 992 1485
3  345 219 1990
3  1731 1732 275
3  420 108 721
3  420 721 1966
3  1735 1222 1259
3  1221 1224 626
3  1224 1735 1736
3  1224 1736 626
3  1695 1738 1292
3  1760 1761 1380
3  1760 279 1761
3  1747 732 1746
3  1740 177 1742
3  560 122 1563
3  1753 122 560
3  1740 1742 1741
3  1740 1741 611
3  560 557 1753
3  584 1443 1437
3  1444 1443 584
3  1444 584 1743
3  1444 1743 1745
3  732 1745 1746
3  1435 1743 584
3  798 1355 1081
3  559 1810 1813
3  1748 1746 731
3  1747 1746 1748
3  470 1747 1748
3  541 1752 1091
3  1521 1759 545
3  880 348 875
3  1913 880 875
3  1916 1123 54
3  1916 1125 1123
3  1131 1916 54
3  1131 1125 1916
3  1571 2027 1252
3  946 923 101
3  1921 101 923
3  1748 731 1749
3  1748 1749 1212
3  1744 1749 731
3  1521 1006 1759
3  1521 1520 1006
3  1534 2010 1535
3  641 1762 1734
3  927 254 1952
3  250 1819 1382
3  585 878 874
3  393 279 1760
3  393 1760 447
3  1380 447 1760
3  1762 1229 1734
3  1762 640 1229
3  1502 1503 638
3  332 124 264
3  370 1771 1770
3  1771 370 1169
3  1001 1504 1503
3  1502 1001 1503
3  1769 1001 1502
3  1001 1769 1770
3  1773 1476 1488
3  753 1774 780
3  1799 1800 1522
3  1229 278 1777
3  1229 1777 331
3  1791 587 937
3  1782 1778 1779
3  1781 849 547
3  824 1251 1787
3  1788 1244 683
3  847 628 848
3  1790 619 1789
3  1783 1782 816
3  1783 816 1788
3  1782 1783 1784
3  1782 1784 819
3  275 1965 1332
3  848 849 619
3  1789 619 849
3  547 1786 1781
3  816 1786 1788
3  547 1244 1786
3  1788 1786 1244
3  1964 1227 788
3  516 1227 1964
3  935 934 144
3  934 418 144
3  144 418 417
3  144 417 1791
3  144 937 935
3  1791 937 144
3  1250 17 1850
3  324 1793 1792
3  860 1850 1295
3  1795 425 1415
3  1663 425 1795
3  1410 1795 1415
3  1795 1410 674
3  1663 1795 674
3  1797 540 1796
3  1802 540 1797
3  232 1797 1796
3  1798 539 1797
3  1802 1797 539
3  683 1245 1807
3  305 1804 1805
3  1803 1805 1804
3  1802 539 1803
3  1802 1803 1806
3  1807 1784 1783
3  823 1784 1807
3  1246 823 1807
3  683 1783 1788
3  683 1807 1783
3  1929 1570 53
3  644 643 159
3  644 159 1810
3  1960 847 848
3  627 847 1960
3  1336 1809 738
3  1337 1809 1336
3  243 1340 1998
3  644 1532 643
3  1532 644 1531
3  1530 1531 644
3  389 1530 644
3  389 644 1810
3  1814 1813 558
3  559 1813 1814
3  973 974 46
3  1010 1100 1896
3  1384 975 161
3  747 2033 2034
3  747 2034 1815
3  7 1381 1383
3  1855 1387 1007
3  1455 1824 1453
3  203 1453 1824
3  1824 410 1470
3  203 1824 1470
3  1824 1455 410
3  678 1417 1418
3  1217 1442 693
3  1217 693 1827
3  1210 1206 1827
3  1210 1827 693
3  195 1827 1206
3  195 1206 1205
3  1817 1828 755
3  1817 667 1828
3  1276 748 1844
3  1276 1844 1843
3  757 1064 2008
3  1063 1064 757
3  908 158 907
3  907 158 898
3  1314 908 48
3  1314 48 1830
3  1315 1314 1830
3  160 1314 1315
3  326 1315 1830
3  679 2031 675
3  675 2031 1663
3  882 1834 881
3  975 976 161
3  1457 1835 410
3  1838 327 1837
3  229 1501 1838
3  1501 1500 711
3  1501 711 1838
3  484 1470 1469
3  238 1469 1470
3  1836 238 1470
3  1836 1470 410
3  948 538 537
3  971 538 1839
3  537 538 971
3  971 1839 335
3  537 971 1281
3  1065 757 1840
3  1063 757 1065
3  758 1063 1065
3  1841 1840 1277
3  749 1065 1840
3  1841 749 1840
3  1984 1748 1212
3  1276 1841 1277
3  1276 1277 270
3  1644 244 1643
3  1648 591 1647
3  1648 1647 244
3  579 1464 1970
3  856 628 852
3  2015 1979 449
3  5 672 673
3  1852 672 5
3  40 1854 1653
3  1855 1007 1535
3  1012 1536 1539
3  1661 1654 5
3  1853 5 1654
3  1653 1654 1319
3  1858 1857 438
3  495 1857 1858
3  311 205 500
3  1886 98 358
3  219 1886 358
3  1698 658 1931
3  150 658 1698
3  570 1698 1931
3  640 1861 384
3  77 320 437
3  437 320 311
3  8 311 500
3  1859 8 500
3  640 1762 1861
3  1858 1859 495
3  1385 689 1862
3  1862 1516 290
3  1862 689 1516
3  1862 290 1513
3  1862 1513 1385
3  1865 606 607
3  272 1719 1931
3  272 1720 1719
3  1870 649 1867
3  1870 1867 752
3  647 1890 1889
3  503 1889 1890
3  503 1871 1870
3  503 782 1871
3  1871 649 1870
3  1871 782 649
3  1000 1511 1599
3  1002 2004 1511
3  1947 1029 464
3  1947 464 1030
3  1988 1678 1677
3  240 1881 664
3  1881 305 1522
3  305 1881 1880
3  240 636 1880
3  1881 240 1880
3  1020 1883 1017
3  1243 682 1241
3  1884 1243 1241
3  1240 1241 682
3  1884 1245 1243
3  1239 1855 291
3  291 1855 1535
3  1884 1241 1242
3  291 1242 1241
3  1240 291 1241
3  1240 1239 291
3  501 1885 1859
3  501 1859 500
3  501 500 35
3  366 883 1991
3  853 130 854
3  852 130 853
3  1623 1891 1161
3  1887 98 1886
3  189 98 1887
3  902 1991 883
3  902 884 1991
3  1156 47 1891
3  1160 565 1162
3  1901 393 447
3  1204 1872 715
3  1204 1917 1872
3  1893 615 616
3  1893 616 220
3  1623 421 1891
3  47 1159 1160
3  1161 47 1160
3  1161 1891 47
3  1003 1505 1898
3  1765 36 1505
3  36 1504 1505
3  1898 1505 1504
3  1898 1504 1001
3  1898 1001 1770
3  1840 757 2008
3  1329 1900 1328
3  1329 448 1900
3  402 1361 1360
3  2002 402 1360
3  884 902 1921
3  101 1921 902
3  1000 1503 1506
3  1339 136 1340
3  1901 1903 395
3  859 1354 1353
3  859 1353 1996
3  1269 1267 859
3  1269 859 1996
3  1269 1996 1033
3  670 1936 218
3  514 1908 1687
3  518 1687 1908
3  272 1931 659
3  272 659 660
3  1931 658 659
3  1403 1911 1411
3  1317 1411 498
3  1911 498 1411
3  1392 1763 1394
3  554 880 1913
3  914 775 880
3  877 904 554
3  1913 876 554
3  877 554 876
3  871 585 869
3  1205 1917 1204
3  1198 879 585
3  877 876 1919
3  549 1178 1182
3  872 1198 1197
3  681 680 1832
3  1213 1922 1217
3  1922 1214 1217
3  322 80 1940
3  322 1940 1272
3  1940 80 949
3  1272 1940 949
3  790 15 1665
3  1448 671 1393
3  1448 2019 671
3  1392 1393 671
3  670 218 671
3  670 671 2019
3  1392 671 218
3  86 890 1944
3  889 890 86
3  1838 711 1945
3  1133 1946 1127
3  1128 1946 1133
3  1982 999 2004
3  272 1948 1720
3  272 660 1948
3  791 1942 2018
3  1143 1951 1932
3  1295 1932 1951
3  969 228 1954
3  1915 1954 228
3  1915 228 967
3  660 1954 1915
3  969 1954 662
3  405 384 53
3  1957 616 415
3  1957 415 599
3  428 1337 1356
3  1971 1631 583
3  318 1439 579
3  318 579 1970
3  1101 232 1968
3  1090 1101 1968
3  164 1961 431
3  1613 1961 164
3  1613 432 1961
3  940 1962 432
3  590 1962 940
3  1961 432 1962
3  431 1961 1962
3  1962 590 1846
3  431 1962 1846
3  474 1972 898
3  474 898 1311
3  474 1311 947
3  474 901 1972
3  1090 1974 1693
3  1974 38 1693
3  1974 1149 38
3  1090 1149 1974
3  1975 796 1976
3  793 796 1975
3  796 792 1673
3  1976 796 1673
3  1671 792 796
3  1976 794 1975
3  1977 1975 794
3  1683 1977 794
3  325 1977 1683
3  1980 1013 997
3  334 2005 1713
3  1485 1986 204
3  862 2016 1737
3  1981 450 1617
3  1616 1981 1617
3  998 1981 1616
3  1737 2016 805
3  1737 805 626
3  827 805 2016
3  997 1982 1981
3  1982 450 1981
3  1983 62 1845
3  1983 1845 356
3  1912 1984 1212
3  1209 1984 1912
3  1209 470 1984
3  1016 1988 1677
3  997 1985 1982
3  999 1982 1985
3  1713 1384 161
3  1317 498 1988
3  1828 2023 755
3  885 1991 884
3  366 1991 885
3  850 1992 1711
3  1057 726 507
3  726 1357 507
3  1993 507 1357
3  1993 767 507
3  1059 765 767
3  726 724 1357
3  970 1904 1873
3  1327 1994 684
3  1330 1327 684
3  1329 1994 1327
3  1326 1329 1327
3  1326 1873 1329
3  1873 448 1329
3  1329 1328 1994
3  1996 1353 1035
3  1571 1252 1267
3  1997 1169 1808
3  1997 1808 1809
3  429 1997 1809
3  1690 1998 800
3  1999 1170 2000
3  996 1999 2000
3  1485 1999 996
3  992 1999 1485
3  1986 1985 997
3  1986 996 1985
3  1485 996 1986
3  2001 1333 276
3  1334 1333 2001
3  1336 2001 276
3  1336 1334 2001
3  1895 14 710
3  1895 2005 14
3  388 2005 1895
3  388 1895 1531
3  14 2005 334
3  769 14 334
3  769 334 135
3  135 334 332
3  332 334 1875
3  135 332 264
3  291 2010 1242
3  1535 2010 291
3  1354 1252 2027
3  2011 1227 705
3  788 1227 2011
3  1354 860 1352
3  1354 2027 860
3  1717 788 2011
3  168 1717 2011
3  705 2012 2011
3  2011 2012 168
3  1850 860 2027
3  1850 2027 1250
3  704 2012 1704
3  1703 704 1704
3  827 2016 624
3  986 1920 863
3  624 1920 986
3  1932 2017 1143
3  790 1666 2018
3  790 1665 1666
3  1671 2018 517
3  670 2019 1758
3  1758 1757 121
3  1758 2019 354
3  1758 354 1757
3  1608 2020 567
3  1097 2020 1608
3  1145 2021 1142
3  1921 2022 884
3  1921 367 2022
3  884 2022 885
3  2023 1828 754
3  1308 486 2024
3  207 1308 2024
3  207 1309 1308
3  207 2024 404
3  1302 2024 1303
3  486 1303 2024
3  1899 2025 350
3  1899 350 2006
3  2026 1704 705
3  37 1704 2026
3  1942 2028 516
3  791 2028 1942
3  1228 2028 793
3  516 2028 1228
3  1908 2029 369
3  1908 514 2029
3  23 2029 1714
3  514 1714 2029
3  492 1393 1392
3  492 1396 1393
3  1393 1396 1399
3  679 1383 2030
3  7 1383 679

