4441
-0.276712 -0.917461 -0.285823
0.027588 0.555355 0.831156
0.531157 0.560745 -0.635167
0.898927 0.326611 -0.291986
0.482044 0.777588 -0.403720
-0.329683 0.919287 -0.214989
-0.225312 0.611086 0.758820
-0.361967 0.929228 0.074269
0.841405 0.540231 0.013679
0.610719 0.285427 -0.738616
0.798815 0.580429 -0.158104
0.816007 0.555746 -0.158994
-0.262815 -0.897395 -0.354415
0.695557 0.675662 -0.244296
0.393099 -0.823000 -0.410054
0.159734 0.472639 -0.866659
0.717437 -0.663609 0.211914
0.959800 -0.012697 0.280398
0.650246 0.737038 -0.184268
0.997718 0.056040 -0.037664
0.700151 0.690263 -0.182553
0.608301 0.784264 0.122064
0.080016 0.705986 -0.703691
0.458918 0.394490 -0.796098
0.966632 0.182754 0.179509
0.678546 0.733307 -0.042849
0.527925 0.682037 -0.506084
0.950309 0.003567 -0.311289
-0.753286 -0.481489 0.448027
-0.181263 0.902400 0.390919
-0.935856 0.149041 -0.319314
0.556104 0.719277 -0.416400
0.938926 0.014984 -0.343794
0.472789 0.714055 -0.516329
0.837206 -0.184213 0.514929
0.883819 0.466186 -0.039179
0.768818 -0.262994 0.582884
0.370674 -0.038553 -0.927963
0.798070 0.091360 0.595598
0.953383 0.301048 0.020753
-0.258607 0.860774 -0.438396
0.671938 0.740581 0.006320
0.042423 0.997815 -0.050647
0.815704 0.310919 -0.487807
0.769601 -0.143476 0.622197
0.820426 0.166638 0.546930
0.641861 -0.304162 -0.703917
0.270874 0.698285 0.662590
-0.098332 0.951695 0.290874
0.480713 0.668967 -0.566920
0.694197 0.555150 -0.458148
0.670200 0.724296 -0.161950
0.813758 0.514284 -0.270758
0.675979 0.362923 0.641357
0.856111 0.507107 0.099582
0.787987 0.330653 -0.519370
0.801052 0.570877 -0.180042
0.779337 0.049223 0.624669
0.143227 0.820151 -0.553930
-0.215937 0.681248 -0.699480
0.807310 0.382271 0.449576
0.713733 0.590731 -0.376327
0.333278 0.767483 -0.547628
0.887572 -0.386582 -0.250539
0.356211 0.893644 -0.272972
0.863562 0.267139 -0.427664
-0.147198 -0.726038 0.671715
0.692419 0.560490 -0.454320
0.939274 0.096361 0.329361
0.745012 0.633405 -0.209176
0.724729 0.431804 -0.536948
0.681046 0.560261 -0.471470
0.968859 0.056735 -0.241026
0.984070 0.127223 0.124183
0.616227 0.602637 -0.507043
0.422362 0.742696 -0.519628
0.944638 0.188291 0.268712
0.772708 0.633391 -0.041692
0.821226 0.342262 -0.456558
0.994380 0.034165 0.100206
-0.382324 -0.413260 -0.826465
0.890424 -0.396132 -0.224107
0.975377 -0.117969 -0.186340
0.705700 0.608768 -0.362477
0.680499 0.480168 -0.553498
0.703549 0.516757 -0.487833
0.720891 0.656136 0.223163
0.814080 0.379847 0.439306
0.117274 0.922477 -0.367808
0.719175 0.380860 -0.581147
0.612077 0.708471 -0.351326
0.052148 0.996049 -0.071888
0.692650 0.718519 0.062980
0.703061 0.664214 -0.254017
0.733718 0.626919 -0.261974
0.790665 0.600330 -0.120221
0.766583 0.006074 0.642117
0.625191 0.560183 -0.543443
0.695804 0.713441 -0.082815
0.634602 0.760807 -0.135842
0.987948 -0.120021 0.097743
-0.445294 0.397933 -0.802099
0.478255 -0.826311 -0.297458
0.791995 0.606483 -0.070157
0.995204 0.039172 -0.089639
0.475615 0.103722 -0.873517
0.409766 0.310950 -0.857556
0.936397 0.309306 -0.165800
0.589104 0.788396 -0.177168
0.623155 0.781036 -0.040756
0.667735 0.519376 -0.533272
0.691438 0.646094 0.323226
0.812974 0.495050 -0.306592
0.899795 0.410265 0.148495
0.717639 0.573913 -0.394483
0.682906 -0.383313 -0.621861
0.208598 0.623547 -0.753442
-0.521548 0.850668 0.065973
-0.031046 0.351185 -0.935791
-0.681448 0.624974 0.380836
0.051804 0.912552 0.405666
0.848583 0.464450 -0.253363
0.577178 0.816353 -0.020813
0.665652 0.717890 0.203819
-0.376015 0.554200 0.742614
0.854460 0.046505 0.517432
0.988819 0.104262 0.106614
0.676318 0.556533 -0.482561
0.871782 -0.374529 0.315792
0.368891 0.927837 -0.055124
0.684920 0.430095 0.588136
0.906495 0.417753 0.061238
0.689483 0.631345 -0.354989
0.644563 0.718104 -0.262423
0.868567 0.141989 -0.474796
-0.361522 0.720267 0.592045
0.106840 0.901439 -0.419515
0.971037 0.111541 0.211293
0.921244 0.111590 -0.372635
0.000000 0.000000 1.000000
0.704945 0.709112 0.014614
0.026106 0.996843 0.074979
0.538051 0.556585 -0.633019
0.628105 0.722184 -0.289714
0.933493 0.100809 -0.344135
0.595628 0.506973 0.623061
0.436594 0.146152 -0.887708
0.633626 0.746037 -0.204811
0.832694 -0.148211 -0.533530
0.471729 0.878012 0.081037
0.818844 -0.028689 0.573298
0.261561 0.816676 -0.514418
0.124295 0.873379 -0.470914
0.863828 0.465732 -0.192079
0.761751 0.583905 -0.280697
0.982308 0.177463 -0.059816
-0.013705 -0.003854 -0.999899
0.841843 -0.028397 -0.538975
-0.195746 0.776328 -0.599165
-0.563010 -0.673010 0.479663
0.587046 -0.785255 0.196855
0.849556 0.237427 -0.471046
0.889823 0.434695 0.138762
0.907057 0.054661 -0.417445
0.650745 0.600669 -0.464465
0.318529 0.874061 -0.366820
0.880882 0.436943 -0.182009
0.608501 0.585521 -0.535622
0.969934 0.207059 -0.127887
0.736816 0.486025 -0.469980
0.199885 0.925670 0.321217
0.567856 -0.049483 -0.821639
0.499056 0.525199 -0.689282
0.395611 0.519310 -0.757502
0.657901 -0.171528 0.733310
0.890425 -0.283052 0.356407
0.578444 0.805952 -0.125877
0.805852 0.372588 -0.460197
0.691915 0.487831 -0.532235
0.648182 0.089693 -0.756184
-0.203765 0.898200 -0.389509
0.889959 0.304958 -0.339076
0.882306 0.375153 -0.284246
0.787503 0.616308 0.001622
0.783598 0.085716 -0.615327
0.289445 0.065946 -0.954920
0.978588 0.034837 -0.202859
0.865729 0.344318 -0.363260
-0.554584 -0.256367 -0.791652
0.760472 0.603181 -0.240531
0.903432 0.287920 -0.317666
0.886770 -0.052733 -0.459193
0.469985 -0.497767 -0.728932
0.721073 0.491134 0.488715
-0.485910 0.073246 0.870934
0.323831 0.917557 -0.230701
-0.043235 0.027133 -0.998696
0.752321 0.473616 -0.457931
0.511663 0.855819 0.075995
0.796530 0.568760 -0.205067
0.795784 0.544339 -0.265373
0.828321 0.560127 -0.011931
0.807819 0.486295 -0.333085
-0.079176 0.122918 -0.989253
-0.407985 0.722379 -0.558317
0.545207 -0.329922 -0.770649
0.786836 0.615474 -0.045615
0.905054 -0.129493 0.405102
0.549612 0.785634 0.284086
0.852317 0.273697 -0.445697
0.401569 0.594483 0.696657
0.233469 0.967156 -0.100503
-0.155512 0.194455 0.968506
0.865295 0.501083 0.013452
0.598275 0.542908 -0.589337
0.438164 0.512795 -0.738278
0.209731 -0.024139 -0.977461
0.994245 -0.106217 0.013937
0.510308 0.821348 0.254900
-0.599098 0.767426 -0.228340
0.739020 0.664844 -0.108771
0.946263 -0.183062 -0.266597
0.642941 0.691133 -0.330094
0.084554 0.995538 -0.041886
0.612807 0.746827 -0.258297
0.949392 0.196211 -0.245268
0.955076 0.252201 0.155641
-0.165202 0.958659 -0.231694
0.981229 0.116969 0.153324
0.961636 0.274150 -0.009906
0.766944 0.602052 -0.222103
0.904875 0.423745 -0.040510
0.804516 -0.473372 -0.358710
0.975489 0.210328 0.064671
0.155814 0.847800 -0.506910
0.834273 0.504336 0.222787
0.588625 0.648502 -0.482666
0.442809 0.147008 -0.884482
0.994338 0.104444 0.019587
0.469357 0.188512 -0.862652
-0.530094 0.838483 -0.126281
0.577815 0.341556 -0.741262
-0.284984 0.335013 -0.898082
0.267460 0.021408 -0.963331
0.707895 0.556216 -0.435325
0.625762 0.558277 -0.544746
0.602177 0.717042 -0.351048
0.731569 0.681767 0.000634
0.759924 0.418433 -0.497422
0.861039 0.469166 0.196203
0.717427 0.536039 -0.444928
0.818876 0.570994 0.058379
0.807323 0.431792 -0.402225
0.780907 0.593851 -0.193714
0.650966 0.724894 -0.225328
0.897299 0.052791 -0.438255
0.722566 0.487663 -0.489983
0.460028 0.880397 -0.115218
0.333797 0.632550 -0.698899
0.921202 0.157145 -0.355939
0.501641 0.841381 -0.201084
0.652827 0.526989 -0.544150
0.522291 0.442588 -0.728922
-0.530703 0.838767 -0.121752
0.850210 0.522755 -0.062213
0.745018 0.569054 -0.348031
0.979076 0.183474 0.088016
0.933566 0.287118 -0.214515
0.273282 0.939244 -0.207696
-0.916869 0.319444 0.239389
-0.272989 0.657834 -0.701948
-0.433908 0.890354 0.137817
0.000000 0.000000 1.000000
0.844752 0.431402 0.316679
0.733704 0.421598 -0.532854
0.983781 0.171110 0.053817
0.559678 0.523216 0.642655
0.883578 0.386360 -0.264607
0.581913 0.806219 -0.106718
0.686158 0.550369 -0.475690
0.730415 0.621042 -0.284256
0.628295 0.562594 -0.537339
0.098594 0.993953 -0.048335
0.661510 0.610447 -0.435613
0.994678 0.082224 -0.062092
0.646027 0.741337 0.181848
0.942777 -0.195970 -0.269753
0.850087 0.211389 -0.482356
0.556108 0.679556 -0.478485
0.040969 0.606641 -0.793920
0.907495 -0.077581 0.412837
0.531879 -0.029792 0.846296
0.347703 0.455855 -0.819328
0.773517 0.608564 -0.176978
0.570708 0.710470 -0.411735
0.384938 0.871193 -0.304706
0.857139 0.115812 -0.501897
0.741611 0.658921 -0.125841
0.970039 -0.081599 -0.228836
0.247666 0.856862 -0.452160
0.320093 0.848712 -0.420986
-0.682795 0.704691 0.192876
0.319042 0.934292 -0.159096
0.769875 0.519759 -0.370330
0.914749 -0.204776 -0.348282
0.000000 0.000000 1.000000
-0.413989 -0.885937 -0.209116
0.656144 0.296266 -0.694047
0.655055 0.652349 -0.381240
0.672885 0.563264 -0.479541
0.950699 0.295145 -0.095191
0.682926 0.616204 -0.392307
0.701815 0.614429 -0.360463
0.190966 0.972360 0.134343
0.600737 0.677887 -0.423774
-0.501804 0.527784 0.685300
0.275888 0.384263 -0.881038
0.897564 0.440824 -0.007333
0.000000 0.000000 1.000000
0.521385 0.742401 0.420711
0.659238 0.710703 -0.245573
-0.049625 0.997551 0.049291
0.743541 0.484673 -0.460694
0.480358 0.377294 -0.791774
0.765476 0.623742 -0.158091
0.918034 0.018402 -0.396073
0.679444 0.724987 -0.112913
0.847348 0.376199 0.374801
0.986843 0.156780 -0.039503
0.700625 0.705932 -0.103852
0.823735 -0.007933 0.566919
0.993649 -0.056093 -0.097545
-0.653869 -0.756512 -0.012077
0.603893 0.717831 -0.346457
-0.280589 0.945731 0.163899
0.966398 0.134131 -0.219280
0.660820 0.602984 -0.446909
0.334933 0.881541 0.332723
0.805543 0.493588 -0.327828
-0.526905 0.559894 -0.639445
0.686081 -0.051563 -0.725695
0.575756 0.558446 -0.597197
0.192964 0.882105 -0.429715
0.920052 -0.258202 -0.294680
0.299769 0.522946 0.797913
0.531884 0.707716 -0.465014
0.824678 0.155235 -0.543883
-0.463943 -0.637014 -0.615605
-0.153590 0.948934 0.275561
0.570982 0.800751 0.181043
0.000000 0.000000 1.000000
0.779662 0.594322 -0.197252
0.739253 0.644075 -0.196652
0.721753 0.649366 0.239575
0.663949 0.744469 0.070275
0.745784 0.422311 -0.515227
0.457513 0.301884 -0.836390
0.230874 0.955032 -0.186042
0.821484 -0.436597 -0.366806
0.778055 0.591683 -0.211048
0.916395 0.017875 -0.399876
0.448535 0.821259 0.352633
0.953505 -0.120483 -0.276245
0.609241 0.712616 -0.347857
0.756768 0.571888 -0.316616
0.941560 0.308790 -0.134585
0.740432 0.199270 -0.641912
0.805030 0.538233 -0.249463
0.227616 -0.165410 -0.959599
0.980811 -0.075902 0.179581
0.361416 0.815890 -0.451334
0.645063 0.659100 -0.386628
0.690471 0.611969 -0.385674
0.502041 0.697218 -0.511705
-0.186484 -0.982319 0.016504
0.991245 0.129145 -0.027466
0.738494 0.368413 -0.564711
0.861828 0.449950 -0.234090
0.398615 0.841544 -0.364567
0.439219 0.660727 -0.608709
0.359856 0.079442 -0.929620
0.105686 0.957643 -0.267862
0.684855 0.515496 -0.515013
0.683255 0.687268 -0.246626
0.275361 0.561491 -0.780323
0.952230 -0.285772 -0.107669
0.861059 -0.159912 0.482706
0.733838 -0.227999 -0.639921
0.904320 -0.426753 0.009302
0.961528 0.126983 -0.243596
0.648912 0.709042 -0.275993
0.702464 0.537105 -0.466971
0.979575 0.174332 0.100204
0.056000 -0.809239 0.584805
0.466963 0.883342 -0.040651
0.763360 0.430972 -0.481191
0.513924 0.801344 0.306154
-0.288352 0.957514 -0.004388
0.823479 0.545254 -0.156781
0.899467 0.434194 0.049349
0.666928 0.096708 -0.738820
0.680297 0.625411 -0.382174
-0.792256 0.570874 -0.215482
0.737555 -0.174545 -0.652339
-0.612109 0.517705 -0.597749
0.900506 0.321423 -0.292875
0.868838 0.432491 0.240981
0.531675 0.676586 -0.509464
0.874572 0.066733 0.480282
0.858626 0.446786 -0.251286
0.824881 -0.495939 0.271322
0.988689 -0.149827 -0.006753
0.855135 -0.506839 -0.108898
-0.734804 0.571960 0.364588
0.605499 0.678522 -0.415906
0.677058 0.659081 -0.327421
0.837131 0.523119 -0.159872
0.303369 0.669449 -0.678090
0.591974 0.786795 -0.174701
0.701417 0.676045 -0.225782
0.950390 0.301344 0.077145
-0.128366 0.919202 -0.372276
0.858894 0.511000 0.034338
0.000000 0.000000 1.000000
0.750851 0.519138 -0.408311
0.602503 0.724054 0.335762
0.411977 0.851782 0.323638
0.914341 0.370033 -0.164486
0.765065 0.519317 -0.380768
0.545440 -0.175948 -0.819474
0.727057 0.524694 0.442813
0.935879 -0.145907 -0.320689
0.845492 0.511175 0.154414
-0.509401 0.660716 -0.551330
0.497517 0.855745 -0.142049
0.537793 0.723317 0.433117
0.330734 0.197956 -0.922729
0.701618 0.650749 -0.290273
0.540696 0.776002 0.324760
0.837925 0.093390 -0.537735
-0.042506 -0.186951 -0.981449
0.939239 0.321137 -0.121245
0.581018 0.681377 0.445134
0.687174 0.695255 -0.210742
0.729745 0.642400 -0.234082
0.767470 0.486356 -0.417669
0.444536 0.765981 -0.464392
0.952369 0.091547 0.290882
0.756101 0.593246 -0.276353
0.910411 0.298903 -0.286023
0.877377 0.209872 -0.431466
0.640843 0.685165 -0.346220
0.619554 0.722354 -0.307176
0.541796 0.802394 -0.250240
0.557009 0.326056 -0.763825
0.681009 0.151571 -0.716417
0.371675 0.273673 -0.887108
0.948020 0.278966 0.153089
0.909687 0.411125 -0.058698
0.432572 -0.882653 0.183862
0.726440 0.670188 -0.152092
-0.507932 0.475451 -0.718298
-0.534952 0.708033 0.460995
0.172491 0.711345 -0.681348
0.795663 0.306765 -0.522318
0.725717 0.231496 -0.647876
0.804862 0.479805 0.349262
0.424290 0.547228 -0.721471
0.861595 0.443484 0.246933
0.682783 0.690121 0.239875
0.936785 0.195485 -0.290206
0.528762 0.737622 0.419911
0.967795 -0.136199 -0.211712
0.704037 0.705128 -0.084420
0.437297 0.833306 0.338189
0.346170 0.406829 -0.845374
0.618466 -0.001734 -0.785810
0.388381 0.693917 -0.606333
0.433191 0.794284 -0.425980
0.929940 0.132496 0.343010
0.503869 0.599322 -0.622037
0.619699 0.661172 -0.422877
0.999483 -0.013007 -0.029399
0.866781 0.382730 -0.319699
0.579195 0.489576 -0.651804
0.779000 0.616869 -0.112390
0.576261 0.005985 -0.817244
0.980037 0.131255 0.149328
-0.200781 0.075361 -0.976733
0.822782 0.373217 -0.428647
0.701262 0.605072 -0.376988
0.712142 0.642919 0.281972
0.725202 0.607507 -0.324064
0.318331 0.431221 -0.844224
0.648127 0.703892 0.290633
0.951835 -0.005834 0.306555
0.828162 0.556085 0.070121
0.989833 -0.094423 0.106372
0.755588 0.231249 -0.612870
0.402715 0.643706 -0.650741
0.822342 0.291135 -0.488869
-0.617343 -0.522046 -0.588520
0.593538 0.208951 -0.777208
0.244636 0.673903 -0.697143
0.881176 0.337089 -0.331512
0.813625 0.477854 -0.331166
0.816287 0.514169 -0.263258
0.824529 0.273603 0.495270
0.159727 0.942881 0.292341
-0.320220 0.905768 -0.277568
0.693975 0.612761 -0.378052
0.127711 0.989355 -0.069762
0.914513 0.309146 -0.260951
0.755088 0.583674 0.298608
0.274705 0.842984 -0.462510
0.765872 0.304124 -0.566523
0.667882 0.715286 -0.205668
-0.315643 0.691821 -0.649425
0.607165 -0.062238 -0.792135
0.681542 0.421350 -0.598302
0.638377 -0.284965 0.715031
0.922486 0.292677 0.251711
0.491521 0.848216 0.197325
-0.183230 0.136852 -0.973498
0.377205 0.703712 -0.602084
0.582287 0.258205 -0.770891
0.795134 0.310848 -0.520707
0.816490 0.188151 -0.545841
-0.324975 0.490292 -0.808706
0.650089 0.057641 -0.757668
0.986030 0.051889 -0.158279
0.736178 0.537495 -0.411268
0.796883 0.403254 -0.449849
0.773159 0.627245 0.093749
0.559987 0.320088 0.764171
-0.139244 -0.087522 -0.986383
0.774869 0.522013 -0.356483
0.668753 0.740185 -0.069968
0.688834 0.430230 -0.583446
0.609598 0.683924 -0.400798
0.836960 0.488849 0.246020
0.705009 0.696613 -0.133015
0.794148 0.428504 -0.430944
0.969987 0.188752 0.153293
0.582161 0.772533 -0.253536
0.558837 0.779803 -0.282151
0.926315 -0.368392 0.078912
0.000000 0.000000 1.000000
0.530706 0.365230 -0.764825
0.954081 -0.161017 -0.252592
0.453857 0.569320 -0.685484
0.497173 0.840994 -0.213418
-0.723943 0.648051 -0.236509
0.710238 0.624213 -0.325454
0.014150 0.058668 -0.998177
0.367475 0.749003 -0.551322
0.759679 0.482981 -0.435451
0.056619 0.841423 -0.537402
0.936561 0.144599 -0.319288
0.054900 0.979606 0.193285
0.663652 0.742495 0.090921
0.458527 0.726995 0.511107
0.957782 -0.287411 -0.006921
0.802118 0.232368 -0.550102
0.926545 0.325785 0.188093
0.979912 0.199417 0.002515
0.905496 0.191279 -0.378800
-0.011252 -0.914236 0.405026
0.313162 0.799519 -0.512541
0.459214 0.886535 -0.056372
0.901451 0.288147 -0.323044
0.973061 0.107316 0.204049
0.532069 0.791770 -0.300004
0.850431 0.520586 0.075882
-0.800520 -0.575365 0.167701
0.606887 0.631147 -0.483055
0.637411 0.565501 0.523370
0.844173 0.518768 -0.135097
0.496116 0.709400 -0.500620
0.137750 0.192525 -0.971576
0.424936 0.851130 -0.308232
0.639700 0.728930 -0.243814
-0.092267 0.995625 -0.014772
0.021654 0.096607 0.995087
0.908975 0.005242 -0.416817
0.724598 0.413524 -0.551322
0.387280 -0.829255 -0.402928
0.313906 0.585828 0.747174
0.801189 0.598394 -0.004662
0.626835 0.643185 -0.439762
0.591728 0.107038 -0.799000
0.214743 0.718382 -0.661674
0.762296 0.388719 -0.517495
-0.045683 0.998255 0.037403
0.647159 0.681585 -0.341506
0.766053 0.411449 -0.493834
-0.320320 0.449784 -0.833720
0.801327 0.002070 0.598223
-0.132634 0.989479 -0.057793
0.535306 0.713944 -0.451365
0.100578 0.815119 -0.570496
0.803096 0.580754 -0.133275
0.813998 -0.354648 -0.460034
0.793099 -0.086707 0.602890
0.807742 0.497447 -0.316385
0.954831 -0.288028 0.073051
0.864885 0.039920 -0.500380
0.768329 0.608893 -0.197280
0.947588 -0.064410 0.312936
0.807428 0.424039 0.410183
0.885397 -0.346199 0.310190
0.542562 0.828753 0.137096
0.628420 0.767240 0.128183
0.730799 0.674227 -0.106538
0.920421 0.078249 0.383019
0.858667 0.438945 -0.264608
0.122824 0.798012 -0.589993
0.758012 0.491172 -0.429147
0.938413 0.300110 -0.171219
-0.433439 0.690019 -0.579659
0.846636 0.532015 -0.012923
0.813072 0.363667 -0.454599
0.680478 0.581721 -0.445589
0.954120 0.293651 0.058513
0.669361 0.233735 -0.705211
0.420806 0.581907 -0.695921
0.000000 0.000000 1.000000
-0.755335 -0.088453 -0.649342
0.934550 -0.118755 -0.335430
0.726902 0.435602 -0.530910
0.984534 -0.087046 -0.152037
0.642153 0.748458 0.165681
0.739109 0.667990 0.086641
0.348334 0.793474 -0.499061
0.967903 0.187520 -0.167332
0.785302 0.364176 -0.500677
0.156229 0.973537 -0.166786
-0.159910 0.920093 0.357573
0.336914 0.833782 -0.437374
0.490277 0.559387 -0.668367
0.787184 0.588409 -0.184708
0.914122 0.348431 -0.207306
0.799268 -0.173461 0.575397
0.052137 0.821122 0.568366
0.792060 0.484980 -0.370723
-0.408108 0.632194 -0.658619
0.929152 0.197766 0.312355
0.949466 0.194900 0.246025
-0.193216 0.112974 -0.974630
0.762483 0.610657 -0.213819
0.927134 0.348927 -0.136644
0.847194 0.529936 -0.037816
-0.063658 -0.904906 -0.420825
0.956305 0.288266 -0.048821
0.460778 0.509084 0.726992
0.685148 0.443928 -0.577495
0.870365 -0.340334 0.355860
0.810484 0.567925 -0.143448
0.916255 0.381662 -0.121696
0.335146 0.878612 0.340173
0.570801 0.808574 0.142809
0.948593 0.161557 0.272160
0.985289 0.128409 -0.112766
0.607707 0.732598 -0.306581
0.901798 0.415322 -0.119452
0.574697 0.623231 -0.530383
0.554602 0.773963 0.305612
0.327607 0.743006 -0.583623
0.807893 0.470436 -0.354962
0.039061 0.653020 -0.756333
0.447265 0.879159 -0.164417
-0.342332 -0.814533 0.468342
0.819358 0.535229 -0.205385
0.416901 0.695031 -0.585769
-0.165904 0.054287 -0.984647
0.772845 0.632431 -0.052354
-0.716240 0.269881 -0.643556
0.692859 -0.719397 0.049140
0.815336 0.287881 -0.502347
-0.555154 0.349076 -0.754951
0.753953 0.560721 -0.342266
0.802940 0.592192 0.067802
0.764096 0.640801 -0.074372
0.904056 0.402013 0.145149
0.710839 0.691368 -0.129299
0.672256 0.692226 -0.262477
-0.715228 0.553824 0.426295
0.657177 0.669800 -0.345668
0.781674 0.597863 0.177610
0.491282 0.102324 -0.864969
0.121409 0.793207 -0.596726
0.582449 0.756733 0.296832
0.824581 0.558152 0.092376
0.794095 0.607709 0.010128
0.308672 0.612058 0.728084
0.794568 0.414691 -0.443500
0.911945 0.408271 -0.040890
0.815850 0.004179 -0.578248
0.852202 0.234672 -0.467633
0.000000 0.000000 1.000000
0.611199 0.490304 -0.621319
-0.282380 0.002536 -0.959299
-0.669558 0.727952 -0.147574
0.690675 0.628624 -0.357491
-0.409142 0.789619 -0.457280
0.421801 0.892923 -0.157394
0.615844 0.698099 -0.365231
0.682948 0.427024 -0.592649
0.920201 0.355917 0.162953
0.986451 0.146988 0.072867
0.631657 0.655737 0.413544
0.163542 -0.261669 -0.951201
0.556236 0.644642 -0.524440
0.693898 -0.090621 -0.714349
0.938955 0.321010 0.123759
0.402268 0.736850 -0.543353
0.793615 0.406659 -0.452553
0.347615 0.541777 -0.765272
0.727729 0.624442 -0.283694
0.599784 0.501865 -0.623211
0.788142 0.605632 -0.109736
0.686643 0.706408 -0.171782
-0.568720 0.470456 -0.674707
0.885180 0.465130 -0.010492
0.786702 0.417127 -0.455087
0.920561 0.360572 -0.150183
0.978447 0.104862 0.177893
0.621694 0.599558 -0.504011
0.833517 0.428669 -0.348557
0.820786 0.566534 -0.073138
0.000000 0.000000 1.000000
0.583794 0.655755 -0.478718
0.807594 0.528966 -0.260744
0.749005 -0.495376 -0.439993
0.872264 0.459964 -0.166096
0.670444 0.604083 -0.430799
0.880004 0.371142 -0.296390
0.971128 0.224331 -0.081154
-0.639403 0.578611 -0.506333
0.738356 0.367079 0.565760
0.107477 0.181552 -0.977491
0.940516 -0.332259 0.070955
0.874603 0.288914 -0.389357
-0.174722 0.381491 -0.907710
0.457312 0.859850 0.226989
0.719744 0.413567 -0.557612
0.751545 0.590593 -0.293905
0.831127 0.526880 -0.177836
0.000000 0.000000 1.000000
-0.401149 0.468882 -0.786911
0.735954 0.529582 -0.421799
0.511191 0.798259 0.318537
0.330604 -0.943719 -0.009807
0.753568 0.452142 -0.477182
0.433087 0.676979 -0.595093
0.714734 0.597539 0.363459
0.961581 -0.113177 -0.250107
0.741739 0.657469 -0.132506
0.449187 0.311516 -0.837370
0.970586 0.007228 -0.240647
-0.708623 -0.389062 -0.588629
0.818027 0.570314 0.074655
0.549371 0.720142 -0.423777
0.496254 -0.692548 -0.523554
0.000000 0.000000 1.000000
0.653870 0.491687 -0.575064
0.737637 0.557446 -0.380980
0.887432 0.433870 -0.155630
-0.171186 0.038779 -0.984475
0.621515 0.002300 -0.783399
0.603108 0.723307 -0.336284
0.511690 0.668826 -0.539301
0.751953 0.577216 -0.318416
0.325674 -0.129815 -0.936528
0.479865 0.178788 -0.858932
0.762934 -0.005543 0.646452
-0.079540 -0.099584 -0.991845
0.667916 0.691556 -0.275025
0.664398 0.628801 -0.403962
-0.428460 0.850947 0.303826
0.732492 0.613906 -0.294238
0.760711 0.552974 -0.339909
0.886129 0.233673 0.400214
0.723804 0.580928 -0.372331
-0.070703 0.972992 -0.219745
0.767277 0.339491 -0.544088
0.457957 0.373436 -0.806734
0.717681 0.626175 -0.304695
0.847860 -0.334195 0.411639
0.634530 0.749931 0.187014
0.705715 0.389068 0.592108
-0.823542 0.560350 -0.088247
0.570701 0.671303 0.472919
0.740206 0.525070 -0.419995
0.415823 0.887119 0.200276
0.479027 0.477551 0.736531
0.975031 0.189161 -0.116328
-0.010729 0.915027 0.403249
0.839008 0.496826 -0.221878
0.034823 0.638196 -0.769086
-0.748347 -0.564309 0.348615
0.689732 0.674172 -0.264127
0.756934 0.475655 -0.448111
0.844456 0.433526 -0.314561
0.000000 0.000000 1.000000
0.824498 0.375458 -0.423360
0.595158 0.733309 -0.328703
-0.797307 0.575620 -0.181559
0.609911 -0.404834 -0.681262
-0.530057 -0.040265 -0.847005
0.806019 0.450746 -0.383617
0.912181 0.378019 0.158202
0.986700 0.139905 -0.082765
0.964616 0.179815 -0.192827
0.664602 0.650831 -0.367048
0.242153 0.630279 0.737639
0.933531 0.102044 -0.343667
0.456673 0.106023 -0.883295
0.678458 0.314716 0.663814
0.873183 -0.405220 -0.270827
0.277533 0.945843 0.168391
-0.210005 -0.119660 0.970350
0.844365 0.418564 -0.334443
0.582372 0.733588 -0.350274
-0.412970 0.571304 -0.709272
-0.907876 0.209278 0.363270
0.704810 -0.703655 -0.090067
0.762370 0.434224 -0.479835
0.759163 0.644948 -0.087822
0.841924 0.443148 -0.307869
-0.926961 0.360853 0.102612
0.633328 0.449723 -0.629798
0.636520 0.302100 0.709632
0.743493 0.579052 -0.334538
0.746531 0.289358 -0.599135
0.130693 0.560403 -0.817843
0.671318 0.559021 -0.486650
0.776778 0.494398 -0.390112
-0.045776 0.960859 -0.273231
0.807976 0.559518 -0.184701
0.880599 0.443841 -0.165984
0.880525 0.434499 0.189437
0.975448 0.165377 0.145434
0.831118 0.535519 -0.149875
0.756442 0.301706 -0.580319
0.790511 0.570052 -0.223903
0.512128 -0.333513 -0.791514
0.227170 0.772289 -0.593266
0.927541 -0.064702 0.368077
0.947844 0.183042 -0.260936
0.713107 0.378461 -0.590123
0.712007 0.683586 -0.160487
0.302739 0.945732 -0.118072
0.918565 0.175681 -0.354083
0.940442 0.268423 -0.208610
0.000000 0.000000 1.000000
0.760617 0.525005 -0.381879
0.787454 0.570717 -0.232807
0.747139 0.408063 -0.524660
-0.903586 0.008934 -0.428313
-0.317672 0.483224 -0.815830
0.847650 -0.102102 -0.520639
0.938612 0.310772 -0.149760
0.674093 0.736303 -0.058788
0.797608 0.206740 -0.566639
0.825646 0.524373 -0.208186
0.843116 0.421617 -0.333758
0.605026 0.730912 0.315772
0.733932 0.336640 -0.589930
0.934767 0.355258 -0.001745
0.296970 0.783200 -0.546266
0.806652 0.541662 -0.236462
-0.300485 0.930731 -0.208443
0.900995 0.316773 -0.296417
0.954224 -0.071319 0.290465
0.375092 0.033083 0.926397
0.271166 0.615948 0.739647
0.803518 0.325598 -0.498341
0.311715 0.916368 -0.251204
0.941869 -0.332768 -0.046340
0.773611 0.591278 0.227854
0.618155 0.780467 -0.093574
0.877055 0.213683 0.430249
0.346007 0.837766 -0.422408
0.593802 0.523179 -0.611297
0.990736 -0.063211 0.120194
0.952703 0.299192 -0.053306
0.787720 0.489728 -0.373717
0.748951 0.418676 -0.513598
0.840436 0.452620 -0.297996
0.875467 0.474006 -0.094212
0.658371 0.628256 -0.414538
0.802129 0.508608 -0.312900
0.876269 0.411914 0.249958
0.743189 0.426743 -0.515325
0.968780 -0.121208 0.216274
0.916696 0.331960 -0.222420
0.085021 0.865822 0.493076
0.004248 0.970922 0.239358
0.771088 0.495205 -0.400245
-0.298656 0.370719 0.879416
-0.023719 0.853896 -0.519903
0.230240 0.912277 -0.338732
0.094137 0.856353 0.507737
0.396693 0.739494 -0.543860
0.616668 0.698655 -0.362770
0.890289 0.432538 -0.142464
0.782408 0.352268 -0.513561
0.762368 0.543354 -0.351513
0.958858 0.253952 -0.126883
0.690729 0.657976 -0.299935
0.803816 0.363599 -0.470824
0.590104 0.428008 -0.684534
0.881611 -0.198796 0.428068
0.803390 0.497704 -0.326888
0.903271 -0.128686 -0.409318
0.637516 0.667188 -0.385271
0.847570 0.268698 -0.457631
0.830779 0.532522 -0.161948
0.610421 0.343725 0.713610
0.686695 0.683362 -0.247926
0.759787 0.520625 -0.389453
0.996528 -0.002274 -0.083224
0.926321 -0.373357 0.050343
0.775440 0.533643 -0.337516
0.765639 0.567001 -0.303821
0.774408 0.417902 -0.475027
0.544415 0.598262 -0.587958
0.696392 0.539834 -0.472882
0.753100 0.514983 -0.409429
-0.084874 0.991138 0.102189
0.849855 0.462075 -0.253444
0.677361 0.672671 0.297819
0.488185 0.812522 -0.318563
0.518557 0.787768 -0.332445
-0.196838 0.746136 0.636031
0.166651 0.926000 -0.338749
0.792597 0.298317 -0.531786
0.682704 -0.547948 0.483392
0.821854 0.381339 -0.423246
0.610294 0.586708 -0.532274
0.542340 0.629127 -0.556835
0.812687 0.528745 -0.244884
0.168141 0.978358 -0.120598
0.684597 0.708493 -0.171362
-0.358582 0.395055 0.845784
0.119741 0.991551 0.049887
0.709655 0.649546 -0.272909
0.962655 -0.239223 0.126763
0.789594 0.330928 -0.516747
0.661915 0.381364 -0.645314
0.808821 0.515009 -0.283856
0.892913 0.293285 -0.341598
0.668818 -0.010150 -0.743356
0.425382 0.904764 0.021282
0.729408 -0.049081 -0.682315
0.984999 0.011468 0.172177
-0.959222 0.200398 0.199333
0.574155 0.798656 -0.180264
0.883614 -0.176941 -0.433496
0.245004 0.963064 0.111716
0.215820 0.966429 0.139420
0.835076 0.534892 -0.128600
-0.756614 0.282223 0.589818
0.476930 0.672217 -0.566270
0.748403 -0.468401 -0.469568
0.652286 0.594698 -0.469955
0.390790 0.904287 -0.171899
0.550789 0.810108 0.200889
0.859277 0.462597 -0.218284
0.850817 -0.254498 0.459718
0.879953 0.157227 0.448289
0.966693 0.020211 -0.255138
0.912133 -0.270305 -0.308138
-0.619662 0.783912 0.038738
0.675103 -0.397781 0.621294
0.663028 0.651843 -0.368097
0.722274 0.343779 -0.600113
0.518116 0.465767 -0.717368
0.610113 0.620314 -0.492923
0.839624 0.516425 -0.168338
0.567821 0.804296 0.175178
0.825657 0.531632 -0.188831
0.248855 -0.515345 -0.820055
0.666684 0.344345 -0.661029
0.812714 0.573572 -0.102523
0.568645 0.610766 -0.551006
0.938648 0.273950 0.209500
0.846463 0.485230 -0.219207
0.573450 0.382103 -0.724674
0.392093 0.400807 -0.828020
0.561625 0.416626 -0.714842
-0.259327 0.745910 -0.613488
0.874142 0.307610 -0.375835
0.792152 0.205012 -0.574861
-0.569425 0.707338 -0.418842
0.899521 0.012973 0.436685
0.948253 0.311685 -0.060568
0.820203 0.557894 -0.126577
0.822478 -0.354778 -0.444592
0.801586 0.534020 -0.268854
0.810803 0.528022 -0.252569
0.804985 0.532446 -0.261726
0.808822 0.529181 -0.256466
0.805473 0.530386 -0.264393
0.806238 0.531300 -0.260194
0.953078 0.069063 -0.294743
0.711279 0.441645 -0.546838
0.000000 0.000000 1.000000
0.944295 0.085622 -0.317768
-0.411320 0.903974 -0.116817
0.221899 -0.717018 -0.660791
0.708885 0.449667 -0.543398
0.829104 0.400481 -0.390129
-0.130547 0.558985 -0.818836
0.703541 0.465615 -0.536874
0.928057 0.111791 -0.355265
0.601059 0.448209 -0.661693
-0.600560 0.788528 -0.132477
0.939419 0.093310 -0.329825
0.602512 0.567580 -0.561099
0.307193 -0.785995 -0.536510
0.922414 0.244833 -0.298681
-0.472193 0.873902 -0.115452
0.672326 0.062781 0.737588
0.844433 0.396712 -0.359934
0.642926 -0.009007 -0.765875
0.269882 0.897107 0.349805
0.969278 0.049783 0.240878
0.844843 0.457986 -0.276567
0.828435 0.386729 -0.405138
0.000000 0.000000 1.000000
0.000000 0.000000 1.000000
0.707362 0.453869 -0.541887
-0.222099 0.528693 -0.819241
0.705527 0.463638 -0.535977
0.750271 0.382205 -0.539456
0.210595 0.876183 0.433535
0.690137 0.708146 -0.149130
0.000000 0.000000 1.000000
0.615319 0.447433 -0.648989
0.597116 0.011940 -0.802066
0.851398 0.468773 -0.235316
0.849525 -0.257847 -0.460242
0.483241 0.023462 -0.875173
0.845930 0.334752 -0.415142
0.721427 0.467821 -0.510574
0.173542 0.785104 -0.594554
-0.562932 0.816506 -0.128163
0.615114 0.562643 -0.552330
-0.370414 0.200661 -0.906933
0.461094 0.666235 -0.586109
0.936642 0.096128 -0.336840
0.930083 0.058662 -0.362635
0.526558 0.222064 -0.820624
0.534674 0.758425 0.372713
0.603066 0.769678 -0.209542
0.430469 -0.832328 -0.349181
0.349497 -0.805915 -0.477864
-0.500985 0.856894 -0.121438
0.631920 0.684000 -0.364447
0.913268 0.268829 -0.306060
0.824527 0.324686 0.463394
0.521439 0.297314 -0.799816
0.372144 0.868362 0.327804
0.843802 0.408577 -0.347941
0.918060 0.048888 -0.393416
0.971664 0.143799 0.187594
0.725559 0.025447 0.687690
0.847638 0.421982 -0.321622
0.629564 -0.001063 -0.776948
0.593278 0.605872 -0.530038
0.618838 0.450824 -0.643270
0.427049 0.187067 -0.884667
0.956366 -0.202868 -0.210258
0.492803 0.677666 -0.545815
0.748548 0.395896 -0.531923
0.526590 0.752935 -0.394705
0.786093 0.341809 -0.515000
0.302787 0.889012 0.343480
-0.455939 0.846005 -0.276398
-0.039890 0.993893 -0.102887
0.000000 0.000000 1.000000
0.692033 0.463310 -0.553564
0.716676 0.458283 -0.525692
-0.091509 0.029204 -0.995376
0.760250 0.638476 -0.119870
0.865895 -0.052019 0.497513
0.802849 0.502881 -0.320225
0.706978 0.456202 -0.540427
0.970978 0.079855 0.225445
0.848687 0.457696 -0.265037
0.679211 0.705395 -0.202705
0.825065 0.383308 -0.415141
-0.089521 0.659678 -0.746197
0.736440 0.509479 -0.445070
0.926991 -0.305908 -0.217044
0.698593 0.461838 -0.546510
0.792741 0.320645 -0.518410
0.804855 0.309539 -0.506354
-0.273649 0.510806 -0.814981
0.519219 0.851255 -0.076011
0.635167 -0.562699 -0.529087
0.830311 0.486827 -0.271261
0.796187 -0.418238 -0.437223
0.675992 0.538942 -0.502570
0.901377 -0.384644 0.198919
0.154034 0.871019 0.466475
0.050298 0.271685 -0.961071
0.593884 0.788433 0.160233
0.712296 0.458159 -0.531718
0.834539 0.355664 -0.420770
0.895181 0.309787 -0.320443
0.659648 0.720045 -0.215406
0.000000 0.000000 1.000000
0.927120 0.084671 -0.365073
0.484548 0.061459 -0.872603
0.940246 0.118283 -0.319291
0.665914 0.642549 -0.379063
0.607175 0.006989 -0.794537
0.620463 0.041320 -0.783146
0.750995 0.433094 -0.498433
0.687570 0.708089 -0.160804
0.932446 -0.160407 0.323751
0.849773 0.467072 -0.244395
0.810046 0.389718 -0.438115
0.708714 0.704289 -0.041247
0.791928 0.389039 -0.470636
0.810698 0.495266 -0.312218
0.826259 0.473654 -0.304873
0.476424 0.821172 0.314160
0.834318 -0.306115 -0.458483
0.118951 0.992898 -0.002061
0.654752 0.667948 -0.353759
0.795636 0.494518 -0.349878
0.748371 0.413033 -0.518984
0.467534 0.669635 -0.577062
0.489774 0.741672 -0.458307
0.523460 -0.252425 -0.813800
0.547286 0.523304 -0.653170
0.792132 0.469172 -0.390391
0.739985 0.669009 -0.069630
0.689717 0.685279 -0.233844
-0.281823 0.914603 0.289962
0.402061 0.718746 -0.567231
0.775635 0.629571 0.045068
0.149432 0.790280 -0.594245
-0.282464 0.157842 -0.946203
0.468198 0.861545 -0.196291
-0.930587 -0.284372 0.230524
0.625898 0.703388 -0.336892
0.930592 0.361464 -0.057818
0.803481 0.177624 -0.568214
-0.546590 0.827715 -0.126992
-0.532960 0.819283 -0.211492
0.625495 0.454476 -0.634198
0.636003 0.477369 -0.606316
0.695449 0.591547 -0.407949
0.593599 0.726724 -0.345706
0.440416 -0.508450 0.739941
0.936962 0.071219 -0.342096
0.170234 0.096928 -0.980625
0.536076 0.746067 0.394977
0.501284 0.203449 -0.841025
0.619978 0.560407 -0.549155
0.529202 0.820239 -0.217148
0.654541 0.577059 -0.488445
0.916406 -0.002455 -0.400242
0.900878 0.416740 0.121439
0.185169 -0.915634 -0.356828
0.631742 0.608429 -0.480330
0.937013 -0.177229 -0.300991
0.000000 0.000000 1.000000
0.000000 0.000000 1.000000
0.658917 0.434241 -0.614218
0.494748 0.633563 -0.594830
0.927721 0.318760 -0.194232
0.935427 0.115252 -0.334204
0.192321 0.957797 0.213631
0.123812 0.628528 -0.767870
0.786615 0.584905 -0.197795
0.611242 0.704727 -0.360199
-0.493333 0.869433 -0.026630
0.303979 0.918149 0.254165
0.904560 0.243196 -0.350182
0.630752 0.556572 -0.540722
0.652053 0.555555 -0.515932
0.636239 0.538266 -0.552694
0.774179 0.602462 -0.194132
0.785105 0.430109 -0.445664
0.788295 0.230539 -0.570476
0.619972 0.592702 -0.514139
0.596361 0.779689 -0.190890
0.000000 0.000000 1.000000
0.330999 -0.903846 -0.271112
0.096739 0.800424 -0.591577
0.080263 0.753404 -0.652641
0.606473 0.651715 -0.455476
0.748766 0.401952 -0.527051
0.484035 0.138612 -0.864000
0.970533 0.209210 0.119571
0.917326 0.028921 -0.397084
0.705311 0.407225 -0.580262
0.784023 -0.011778 0.620620
0.531075 -0.403303 -0.745189
-0.003920 0.999337 0.036197
0.635605 0.420303 -0.647574
0.355610 -0.825623 -0.438049
0.810022 0.521711 -0.267735
0.426177 0.904296 -0.024931
0.623714 0.692574 -0.362385
0.951101 0.308254 -0.019648
-0.358854 0.476682 -0.802495
0.851928 0.250905 -0.459636
0.620081 0.573017 -0.535865
0.963348 0.252825 0.089662
0.731133 0.624647 -0.274337
-0.517763 0.846686 -0.122654
-0.529932 0.845407 -0.066775
0.575322 0.643469 -0.504928
-0.329189 0.935541 -0.128050
0.713108 0.611241 -0.343310
0.836033 0.300419 -0.459127
0.754200 0.655164 -0.044078
0.905120 0.326892 -0.271843
0.889296 -0.337374 -0.308759
0.802872 0.537608 -0.257633
0.771192 0.437147 -0.462780
0.390959 0.477736 0.786714
0.908456 0.280955 -0.309472
0.544631 0.677589 -0.494217
0.621617 0.472534 -0.624743
0.813342 0.408321 -0.414426
0.818237 0.352576 0.454069
0.848086 0.461327 -0.260629
0.892118 0.331984 -0.306452
0.915349 -0.303108 -0.265069
0.857050 0.425804 -0.290096
0.039074 0.851011 0.523693
0.876683 0.414847 -0.243575
0.901153 0.402253 -0.161604
0.787251 0.539878 -0.297940
0.228565 0.565589 0.792381
0.901953 0.397074 0.169746
0.489383 0.302336 -0.817984
0.602005 0.596036 -0.531348
0.589193 0.694708 -0.412593
0.728278 0.391873 -0.562181
0.931465 0.088671 -0.352859
0.750261 0.624731 0.216379
0.787913 0.310305 -0.531887
0.894032 0.111712 -0.433851
0.354541 0.873475 0.333681
0.350106 0.824730 0.444123
0.358215 0.893704 0.270141
0.369631 0.847124 0.381777
-0.826352 0.426092 0.368221
0.799373 0.496650 -0.338144
-0.865428 0.460031 -0.198506
0.724798 0.622279 -0.295698
0.950299 -0.198161 -0.240133
-0.084034 0.996091 0.027215
0.580099 0.796735 0.169404
0.598917 0.774308 0.204317
0.517028 0.678085 -0.522382
-0.796204 -0.550286 -0.251483
0.625253 -0.001965 -0.780420
0.618163 -0.035251 -0.785259
0.768765 0.585950 -0.256249
0.842377 0.415873 -0.342710
0.597793 -0.020264 -0.801394
0.733254 0.665166 -0.141042
0.567595 0.056137 -0.821392
0.686445 0.711902 0.148289
0.538701 0.579659 -0.611389
-0.095812 0.829998 0.549475
0.804511 0.406209 0.433308
0.759090 0.423497 0.494402
0.748185 0.427990 -0.506995
0.799861 0.535713 0.270617
0.248915 -0.860045 -0.445380
0.972158 0.126371 0.197331
0.856676 0.219470 -0.466840
0.649820 0.758680 -0.046237
0.830701 0.447847 -0.330709
0.831190 0.258176 -0.492412
-0.292456 0.587427 -0.754586
0.746505 0.010907 0.665290
0.713209 -0.074825 0.696946
0.931572 0.260302 -0.253805
0.582878 0.797229 -0.157094
0.933330 0.241226 0.265905
0.677600 0.716052 -0.167715
0.699379 0.167437 0.694862
0.449127 0.125545 -0.884604
-0.472742 0.859080 -0.196204
-0.509484 0.843440 -0.170397
0.788566 0.336268 -0.514866
-0.337231 0.193519 0.921317
0.489503 0.672059 -0.555629
0.838553 0.482857 -0.252346
0.906416 0.312335 -0.284352
0.961684 -0.019668 -0.273455
0.706338 0.457986 -0.539756
0.709948 0.457228 -0.535646
0.431808 0.166616 -0.886443
0.378698 0.168672 -0.910020
0.679224 0.687194 -0.257717
0.634857 0.464847 -0.617150
0.000000 0.000000 1.000000
0.789505 0.517517 -0.329936
0.686460 0.627328 -0.367739
0.642063 0.557707 -0.526039
0.617953 0.454896 -0.641251
0.664902 0.646559 -0.373987
0.915175 0.402710 0.016713
0.667821 0.653164 -0.356919
0.905932 -0.037210 -0.421786
0.971491 0.094431 0.217458
0.541082 0.832836 -0.116676
0.540049 0.736234 -0.407807
0.867721 0.447970 0.215368
-0.977271 -0.195632 -0.081661
0.621917 0.560225 -0.547144
0.626441 0.547971 -0.554346
0.611857 0.469990 -0.636192
0.940515 0.336184 0.049111
0.267293 0.779824 0.566065
0.961289 0.109215 0.252974
0.000000 0.000000 1.000000
0.932760 0.102719 -0.345554
0.931624 0.096426 -0.350397
0.647667 0.020656 -0.761643
0.446853 0.700700 -0.556186
0.219398 0.975437 0.019682
0.319289 0.884777 0.339447
0.307802 0.903480 0.298299
0.540369 -0.741632 -0.397470
0.643249 0.137146 -0.753274
0.773706 -0.303923 -0.555886
-0.096853 0.904106 0.416188
0.980473 -0.169087 -0.100410
0.003793 0.996738 -0.080612
0.041537 0.982872 -0.179545
0.858262 0.403127 -0.317608
0.000000 0.000000 1.000000
0.823777 0.380276 -0.420453
0.816484 0.393542 -0.422467
0.800549 0.307644 -0.514272
0.572460 0.436336 0.694190
0.776426 0.455940 -0.435066
0.900583 -0.427345 0.079533
0.829901 -0.555440 0.052449
0.502584 0.410351 -0.760935
0.686733 0.702216 -0.187857
0.687158 0.704401 -0.177858
-0.129071 0.036505 -0.990963
-0.109769 -0.026606 -0.993601
0.630933 0.662061 -0.404472
0.751261 0.648109 -0.124747
0.743424 0.418257 -0.521902
0.560130 0.807015 0.187033
0.528544 0.831027 0.173309
0.844457 -0.034416 0.534516
0.853038 0.325938 0.407542
-0.379760 0.529236 -0.758743
0.805664 0.500130 -0.317451
0.817028 0.384527 -0.429656
0.490368 0.869187 -0.063660
0.479667 -0.715435 0.508008
0.500989 0.725154 0.472399
0.943273 -0.114531 0.311637
0.961297 0.155662 0.227328
0.673674 0.707282 -0.214277
0.670476 0.711071 -0.211754
0.669768 0.706057 -0.229989
0.786490 0.341115 0.514853
0.141052 0.790387 -0.596148
0.140647 0.753820 -0.641852
0.849185 0.505961 -0.151287
0.576565 0.580480 0.574993
0.842262 0.502947 -0.194008
0.724933 0.310361 -0.614937
0.890041 0.446996 0.089560
0.621696 0.532865 -0.574063
0.433162 0.457820 -0.776383
0.977432 0.134866 -0.162597
0.980698 -0.122620 0.152303
0.617600 0.633752 0.465756
0.725170 0.360961 -0.586375
-0.023052 0.651397 -0.758387
0.707013 0.477667 -0.521505
0.745723 0.497068 -0.443645
0.906612 0.171810 0.385403
0.702158 0.459733 -0.543710
0.915024 -0.236407 -0.326869
0.737747 0.518597 -0.432189
0.807386 -0.385608 -0.446581
0.764047 -0.381795 -0.520061
0.848150 -0.484156 -0.215022
0.722267 0.031975 -0.690875
0.675144 0.640302 -0.366326
0.518896 0.854836 -0.001386
-0.195598 0.460025 -0.866093
0.745081 0.645977 -0.166037
0.569094 0.818845 0.075000
0.619112 0.608225 -0.496752
0.748064 0.535201 -0.392378
0.765168 0.454737 -0.455776
0.932820 -0.330137 0.144417
0.790705 0.325868 -0.518263
0.782408 0.323410 -0.532207
0.797908 0.326827 -0.506484
0.836504 -0.383397 -0.391495
0.910175 -0.348716 -0.223561
0.917542 -0.375779 -0.130028
0.453354 0.176268 -0.873727
0.252990 0.495219 -0.831116
0.850792 0.516049 -0.099233
0.922879 0.370303 0.105688
0.003167 0.926202 -0.377014
0.934320 0.100729 -0.341906
0.935028 0.107518 -0.337880
0.801863 0.290516 -0.522127
0.790791 0.267507 -0.550536
0.770822 0.271587 -0.576259
-0.114816 0.084361 -0.989798
0.868679 0.189571 -0.457667
-0.300921 0.500483 -0.811765
-0.312261 0.545398 -0.777839
-0.258248 0.469813 -0.844147
-0.249478 0.493340 0.833293
0.699433 0.457638 -0.548963
0.409273 0.834283 0.369416
0.451412 0.780002 0.433386
0.618187 -0.017379 -0.785839
0.415602 0.084526 -0.905610
0.365811 0.676624 -0.639033
0.811646 0.583556 0.026321
0.527816 0.747509 0.403287
0.491240 0.768393 0.410188
0.633555 0.769063 0.084561
0.645586 0.735068 0.207107
0.697390 -0.522593 -0.490453
0.693325 -0.628969 -0.351708
0.822645 0.501084 -0.268644
-0.099854 0.975613 0.195468
0.788840 0.335171 -0.515162
0.676626 0.547324 -0.492558
-0.130370 -0.946339 -0.295712
0.890744 0.352039 -0.287478
0.773881 0.450340 0.445312
0.585744 0.792833 -0.168281
0.609006 0.779201 -0.148180
-0.035563 0.715827 -0.697372
0.000000 0.000000 1.000000
0.808661 0.497254 -0.314334
0.810756 0.490211 -0.319951
0.797185 -0.085963 -0.597584
0.987371 0.066676 0.143712
0.880107 0.472881 0.042362
0.889762 -0.375445 0.259546
0.934403 -0.264362 0.238755
0.376562 -0.869153 -0.320585
-0.779029 0.454578 -0.431824
0.591603 0.584503 -0.555304
0.807960 0.502446 -0.307814
0.899773 0.300118 -0.316762
0.795292 0.331658 -0.507458
0.702713 0.708735 -0.062367
0.522314 0.731505 0.438280
0.534536 0.704672 0.466592
0.937257 -0.050478 -0.344966
0.878592 -0.284644 -0.383476
0.609483 0.026344 -0.792361
0.084431 0.227261 -0.970167
0.214815 0.294809 -0.931097
-0.043383 0.216174 -0.975391
0.687747 0.706439 -0.167176
0.120779 0.867398 0.482734
0.187930 0.819483 0.541416
0.111153 0.897885 0.425967
0.919363 0.007616 -0.393337
0.929866 -0.016979 -0.367506
0.928819 0.023680 -0.369777
0.291042 0.865936 0.406755
0.664232 0.657002 -0.356574
0.671379 0.657402 -0.342158
0.829248 0.362658 -0.425238
0.478247 0.082807 -0.874313
0.779979 0.298919 -0.549801
0.972500 -0.168713 -0.160559
0.940112 -0.251190 -0.230419
0.798139 0.556426 -0.231007
0.560573 0.762151 -0.323857
0.805788 0.511974 -0.297637
0.863967 0.427254 0.266486
0.876475 0.374390 0.302695
0.568518 0.728202 -0.382766
0.776821 0.598978 -0.194356
0.779964 0.598914 -0.181545
0.773205 0.600122 -0.204958
0.978346 0.072567 0.193840
0.697439 0.623455 -0.353389
0.610962 0.717541 -0.334455
0.955060 0.224247 -0.193837
0.893202 0.443691 -0.072992
0.513934 0.510129 0.689667
0.947982 0.281819 -0.148011
0.772255 0.170561 -0.611990
0.386663 0.915564 -0.110611
0.993806 -0.093307 0.060360
0.493480 0.339113 -0.800924
-0.607289 -0.702242 -0.371559
0.574143 0.788572 -0.220259
0.841408 0.473458 -0.260520
0.650085 0.644640 -0.402280
0.662770 0.654910 -0.363083
0.791618 0.399793 -0.462068
0.000000 0.000000 1.000000
0.615745 0.004676 -0.787931
0.646481 0.667317 -0.369799
0.756415 0.437401 -0.486330
0.517945 0.699309 -0.492646
0.703557 0.455230 -0.545685
0.671951 0.577475 -0.463687
0.082957 0.993890 -0.072800
0.068120 0.989228 -0.129570
-0.830793 0.521179 -0.195335
-0.798368 0.508214 -0.322998
0.420745 0.883894 -0.204219
0.789770 0.479572 -0.382458
0.409609 0.740691 -0.532538
0.391283 0.773764 -0.498183
0.432908 0.722221 -0.539432
0.662301 -0.201487 -0.721638
0.747616 0.410200 -0.522308
0.754896 0.412524 -0.509859
0.713658 0.685668 -0.143355
0.277284 0.656065 0.701920
0.578013 0.721924 0.380430
0.838476 -0.456517 -0.297573
-0.178166 0.983610 0.027702
0.789118 -0.194454 -0.582649
0.838236 -0.106302 0.534846
0.746885 0.517820 -0.417162
0.849198 0.465840 -0.248710
0.844389 0.475660 -0.246487
0.958360 0.165524 -0.232698
0.631378 0.704351 0.324425
0.802983 0.586561 0.105664
0.454611 0.245866 -0.856083
0.504386 0.647046 -0.571774
0.718881 0.444551 -0.534402
0.937473 0.082900 -0.338041
0.621603 0.682946 -0.383661
-0.543343 0.823944 -0.160919
0.692677 0.411953 -0.592024
0.677850 0.398189 -0.618034
0.788453 0.498337 -0.360558
0.856810 0.271753 0.438208
-0.186621 0.620790 -0.761441
0.385564 0.759579 -0.523813
0.528748 0.788250 0.314782
0.896742 0.325140 -0.300230
0.922603 0.343330 -0.175865
0.348917 0.887011 0.302438
0.619474 0.567027 -0.542893
0.958443 0.034346 0.283210
0.900934 0.361655 -0.239838
0.153377 0.145797 -0.977353
0.240639 0.180403 -0.953702
0.570592 -0.114169 -0.813259
-0.292200 -0.234999 -0.927035
0.370485 -0.830106 -0.416732
0.307043 -0.864628 -0.397672
0.495104 0.810308 0.313485
0.488872 0.795598 0.357810
0.490476 0.824823 0.281247
0.705175 0.462075 -0.537786
0.575010 0.747292 0.333044
0.867200 0.235851 -0.438563
0.887781 0.238904 -0.393409
0.955108 0.287302 -0.072295
-0.759765 0.620646 -0.193792
0.346572 0.934606 0.079993
0.663209 0.568934 -0.486279
0.105016 0.994168 -0.024512
0.055846 0.998337 0.014294
0.145099 0.988829 -0.034121
0.739979 0.654415 0.155475
0.487721 0.672011 -0.557251
0.494596 0.659542 -0.566020
0.825664 -0.331081 -0.456797
0.794671 -0.331541 -0.508507
-0.512742 0.853547 -0.092483
0.870168 0.392995 -0.297259
0.433955 0.302380 -0.848675
0.412498 0.279056 -0.867164
0.570813 0.795236 0.204380
-0.538978 0.833028 -0.124770
-0.549608 0.830406 -0.091422
-0.584147 0.811236 -0.025858
0.553040 0.797261 0.241911
0.319994 0.872789 0.368570
0.512444 0.725082 -0.460062
0.950250 0.133201 -0.281573
0.636846 0.584303 -0.503009
0.405441 0.727977 -0.552872
0.030396 0.946686 0.320720
0.746767 0.609816 -0.265451
0.664880 0.729363 0.161136
0.621612 0.432440 -0.653142
0.855984 0.300656 -0.420592
0.368866 -0.256157 -0.893488
0.549692 0.820796 -0.155346
0.619680 0.695611 -0.363485
0.626769 0.696356 -0.349641
0.618146 0.690924 -0.374861
0.763126 0.644896 -0.041820
0.753174 0.657724 -0.011291
0.474857 0.667698 -0.573315
0.592674 0.631179 -0.500350
0.508086 0.685554 0.521407
0.435519 0.659620 0.612556
0.883353 0.302696 -0.357857
0.844885 0.420399 -0.330807
0.917372 -0.153990 -0.367037
0.654570 0.457399 -0.601934
0.909674 0.415116 -0.013103
0.542861 0.542387 -0.641185
0.752451 0.327183 -0.571636
0.668841 0.719884 -0.185525
-0.954199 -0.060510 0.292988
0.708160 0.457266 -0.537976
-0.228813 0.913095 0.337493
0.824485 0.355907 -0.439948
0.054590 0.815912 -0.575593
0.488330 0.192582 -0.851144
0.548937 0.151381 -0.822042
0.477179 0.222960 -0.850052
0.783515 0.581712 -0.218440
0.812990 0.519616 -0.262768
0.654705 0.659770 -0.368871
0.526337 -0.293216 -0.798119
0.596464 -0.262884 -0.758369
0.442659 -0.298953 -0.845387
0.295479 -0.379331 -0.876813
0.494974 0.750627 0.437676
0.783684 0.614674 -0.089524
0.693450 0.637134 -0.336433
-0.531815 0.834425 -0.144594
-0.236266 0.136914 -0.961994
0.738076 0.668802 -0.089149
0.850460 0.405315 -0.335317
-0.024901 0.998641 0.045792
-0.030009 0.994816 0.097167
0.402859 0.121882 -0.907110
0.970522 0.093598 -0.222097
0.440780 0.603000 -0.664909
-0.141871 0.858268 -0.493203
0.783877 0.620428 0.024624
0.908689 0.033122 -0.416158
0.686518 0.686265 -0.240280
0.901954 0.326652 -0.282448
0.208340 0.417090 0.884664
0.807846 0.533137 -0.251297
0.484483 0.851095 -0.202271
0.463806 0.852964 -0.239449
0.689770 0.603946 -0.399332
0.515831 0.169262 -0.839803
0.568934 0.533973 -0.625449
0.617681 0.707418 -0.343555
-0.326670 0.853424 0.406146
0.750489 0.059038 0.658241
0.492211 0.860091 0.134061
0.731051 0.623391 -0.277394
0.719081 0.637470 -0.276686
0.740657 0.611421 -0.278553
0.801779 0.466336 -0.373740
0.893202 0.162024 -0.419450
0.549390 0.817924 0.170793
0.829293 -0.407255 0.382644
0.624604 0.454527 -0.635040
0.622695 0.463099 -0.630707
0.629683 0.444728 -0.636959
0.646341 0.432520 -0.628626
0.623931 0.450356 -0.638663
0.625202 0.458131 -0.631853
0.628982 0.463008 -0.624504
0.621743 0.453925 -0.638269
0.617938 0.461019 -0.636878
0.920711 0.386406 -0.054605
0.724067 0.664545 -0.184680
0.799124 0.192042 -0.569667
0.783532 0.185181 -0.593115
0.220219 0.939677 -0.261744
0.798122 0.348256 -0.491650
0.131939 0.775007 -0.618027
0.718535 0.425688 -0.549997
0.739318 0.406983 -0.536446
-0.384387 -0.863187 -0.327345
-0.326634 -0.778431 -0.536055
-0.982377 0.172667 -0.071559
0.884757 0.413034 0.215888
0.904438 0.358149 0.231778
-0.202189 0.247796 -0.947479
0.598424 0.721888 -0.347515
0.591592 0.721166 -0.360470
0.874151 0.437904 -0.210001
0.752602 0.641960 -0.146554
0.614804 0.507474 -0.603727
0.774264 -0.386127 0.501420
0.817968 0.529558 -0.224714
0.481364 0.120919 -0.868140
0.519983 0.120779 -0.845594
0.089130 0.776908 -0.623273
0.836524 0.417476 -0.354882
0.821982 0.432047 -0.371055
0.555112 0.694928 -0.457084
0.965564 0.253671 -0.057766
0.209344 -0.576661 0.789707
0.706685 0.697818 -0.116815
0.722519 0.545213 -0.425099
0.604966 -0.007679 -0.796214
0.704817 0.526563 -0.475357
0.721908 0.506552 -0.471438
0.983054 0.164376 0.081152
0.865695 0.500056 -0.022743
0.592649 0.784428 -0.182867
0.617375 0.765820 -0.179909
0.908192 0.370980 0.193806
0.797274 0.548701 -0.251558
0.782083 0.565511 -0.261808
0.702899 0.669962 0.238922
0.701213 0.686351 0.192931
0.510935 0.261546 -0.818865
0.406823 -0.738894 -0.537151
0.436640 -0.611556 -0.659806
0.404862 -0.827312 -0.389413
0.470403 -0.774668 -0.422624
0.433530 -0.800668 -0.413500
0.430681 -0.766438 -0.476535
0.671855 0.428499 -0.604152
0.473297 0.655504 -0.588477
0.976620 0.128965 0.171990
0.841694 0.461289 0.280649
-0.846511 0.489936 0.208281
0.800522 0.589669 -0.107027
0.529215 -0.367105 -0.764961
0.422663 -0.402009 -0.812247
0.356817 0.593241 0.721628
0.350138 0.652506 0.672041
0.280871 0.861950 -0.422081
0.833438 0.551127 0.040498
0.383284 0.732521 -0.562589
0.768459 -0.057113 0.637345
0.906339 0.266438 -0.327963
0.935024 0.103614 -0.339107
0.000000 0.000000 1.000000
0.513737 0.831335 -0.212030
0.503540 0.825889 -0.253682
0.535555 0.824219 -0.183964
0.792601 0.414163 -0.447497
0.803916 0.408542 -0.432218
0.828206 0.504546 -0.243941
0.456336 0.274303 -0.846472
-0.828731 0.218094 -0.515403
0.744397 0.413277 -0.524477
0.843422 0.426173 -0.327132
0.836795 0.432210 -0.336108
0.083618 -0.114902 -0.989851
0.623633 0.440836 -0.645558
0.197340 0.964894 0.173311
0.128614 0.978056 0.163904
0.701370 0.434350 -0.565172
0.597997 0.649976 -0.468967
0.584166 0.673732 -0.452587
0.511500 -0.237202 0.825895
0.901422 0.411462 0.134672
0.912370 0.391899 0.118305
0.848641 0.412472 -0.331172
0.739162 -0.035257 0.672604
0.599379 0.724699 -0.339935
0.890358 0.271987 -0.365083
0.787388 0.322262 -0.525517
0.781028 0.480155 -0.399306
0.000000 0.000000 1.000000
0.113655 0.801309 -0.587356
0.110829 0.798607 -0.591560
0.478244 0.459212 -0.748604
0.642006 0.604436 -0.471684
0.633319 0.623763 -0.458069
0.753493 0.410603 -0.513472
0.760780 0.407537 -0.505101
0.778123 0.387734 -0.494153
0.756321 0.396981 -0.519986
0.783193 0.589706 -0.197120
0.782791 0.587276 -0.205781
0.818094 0.517300 -0.251243
0.849261 0.356981 -0.388998
0.000000 0.000000 1.000000
0.748473 0.405342 -0.524867
0.743605 0.408519 -0.529306
0.162281 0.252115 -0.953993
0.671932 0.613688 -0.414602
-0.524705 0.842296 -0.123376
0.941102 -0.183601 -0.283934
0.929994 -0.216005 -0.297409
0.947122 -0.150494 -0.283392
0.734795 0.499094 -0.459326
0.519008 0.782487 0.344013
0.488996 0.585289 0.646776
-0.067801 0.603134 -0.794753
0.001971 0.506345 -0.862329
0.763728 0.645292 0.017831
0.795358 0.325113 -0.511573
0.839928 0.488487 -0.236434
-0.199069 0.053079 -0.978547
-0.291099 0.073990 -0.953828
-0.216452 0.008947 -0.976252
-0.244080 0.068192 -0.967355
-0.427775 0.039492 -0.903022
-0.621763 0.158609 -0.766978
0.445302 0.849681 0.282397
0.662075 0.674521 -0.326615
-0.372682 0.699122 -0.610194
0.510744 0.746108 -0.427157
0.690812 0.473812 -0.546151
0.932891 0.311520 -0.180749
0.613889 0.701139 -0.362691
0.605982 0.705693 -0.367130
0.592774 0.712416 -0.375609
0.955156 -0.038994 0.293525
0.969591 -0.043943 0.240752
0.619116 0.408488 -0.670696
0.677895 0.591547 0.436498
0.785321 0.598789 -0.157236
0.928575 0.165483 -0.332212
0.922101 0.207441 -0.326645
0.529515 0.076114 -0.844879
-0.144164 0.112158 -0.983177
0.697518 0.478158 -0.533698
0.853565 0.240751 -0.462023
0.520526 0.534407 -0.665929
-0.536906 0.836892 -0.106506
-0.467235 0.711201 -0.525247
0.727371 0.622052 -0.289796
-0.616808 0.619329 0.485777
0.848844 0.462024 -0.256901
0.853802 0.453865 -0.255007
0.844779 0.467896 -0.259656
0.851241 0.456635 -0.258596
0.854375 0.448293 -0.262824
0.851711 0.444163 -0.278041
-0.151673 -0.630008 -0.761633
0.627865 0.558583 -0.542006
0.618319 0.768218 0.165900
0.959956 0.263590 -0.094898
0.449490 0.682663 -0.576133
0.077269 0.634408 -0.769127
0.102220 0.668359 -0.736781
-0.013568 0.999885 -0.006810
0.899064 0.343213 -0.271823
0.909357 0.333926 -0.248118
0.627122 0.451995 -0.634365
0.778199 -0.402704 -0.481908
0.960259 0.218924 0.173131
0.923715 -0.006543 -0.383025
0.920117 -0.044105 -0.389152
-0.126620 0.156935 -0.979458
0.701724 0.447357 -0.554486
0.819420 0.554552 0.144994
0.671187 0.699136 -0.246408
0.319880 0.892923 0.316805
0.604776 0.776729 -0.175893
0.377215 0.360418 -0.853117
0.917794 0.024275 -0.396314
0.923292 0.022448 -0.383443
0.917969 0.037287 -0.394896
0.924579 0.050709 -0.377600
0.913636 0.030285 -0.405404
0.860521 0.494568 -0.122093
0.697722 0.663384 -0.270380
0.972222 0.032312 -0.231819
0.722417 0.687161 -0.076966
0.110867 0.930983 0.347820
0.987497 -0.015383 -0.156887
0.399552 0.541117 0.739967
0.791722 0.217821 -0.570728
0.774199 0.216762 -0.594669
0.903101 0.275917 0.329057
0.685998 0.706550 -0.173763
0.681234 0.709833 -0.179043
0.690090 0.703025 -0.171849
0.699427 0.695872 -0.162987
0.693999 0.697542 -0.178328
0.356246 -0.848601 -0.391106
0.016765 0.780919 -0.624407
0.813956 0.374791 -0.443855
0.753352 0.399494 -0.522366
0.756181 0.518706 -0.398917
0.767936 0.508139 -0.389960
-0.653664 0.473115 0.590665
0.814352 0.259255 -0.519247
0.720900 0.629761 -0.289315
0.709861 0.393508 -0.584165
0.695680 0.388992 -0.603917
-0.116808 -0.147520 -0.982137
-0.260171 -0.133589 -0.956277
-0.153310 -0.233822 -0.960116
-0.149851 -0.388741 -0.909079
0.765017 0.436971 -0.473081
0.936793 0.292438 -0.192093
0.578991 0.649905 -0.492334
0.559517 0.659944 -0.501413
0.619497 0.596893 -0.509846
0.607363 0.603350 -0.516798
0.628174 0.584044 -0.514092
0.628557 0.593560 -0.502596
0.647524 0.732969 -0.208493
0.653597 0.717078 0.242094
0.951168 -0.164352 0.261281
0.481723 0.679566 -0.553292
0.482094 0.695685 -0.532549
0.000000 0.000000 1.000000
0.482637 0.673356 -0.560048
0.458892 0.685912 -0.564751
0.859631 0.243882 -0.448950
0.892334 0.404681 -0.199935
0.975193 0.194900 0.104940
0.852167 0.227835 -0.471066
0.839447 0.230818 -0.491987
0.833535 0.201071 -0.514577
0.802238 0.387869 -0.453841
0.781598 0.401693 -0.477230
-0.710433 0.645979 0.279277
-0.585506 0.747340 0.314112
0.987233 0.159276 0.001636
0.786227 -0.551581 -0.278577
0.832031 0.457196 -0.314159
0.722442 0.429515 0.541844
0.724040 0.321396 0.610304
0.736696 0.221006 0.639089
0.914053 0.281301 -0.292193
0.921485 0.282939 -0.266103
0.953016 0.300736 -0.036317
0.945206 0.324245 -0.038075
0.934848 0.095837 -0.341870
0.654651 0.566131 -0.500927
0.000000 0.000000 1.000000
0.957905 0.276061 0.078796
0.967482 0.250295 0.036490
0.953899 0.276894 0.115783
-0.318776 0.521053 -0.791761
0.774239 -0.006234 0.632862
0.783755 0.019992 0.620748
0.774697 -0.032417 0.631501
0.798211 -0.040332 0.601026
0.804520 0.041904 0.592446
0.685915 0.685966 -0.242840
0.144009 0.841361 0.520934
0.183280 0.737912 0.649534
0.125835 0.798665 0.588473
0.003667 0.698757 0.715350
0.683783 0.726160 -0.071646
0.594442 0.783155 0.182503
0.295090 0.927982 -0.227532
0.267351 0.927057 -0.262846
0.000000 0.000000 1.000000
0.738335 0.444524 -0.507209
0.492404 0.852938 -0.173308
0.708767 0.196501 -0.677523
0.170922 0.985210 0.012105
0.682286 0.679743 -0.269138
0.670162 0.654345 -0.350308
0.682627 0.640943 -0.351017
0.340958 0.855209 -0.390340
0.362523 0.864741 -0.347562
0.820706 0.388484 -0.418953
0.821541 0.396841 -0.409374
0.839202 0.470439 -0.272813
0.837969 0.370057 -0.401081
0.959548 -0.075045 -0.271361
0.464108 -0.109903 -0.878934
0.512175 0.656189 -0.554159
0.534525 0.652919 -0.536637
0.212390 0.971436 0.105845
0.161149 0.982835 0.089818
0.240083 0.968688 0.063273
0.304314 0.952540 0.007728
0.675237 0.492619 0.548983
0.446037 0.894244 -0.037137
0.415149 0.906908 -0.071893
0.464351 0.885608 0.008771
0.912159 0.167810 -0.373906
0.059327 0.126175 -0.990232
0.701635 0.554249 -0.447790
0.423697 0.712794 -0.558933
0.300392 0.901549 -0.311405
0.752904 0.649685 -0.105096
-0.260301 0.808013 -0.528543
0.701860 0.640974 -0.310716
0.998687 -0.044969 0.024546
0.669651 -0.468129 -0.576561
-0.541836 0.414271 -0.731296
-0.648223 0.385239 -0.656808
-0.221915 -0.053460 -0.973599
0.993975 -0.098017 -0.049055
0.671384 0.707291 -0.221321
0.680539 0.696738 -0.226767
0.681432 0.692262 -0.237538
0.266910 -0.876150 0.401397
0.647861 0.613214 -0.451934
0.841551 0.420462 -0.339120
0.837788 0.422294 -0.346091
0.139204 0.806370 -0.574796
0.707502 0.612350 -0.352800
0.723053 0.593474 -0.353531
0.905662 0.285995 -0.313023
0.907714 0.292721 -0.300615
0.906950 0.274367 -0.319631
0.434119 0.484348 0.759571
0.455527 0.383829 0.803225
0.809440 0.585435 -0.045520
0.804501 0.534350 -0.259323
0.801613 0.536050 -0.264701
-0.063264 0.997449 0.033060
-0.084829 0.994335 0.064050
-0.141917 0.986671 0.079628
-0.040064 0.999147 0.010008
-0.048669 0.997931 -0.042021
0.624415 0.554376 -0.550248
0.617314 0.552304 -0.560253
0.631424 0.549940 -0.546690
0.644279 0.546111 -0.535413
-0.255555 0.409420 -0.875823
0.704489 0.456778 -0.543185
0.843693 0.285238 -0.454776
0.000000 0.000000 1.000000
0.820965 0.543819 -0.174004
0.936348 0.089774 -0.339402
0.549034 0.187738 -0.814442
0.808826 0.494622 -0.318042
0.233791 0.127663 -0.963869
0.919989 0.072689 -0.385146
0.873343 0.398650 0.279912
0.930758 0.118266 -0.345982
0.923444 0.134968 -0.359214
0.932258 0.135450 -0.335481
0.908564 0.139633 -0.393718
0.615734 0.580269 -0.533066
0.629066 0.575728 -0.522315
0.616572 0.588753 -0.522693
0.065498 0.857058 0.511041
0.030018 0.887271 0.460270
0.087639 0.833500 0.545525
0.884762 -0.368789 -0.284941
0.856121 -0.398750 -0.328718
0.927696 0.095222 -0.360988
0.921509 0.095037 -0.376550
0.910191 0.110027 -0.399308
0.754487 0.504460 -0.419844
0.726771 0.612623 -0.310640
0.839754 0.426237 -0.336356
0.632472 -0.734356 -0.246374
0.820338 0.494009 -0.288097
0.617955 0.700864 -0.356260
0.365613 0.860597 0.354543
0.772161 0.629361 -0.087588
0.791715 0.310617 -0.526027
0.475386 -0.798056 -0.370291
0.901466 0.082353 -0.424944
0.846763 0.107752 0.520943
0.901775 0.402301 0.157973
0.890873 0.421683 0.168906
-0.324358 0.930015 -0.172810
-0.384497 0.905223 -0.180921
0.918589 0.013365 -0.394988
0.915078 0.007642 -0.403206
0.922822 0.011449 -0.385057
0.055921 0.874781 0.481281
0.073484 0.892331 0.445359
0.330007 0.816735 -0.473328
0.582002 0.789920 -0.193134
0.558777 0.804323 -0.202071
0.739015 0.593218 -0.319295
-0.120934 0.353550 0.927565
0.825109 0.393545 0.405361
0.830750 0.420723 0.364482
0.640098 -0.664085 0.386349
0.243962 0.838341 -0.487511
0.203560 0.823759 -0.529136
-0.515222 0.845186 -0.142152
0.776397 0.347283 -0.525930
0.781903 0.336409 -0.524840
0.758990 0.358927 -0.543236
0.619727 0.738043 0.266892
0.691626 0.679810 -0.243953
0.698974 0.612560 -0.369060
0.942564 0.069964 -0.326616
0.660983 0.411913 -0.627239
0.835091 0.279304 -0.473932
0.537052 0.678100 -0.501753
0.532874 0.692157 -0.486788
0.544355 0.663952 -0.512684
0.933225 0.101951 -0.344525
0.932275 0.099618 -0.347764
0.933395 0.104598 -0.343269
0.932900 0.100422 -0.345852
0.933477 0.096796 -0.345328
0.934281 0.090159 -0.344949
0.796691 0.506739 -0.329393
0.790223 0.507266 -0.343843
0.557762 -0.828616 -0.047940
0.731746 0.428472 -0.530057
0.762228 0.505138 -0.404776
0.675696 0.676601 -0.292655
0.984748 0.142682 0.099566
0.771968 0.366978 -0.519030
0.445721 0.135950 -0.884788
0.422490 0.133954 -0.896414
0.749863 0.555275 -0.359688
-0.526898 -0.801539 -0.282691
0.813917 0.367675 0.449838
0.794265 0.366692 0.484437
0.831834 0.356727 0.425204
0.844214 0.379630 -0.378396
0.596616 0.686033 -0.416423
0.576598 0.692490 -0.433580
0.867945 0.491778 0.069463
0.847370 0.298940 -0.438862
0.923742 0.382453 -0.020736
0.915660 -0.283412 -0.285033
0.929222 -0.260805 -0.261776
0.353128 0.499071 -0.791346
0.922021 0.363172 0.134103
0.921857 0.377350 -0.088246
0.849685 0.432772 -0.301236
0.756849 0.538282 -0.370718
-0.774310 0.498347 0.389994
-0.765927 0.404616 0.499642
0.830370 0.372485 -0.414415
0.610049 0.669604 -0.423640
0.930750 0.329963 -0.157573
0.670655 0.640758 -0.373698
0.805272 0.298465 -0.512304
0.930067 0.102492 -0.352805
0.000000 0.000000 1.000000
0.821283 0.379205 -0.426260
0.306059 0.839942 -0.448135
0.648153 0.676145 -0.350321
0.900393 0.308480 -0.306809
-0.532328 -0.381400 0.755752
0.714858 0.456461 -0.529738
0.411592 0.025310 -0.911017
0.568321 0.664390 -0.485383
0.675347 0.645348 -0.356977
0.679707 0.647693 -0.344226
0.866115 -0.142221 -0.479185
0.785255 0.407296 0.466352
0.199941 0.858802 -0.471680
0.523853 0.678399 -0.515125
0.529237 0.666142 -0.525511
0.515983 0.690266 -0.507243
0.408079 0.675003 -0.614688
0.858932 0.371387 -0.352573
-0.676296 -0.711779 -0.189719
0.461414 0.145206 -0.875221
0.475686 0.159946 -0.864951
0.597803 0.791817 -0.125129
0.936228 0.104380 -0.335531
0.938020 0.105367 -0.330176
0.339631 0.906031 -0.252505
0.382801 0.894276 -0.231806
0.794399 0.538082 -0.281777
0.780964 0.556758 -0.283047
0.750910 0.633990 -0.184908
0.744710 0.429423 -0.510884
0.736640 0.441843 -0.511993
0.746832 0.425309 -0.511228
0.000000 0.000000 1.000000
0.595846 0.787629 -0.156872
0.800704 0.320262 -0.506266
0.941066 0.207739 -0.266905
0.943047 0.229921 -0.240413
0.665009 0.661723 -0.346246
0.242618 0.597993 0.763898
0.144187 0.634603 0.759269
0.281163 0.566396 0.774689
0.867503 0.429970 -0.250129
0.871417 0.410609 -0.268389
-0.249028 0.956633 -0.151126
-0.563733 0.324391 0.759589
0.895066 0.418587 -0.153761
-0.139675 0.003295 -0.990192
-0.171400 -0.034135 -0.984610
0.692851 0.022893 -0.720717
0.773353 0.602094 -0.198516
0.636917 0.595415 -0.489712
0.725738 0.403125 -0.557489
0.805786 0.526101 -0.271894
0.894844 0.319926 -0.311292
0.887333 0.319568 -0.332440
0.468135 0.315161 -0.825544
0.439722 0.346715 -0.828513
-0.845737 -0.435800 0.307908
0.834278 0.517335 -0.190643
-0.838774 -0.273928 0.470554
0.733327 0.624200 -0.269454
0.740621 0.618490 -0.262586
0.743843 0.623653 -0.240321
0.748491 0.613653 -0.251378
-0.215246 0.970937 0.104647
0.620643 -0.009623 -0.784034
0.633820 -0.019902 -0.773225
0.650364 -0.052612 -0.757798
0.656236 -0.026515 -0.754090
0.891342 0.417777 -0.175985
0.900896 -0.302291 -0.311459
0.007145 0.990373 -0.138238
0.425897 0.325583 -0.844161
0.344536 0.877388 0.333895
0.352302 0.880231 0.317925
0.373845 0.877249 0.301121
0.405530 0.876528 0.259316
0.393146 0.819786 -0.416398
0.176520 0.981723 -0.071136
0.914765 0.395039 0.084560
0.357360 0.826310 -0.435323
0.809207 0.498999 -0.310135
0.811429 0.499039 -0.304207
0.817605 0.492209 -0.298751
0.808476 0.506501 -0.299706
0.819799 0.483888 -0.306237
0.815953 0.488152 -0.309723
0.825475 0.482078 -0.293585
0.834614 0.467559 -0.291217
0.739911 0.133375 -0.659350
0.735451 0.639396 0.224243
0.746543 0.611931 0.261177
0.734346 0.651428 0.190728
0.652744 0.694558 -0.302514
0.800436 0.219437 -0.557808
0.816250 0.214189 -0.536525
0.378078 0.925773 0.000841
0.807278 0.121250 -0.577582
0.790928 0.149291 -0.593418
0.856253 0.455759 -0.243136
-0.125008 0.991209 0.043337
0.972272 0.210385 -0.102100
0.687339 0.619619 -0.378994
0.303167 -0.835678 -0.457966
0.776461 -0.457351 -0.433519
0.896031 0.298475 -0.328695
0.420989 -0.874734 -0.240018
0.532747 -0.826980 -0.179677
-0.002838 0.975757 -0.218840
0.086963 0.996209 0.002352
-0.867653 0.359218 -0.343716
0.881385 -0.317143 -0.350115
-0.500421 0.640064 0.583007
0.524080 0.735953 0.428619
0.511904 0.742005 0.432877
0.505113 0.734535 0.453122
0.506078 0.754421 0.418013
0.977309 -0.205490 0.051395
0.488329 -0.792264 0.365860
0.763741 0.587453 -0.267579
0.772322 0.574312 -0.271450
0.758967 0.598641 -0.256121
0.606098 0.588410 -0.535181
0.836140 0.323205 -0.443180
0.593558 -0.360580 -0.719493
0.304967 0.139795 -0.942047
0.744217 0.472825 -0.471782
0.369625 0.831473 -0.414764
0.379542 0.815474 -0.436978
0.387165 0.794379 -0.468044
0.467876 0.090935 -0.879103
0.443878 0.086773 -0.891876
0.443347 0.052525 -0.894810
0.801996 0.496248 -0.332476
0.000000 0.000000 1.000000
-0.715654 0.677853 -0.168390
-0.727855 0.685665 -0.009546
-0.662401 0.711925 -0.233211
-0.658993 0.660520 -0.359780
0.972457 0.184979 -0.141810
0.979434 0.158132 -0.125310
0.947580 -0.192487 -0.255030
0.939400 -0.226908 -0.256983
0.953206 -0.178277 -0.244162
0.961140 -0.158684 -0.225895
0.967307 -0.164116 -0.193346
-0.359440 0.295826 0.885037
-0.236782 0.281586 0.929862
-0.471789 0.209271 0.856517
0.911303 0.016511 -0.411405
0.404554 0.754692 -0.516503
0.425359 0.760578 -0.490501
0.808878 0.534789 -0.244371
0.573995 0.800069 0.174410
0.972161 0.117446 0.202754
0.966388 0.133069 0.219971
0.975334 0.114839 0.188507
-0.530773 0.792069 -0.301508
0.668612 0.733090 0.124646
0.700061 0.706350 0.104806
0.891409 0.366635 0.266400
0.898158 0.323100 0.298193
0.711991 0.467754 -0.523712
0.865944 -0.440926 0.236061
0.838265 -0.518670 0.168207
-0.234842 0.933885 -0.269644
0.789537 0.577917 -0.206500
0.667425 0.665515 -0.334116
0.731350 0.669363 -0.130691
0.844183 0.464116 -0.268236
0.912372 0.382929 -0.144712
0.099883 -0.005613 -0.994983
0.350945 -0.924872 -0.146458
0.130998 -0.982969 -0.128886
0.238673 0.951206 0.195554
0.238205 0.935321 0.261599
0.046390 0.882901 -0.467262
0.324055 0.902176 -0.284721
0.752028 0.405953 -0.519284
0.758590 0.401451 -0.513204
0.361223 0.581577 -0.728894
0.792975 0.607397 0.047530
0.636835 0.558181 -0.531860
0.620929 0.691933 -0.368342
0.584001 0.752007 -0.305660
0.659453 0.596615 -0.457354
0.699015 0.546006 -0.461797
-0.740549 -0.510715 -0.436758
-0.886636 -0.314261 -0.339290
0.806389 0.361617 0.467942
0.806253 0.335403 0.487300
0.620594 0.620768 -0.479072
0.616659 0.636691 -0.462987
-0.262120 0.109226 -0.958834
-0.336887 0.123528 -0.933407
0.172721 0.806495 -0.565449
0.814729 -0.267166 -0.514626
0.812317 0.532952 -0.236861
0.696431 0.332004 -0.636205
0.698931 0.284866 -0.656008
0.946317 0.302260 -0.114556
0.942834 0.319278 -0.095531
0.931968 0.346918 -0.105280
0.809463 0.551756 0.200836
0.664231 0.649423 -0.370198
0.658566 0.654483 -0.371406
0.667971 0.643541 -0.373724
0.786409 0.336986 -0.517688
0.000000 0.000000 1.000000
0.788094 0.334013 -0.517052
0.971385 0.218860 0.092257
0.803655 0.303040 0.512158
0.790410 0.240862 0.563239
0.770169 0.304507 0.560460
0.755832 0.578187 -0.307275
-0.188316 0.193343 -0.962889
-0.610865 0.726474 -0.314769
0.908303 -0.081485 -0.410299
0.600152 0.485563 -0.635646
0.596843 0.161353 -0.785967
0.946087 0.272664 -0.174855
0.946935 0.315869 0.059503
0.936860 0.338447 0.088019
0.957551 -0.183694 -0.222154
0.744679 -0.107362 -0.658731
0.467278 0.630613 -0.619660
0.040493 -0.953516 -0.298610
-0.776620 0.609415 0.159605
0.313099 0.929383 -0.195490
0.903315 0.316841 -0.289196
0.904861 0.309000 -0.292824
0.682145 0.685817 -0.253642
0.690250 0.676383 -0.257025
0.676878 0.692284 -0.250156
0.831041 0.547327 -0.099018
0.615420 0.696517 0.368948
0.656187 0.667843 0.351290
0.879772 0.453210 -0.143532
0.888954 0.443908 -0.112722
0.644339 -0.104121 -0.757619
0.611696 0.015074 -0.790949
0.622976 0.020515 -0.781972
0.897230 -0.275528 -0.345055
-0.018436 0.826964 0.561952
-0.066457 0.764268 0.641465
0.641963 0.006168 -0.766711
0.628277 0.009244 -0.777935
0.864671 0.252146 -0.434472
0.876908 0.241491 -0.415589
0.873400 0.429674 -0.229242
0.805670 0.586836 -0.080738
0.679623 0.717328 -0.153472
0.665228 0.734192 -0.135772
0.682033 0.719102 -0.133125
0.653164 0.749955 -0.104616
0.602777 0.665513 -0.440172
0.807648 0.479058 -0.343814
0.817489 0.463828 -0.341432
0.817401 0.450220 -0.359384
0.549347 0.443772 -0.708014
0.556608 0.471112 -0.684281
0.837486 0.442830 -0.320184
0.355783 0.913313 -0.198188
0.774695 0.586324 -0.236792
0.934117 0.271004 -0.232340
0.688088 0.538431 -0.486443
0.953838 0.278200 -0.113126
0.768961 0.131928 -0.625534
0.953822 -0.252549 -0.162614
0.779912 0.502960 -0.372515
0.747447 0.446684 -0.491728
0.763810 0.422566 -0.487885
-0.657897 0.751696 -0.046099
0.670608 0.633886 -0.385323
0.862457 0.227225 -0.452257
0.971938 0.101430 0.212247
0.966902 0.102146 0.233808
0.975767 0.089561 0.199642
0.964224 0.079608 0.252855
0.752753 0.654329 -0.072224
0.094442 -0.983171 0.156382
0.818260 0.378056 -0.433041
0.819927 0.369136 -0.437559
0.987604 -0.148837 0.049861
0.488771 0.651106 -0.580658
0.640898 0.766842 0.034684
0.094358 -0.880821 -0.463952
-0.034880 -0.790193 -0.611864
0.937606 0.169474 -0.303601
0.709057 0.454203 -0.539387
0.714702 0.450948 -0.534647
0.780512 0.591556 -0.202145
0.783157 0.584406 -0.212449
0.543095 0.029727 -0.839145
0.535817 -0.012932 -0.844235
0.504374 -0.061607 -0.861285
0.911496 0.044606 -0.408883
0.542992 -0.775874 -0.321215
0.619008 -0.707134 -0.341746
0.612113 -0.653541 -0.445200
0.927282 -0.333769 -0.169547
0.978741 0.185877 -0.086698
0.406251 0.802053 -0.437802
-0.636539 -0.730329 0.247866
0.640690 0.767771 -0.006650
0.845743 0.231146 -0.480927
0.840561 0.247552 -0.481845
-0.765888 0.634587 -0.103508
0.807622 0.393020 0.439638
0.818112 0.389933 0.422663
0.797072 0.396890 0.455142
0.866312 0.478021 -0.144912
0.460553 0.740842 -0.488920
0.547161 0.561714 -0.620558
0.788160 0.316178 -0.528050
0.785896 0.461136 -0.411972
0.643236 0.515765 -0.565892
-0.485728 0.860796 -0.151982
-0.441975 0.884434 -0.149782
0.819162 0.516425 0.249558
0.817633 0.497430 0.289897
0.668909 0.649322 -0.361859
0.667562 0.647679 -0.367250
-0.303545 0.920604 -0.245658
0.862415 0.312501 -0.398226
0.807352 0.197907 -0.555891
0.471684 0.746687 0.469013
0.413880 0.767058 0.490230
0.390255 0.720101 0.573721
0.879101 0.448203 0.162158
0.872697 0.472102 0.124580
0.805736 0.503057 -0.312609
0.605759 0.795510 0.014825
0.690737 0.681580 -0.241517
0.697182 0.677828 -0.233426
0.715158 0.660252 -0.229384
0.693923 0.685529 -0.220273
0.710130 0.673972 -0.203657
0.705889 0.667347 -0.237422
0.715538 0.653171 -0.247737
-0.794474 0.534918 0.287529
0.808757 0.546658 -0.216973
0.338022 0.884938 -0.320353
0.600546 0.588025 -0.541822
0.605947 0.575613 -0.549089
0.698283 0.467764 -0.541846
0.694619 0.466672 -0.547468
-0.329834 0.753475 -0.568757
0.385867 0.835692 -0.390801
0.422057 0.819594 -0.387472
0.438939 0.829482 -0.345386
0.561672 0.710913 -0.423233
0.551209 0.708875 -0.440074
0.621004 0.752863 0.218062
0.589818 0.768040 0.249456
0.718464 0.644467 -0.261671
0.790556 0.387022 0.474590
0.769170 0.386563 0.508868
0.913068 0.060555 -0.403286
0.721608 0.449241 -0.526749
0.725362 0.455953 -0.515710
0.735943 0.455742 -0.500688
0.895622 -0.236530 -0.376717
0.796939 0.573278 -0.190371
0.903851 0.404659 -0.138943
0.965487 -0.001580 -0.260448
0.972218 -0.036135 -0.231271
0.958700 0.016401 -0.283946
0.662719 0.746921 -0.053968
0.646958 0.758695 -0.076335
0.663474 0.747599 -0.029955
-0.041122 0.869652 0.491949
0.732805 0.478007 -0.484258
0.776184 0.316508 -0.545309
0.738193 0.416060 -0.531003
0.729811 0.417584 -0.541294
0.782062 0.222491 -0.582131
0.772933 0.246615 -0.584598
0.806242 0.495983 -0.322452
0.527673 0.742734 0.412197
0.549834 0.727894 0.409699
0.540244 0.737356 0.405514
0.557104 0.733764 0.388877
0.565766 0.704425 0.428596
0.520253 0.748422 0.411341
0.512915 0.761938 0.395435
0.596721 0.695694 0.399916
0.565430 0.741774 0.360639
0.709137 0.538198 -0.455486
0.719039 0.522608 -0.458110
0.906462 0.289679 -0.307267
0.903725 0.296101 -0.309202
-0.791045 -0.610177 -0.043959
0.431326 0.892116 0.134486
0.940347 0.214690 0.263925
0.948033 0.230669 0.219145
0.292608 0.952662 0.082557
0.484237 0.089325 -0.870365
0.507793 0.085414 -0.857234
0.511636 0.061342 -0.857010
0.807884 0.520427 -0.276549
0.800678 0.525876 -0.287001
0.661293 0.580010 -0.475690
0.824771 0.274898 -0.494150
0.531685 0.794243 0.294090
0.969547 0.127208 0.209278
0.967876 0.145269 0.205216
0.967394 0.164343 0.192719
0.958554 0.190515 0.211845
0.403104 0.177752 -0.897726
0.380848 0.213610 -0.899625
0.500657 0.039749 -0.864733
0.831221 0.373361 0.411914
0.845037 0.351320 0.403096
0.867419 0.337377 0.365735
0.880505 0.284509 0.379166
0.614701 0.574792 -0.540145
0.769211 0.638776 -0.016732
0.756812 0.006088 0.653605
0.761150 0.032831 0.647744
0.750275 -0.009898 0.661052
0.732771 -0.007730 0.680431
0.686660 -0.010776 0.726899
0.712917 -0.029735 0.700618
0.618274 0.006411 0.785937
0.539908 0.146746 0.828833
0.545535 0.669964 -0.503527
0.821742 0.551699 -0.142715
0.805791 0.534384 -0.255213
0.693837 0.700987 -0.164943
0.696465 0.700716 -0.154705
0.698357 0.701497 -0.142127
0.694005 0.708869 -0.125944
0.902919 0.019920 -0.429349
0.895024 -0.012813 -0.445835
0.884476 0.024373 -0.465948
0.360604 0.919600 0.155889
0.191534 0.603005 0.774402
0.146684 0.544342 0.825939
0.909147 0.414812 0.037178
0.924395 0.378336 0.048537
0.899720 0.435975 0.020728
-0.102275 0.057008 -0.993121
-0.053803 0.051442 -0.997226
0.933143 0.103492 -0.344286
0.931728 0.110697 -0.345875
0.930147 0.112667 -0.349476
0.932425 0.104825 -0.345824
0.931476 0.108630 -0.347206
0.927347 0.119670 -0.354552
0.928092 0.129517 -0.349100
0.926927 0.143527 -0.346707
0.932580 0.108410 -0.344300
-0.011471 -0.314544 -0.949174
0.064509 -0.455373 -0.887961
0.989770 0.137547 0.037885
0.777301 -0.490252 -0.394278
0.733557 -0.558047 -0.387915
0.782231 -0.524513 -0.336156
0.759703 0.135674 0.635959
0.725349 0.630083 -0.277243
0.726088 0.633974 -0.266221
0.730270 0.635916 -0.249630
0.682367 0.239354 0.690713
0.620884 0.184584 0.761860
0.432633 0.159787 -0.887297
0.407708 0.161898 -0.898645
0.447145 0.156907 -0.880592
0.633323 0.707431 -0.313758
0.526914 0.098700 -0.844168
0.557027 0.111913 -0.822919
0.513835 0.825556 -0.233305
0.663028 0.713806 -0.225557
0.815108 -0.319788 -0.483046
0.656495 -0.366111 -0.659528
0.711543 -0.308923 -0.631089
-0.123265 0.227641 -0.965912
-0.128367 0.308681 -0.942464
0.659864 0.702373 -0.266931
0.975279 0.217794 -0.037361
0.790190 0.348640 -0.504034
0.667090 0.443783 -0.598371
0.999242 0.024344 0.030362
0.376576 0.688433 -0.619879
0.326493 0.709807 -0.624161
0.817923 0.479128 -0.318493
0.822623 0.465937 -0.325875
-0.546056 -0.830298 -0.111481
-0.491427 -0.859652 0.139637
-0.401948 -0.915591 -0.011465
0.646740 0.113204 -0.754263
0.033767 0.959265 -0.280484
0.610998 0.700608 -0.368552
0.944434 -0.208404 -0.254188
0.779219 0.624848 -0.048812
0.780116 0.622143 -0.066002
0.798089 0.316361 -0.512806
0.853713 0.406397 -0.325599
0.858512 0.391984 -0.330615
0.853872 0.413941 -0.315524
0.861662 0.407658 -0.302247
0.965655 0.237809 -0.104675
0.917758 -0.324731 0.228627
0.958977 0.281984 -0.029120
0.966687 0.254306 -0.029059
0.934005 0.079708 -0.348254
0.705304 0.691936 -0.154180
0.674416 0.552251 -0.490083
0.664761 0.556577 -0.498311
0.682147 0.545170 -0.487305
0.778879 0.587877 -0.218512
0.562397 0.818427 -0.117842
0.557629 0.826886 -0.072870
0.707221 0.465707 -0.531936
0.865521 -0.000367 0.500873
0.634623 -0.005054 -0.772805
-0.074232 0.075555 -0.994375
0.791427 0.334208 -0.511809
0.793856 0.339818 -0.504297
0.353489 0.703623 -0.616409
0.354138 0.724474 -0.591374
0.031493 0.191647 -0.980959
0.304761 0.402871 -0.863027
0.238066 0.443094 -0.864287
0.165869 0.394725 -0.903703
0.130840 0.793261 -0.594658
0.129518 0.783254 -0.608061
0.133815 0.800362 -0.584392
0.120281 0.809439 -0.574754
0.111765 0.834716 -0.539219
0.151355 0.776213 -0.612033
0.191800 0.753924 -0.628341
0.112566 0.774870 -0.622017
0.108275 0.787093 -0.607257
0.152178 0.797442 -0.583891
0.462541 0.126554 -0.877519
0.811280 0.523778 -0.259771
0.838561 0.538126 0.085069
0.834150 0.538686 0.118372
-0.717418 0.565664 -0.406614
0.895007 0.335039 -0.294469
0.887689 0.347213 -0.302408
0.975364 0.181586 0.125268
0.341694 0.022973 -0.939530
0.951543 0.102047 -0.290091
0.516144 0.013668 -0.856393
0.489117 -0.015148 -0.872086
0.878687 0.263012 -0.398414
0.882959 -0.108678 0.456696
0.660778 0.651150 -0.373331
0.660119 0.648462 -0.379131
0.758896 0.563370 -0.326635
-0.075618 0.433857 -0.897803
0.673448 0.733527 -0.091680
0.679145 0.733793 -0.017603
0.679724 0.729048 0.080401
0.969730 0.244167 0.002699
0.943199 -0.331738 0.018014
0.588918 0.684584 -0.429558
0.521661 0.621877 -0.584071
0.516558 0.755782 0.402446
0.884349 0.341783 -0.317980
0.872003 0.359407 -0.332321
0.888590 0.328427 -0.320225
0.728327 0.683746 0.045072
0.891581 0.363367 -0.270273
0.717274 0.400223 -0.570385
0.835042 0.547164 -0.057578
0.674645 0.465648 -0.572736
-0.455898 0.336438 0.823995
-0.060249 0.169635 -0.983664
0.106158 0.806346 -0.581838
0.884262 0.411260 -0.221237
0.896407 0.384410 -0.220644
0.100589 0.602797 -0.791529
0.174491 0.593198 -0.785919
-0.527308 0.824985 0.203340
0.735624 0.630375 0.247961
0.776722 0.601264 -0.187574
-0.276931 0.918933 -0.280839
-0.295958 0.884069 -0.361705
-0.234642 0.912937 -0.333901
-0.164706 0.937275 -0.307225
-0.263966 0.935752 -0.233860
0.803666 0.490257 -0.337297
0.867604 0.407690 -0.284696
0.482255 0.809039 0.335986
-0.050922 0.986522 0.155501
-0.200148 0.028136 -0.979362
-0.243512 0.035587 -0.969245
0.680989 0.683942 -0.261683
0.429720 0.112047 -0.895983
0.785262 0.589271 -0.190062
0.792551 0.580379 -0.187146
0.795096 0.581844 -0.171112
0.783792 0.593364 -0.183273
0.788946 0.589120 -0.174646
0.783856 0.595959 -0.174364
0.787562 0.593374 -0.166291
0.792712 0.588510 -0.158942
0.793845 0.590998 -0.143288
0.782792 0.607027 -0.136947
0.924891 0.296001 -0.238663
0.688692 0.628830 -0.360938
0.683583 0.634880 -0.360057
0.693181 0.623268 -0.361990
0.959367 0.135837 0.247313
0.951539 0.127049 0.280057
-0.068313 0.997635 0.007624
0.935382 0.324293 -0.141050
0.803836 0.530218 -0.269662
0.802085 0.528279 -0.278534
-0.286035 0.481640 -0.828376
0.929625 0.223998 0.292613
0.913854 0.233486 0.332197
0.918879 0.261563 0.295375
0.739380 0.624325 -0.252062
0.618572 0.121476 -0.776281
0.714357 0.602617 -0.355734
0.581819 0.624035 0.521600
0.950763 0.038463 -0.307523
0.258390 -0.822802 -0.506193
0.231952 -0.778177 -0.583642
0.105914 -0.787188 -0.607551
0.061364 -0.665821 -0.743584
0.174780 -0.854112 -0.489842
0.309969 -0.721938 -0.618648
0.288061 -0.624826 -0.725681
0.728176 0.652446 -0.209937
0.740330 0.529866 -0.413706
0.743717 0.533153 -0.403278
0.737049 0.547052 -0.396854
0.808443 0.563700 -0.169296
-0.382354 0.889288 -0.250943
-0.370520 0.867982 -0.330638
0.992797 0.101867 0.063070
0.380508 -0.828215 -0.411428
0.378774 -0.815028 -0.438474
0.368197 -0.839445 -0.399703
0.375125 -0.850526 -0.368628
0.336329 -0.844947 -0.415869
0.333385 -0.870204 -0.362767
0.266051 -0.900716 -0.343405
0.406546 -0.806080 -0.430065
0.393538 -0.788968 -0.471866
0.430372 -0.784220 -0.446966
0.917955 -0.023902 -0.395965
0.527876 0.804531 0.272171
0.942839 0.098183 -0.318456
0.948037 0.093711 -0.304045
0.940639 0.103324 -0.323298
0.943140 0.108535 -0.314177
0.946034 0.123418 -0.299647
0.964461 -0.186608 0.187062
0.643380 0.686840 -0.338103
0.791526 0.416386 0.447336
0.775455 0.431117 0.461311
0.750119 0.460055 0.475048
0.625735 0.686002 -0.371291
0.634272 0.675695 -0.375680
0.907738 0.390635 0.153024
0.914505 0.379992 0.138874
0.327675 0.882663 0.336949
0.326786 0.887131 0.325898
0.335918 0.888592 0.312351
0.331176 0.897977 0.289759
0.325946 0.879443 0.346901
0.339658 0.869593 0.358387
0.340453 0.857681 0.385324
0.348654 0.870951 0.346245
-0.523049 0.517041 -0.677560
0.980368 -0.057018 -0.188751
0.793045 0.303142 -0.528380
0.798514 0.298594 -0.522701
0.820134 0.409877 -0.399226
0.846948 0.157066 -0.507947
0.604085 0.711476 -0.359004
0.784656 0.333427 -0.522629
0.782448 0.329914 -0.528141
0.774934 0.329997 -0.539054
0.909511 -0.016654 -0.415345
0.920499 0.019028 -0.390282
0.811590 0.525235 -0.255830
0.814735 0.522861 -0.250645
0.820272 0.519844 -0.238571
0.814466 0.520500 -0.256370
0.750496 0.492641 -0.440524
0.846995 0.419368 -0.326695
0.850633 0.415777 -0.321796
0.736722 0.663462 -0.130611
0.734285 0.668246 -0.119467
0.723206 0.679957 -0.120961
0.717054 0.689303 -0.103413
0.594088 0.617919 -0.515010
0.688274 0.674512 0.267045
0.798111 0.501492 -0.333953
0.878659 0.358873 -0.314911
0.661698 0.637505 -0.394643
0.658138 0.644783 -0.388728
0.773103 0.595766 -0.217657
0.000000 0.000000 1.000000
-0.336006 0.481890 -0.809248
-0.349452 0.498186 -0.793532
-0.328324 0.466359 -0.821409
-0.363132 0.445489 -0.818337
-0.332383 0.396233 -0.855874
-0.384007 0.492860 -0.780786
-0.448373 0.503108 -0.738812
-0.454162 0.141488 -0.879613
-0.502846 0.257360 -0.825174
-0.975940 -0.028399 -0.216184
0.555014 0.086653 -0.827316
0.787526 0.524461 0.323642
0.766989 0.510463 0.388788
0.849543 0.479250 0.220447
0.846273 0.496244 0.193815
0.939195 0.150197 0.308795
-0.458075 0.806827 -0.373091
0.549455 0.727178 -0.411474
0.554924 0.731653 -0.395908
0.548144 0.751321 -0.367497
0.684886 0.542800 0.486106
0.600794 0.704492 -0.377806
0.588255 0.705945 -0.394459
0.946834 0.266069 0.180869
0.412008 0.871878 -0.264722
0.523939 0.639272 -0.562867
0.593035 0.723710 -0.352922
0.585537 0.727796 -0.357013
0.570705 0.735605 -0.364940
0.580823 0.724880 -0.370397
0.565077 0.749347 -0.345207
0.941440 0.298709 -0.156407
0.735188 0.617164 -0.280371
0.736817 0.612010 -0.287306
0.741164 0.601234 -0.298653
0.743439 0.603994 -0.287210
0.737593 0.617655 -0.272870
0.869084 -0.011648 -0.494528
0.479932 0.842095 0.246053
-0.207665 -0.967176 -0.146442
0.960890 0.046557 -0.272989
0.000000 0.000000 1.000000
0.603302 0.455960 -0.654315
0.590985 0.466397 -0.658188
0.841381 -0.204719 -0.500168
0.546727 0.816575 0.185187
0.525458 0.826333 0.202651
0.864613 0.445844 0.231664
0.852734 0.464281 0.239347
0.193447 0.847403 0.494456
0.253978 0.819589 0.513584
0.335094 0.788528 0.515690
0.656069 0.654411 -0.375925
0.650241 0.657819 -0.380080
0.630865 0.457908 -0.626363
0.637846 0.452292 -0.623366
0.642249 0.442943 -0.625554
0.647097 0.451291 -0.614493
0.678734 0.438468 -0.589123
0.672483 0.453611 -0.584811
-0.036992 -0.996459 -0.075510
0.575953 0.479813 0.661859
0.632650 0.431344 0.643192
0.441694 -0.044699 -0.896051
0.436008 0.897845 -0.061413
0.435784 0.895010 -0.095129
0.697546 0.695734 -0.171417
0.705054 0.688937 -0.168120
0.713880 0.677463 -0.177254
0.611493 0.456190 -0.646503
0.829440 0.510733 -0.226230
0.473489 -0.370428 -0.799119
0.411818 -0.349020 -0.841778
-0.394631 0.329564 -0.857703
0.620875 0.351166 -0.700854
0.657806 0.726091 -0.200210
0.985366 -0.114820 0.125974
0.977014 -0.174052 0.123083
0.984780 -0.089798 0.148810
0.820715 0.384819 -0.422305
0.771328 0.594000 -0.228510
0.687202 0.560422 -0.462255
0.685418 0.570550 -0.452410
0.695336 0.572109 -0.434971
0.709535 0.568658 -0.416158
0.794963 0.501851 -0.340850
0.737851 0.660057 -0.141066
0.745485 0.651161 -0.142269
0.738818 0.655664 -0.155732
0.661148 0.468371 -0.586098
0.924328 0.115666 -0.363648
0.917930 0.128196 -0.375460
0.924703 0.103876 -0.366243
0.915967 0.148075 -0.372932
0.015852 0.989770 0.141789
0.085207 0.989660 0.115379
0.785990 0.334249 -0.520094
0.783783 0.337516 -0.521313
0.780073 0.342412 -0.523679
0.775580 0.338658 -0.532716
0.779885 0.349291 -0.519399
0.773946 0.356871 -0.523116
0.763987 0.364199 -0.532619
0.478314 0.849559 -0.222408
0.484737 0.839883 -0.244185
0.460796 0.841481 -0.282096
0.341746 0.882434 0.323295
0.457571 0.826219 0.328618
-0.828156 -0.019656 0.560152
0.853332 -0.322961 -0.409294
0.670117 0.552358 -0.495827
0.659544 0.554240 -0.507759
0.663853 0.540961 -0.516391
0.084933 0.995672 0.037741
0.623236 0.559887 -0.545989
0.620206 0.562880 -0.546361
0.615767 0.566335 -0.547810
0.610009 0.568838 -0.551645
0.621823 0.558229 -0.549287
0.000000 0.000000 1.000000
-0.177883 0.003101 -0.984047
0.796535 0.292493 -0.529131
0.799967 0.273754 -0.533958
0.789444 0.289594 -0.541214
0.803164 0.252212 -0.539738
0.961292 0.082394 -0.262925
0.098930 0.762052 -0.639914
0.112085 0.738431 -0.664948
0.079192 0.728135 -0.680843
0.023704 0.722952 -0.690491
0.122199 0.713439 -0.689980
0.159510 0.679706 -0.715931
0.015426 0.688593 -0.724984
0.760987 0.201488 -0.616685
0.959390 -0.111495 0.259115
-0.499781 0.863961 -0.061558
-0.442135 0.894850 -0.061322
-0.362343 0.930662 -0.050755
-0.426112 0.904363 0.023593
0.851061 0.495536 -0.173606
0.794585 0.419039 -0.439365
0.813887 0.500273 -0.295490
0.855041 0.259617 -0.448892
0.369534 -0.772448 -0.516497
0.352033 -0.742038 -0.570485
0.415255 -0.678658 -0.605795
0.475992 0.877664 -0.056016
0.497348 0.867067 -0.028985
0.472363 0.877155 -0.086436
0.702215 0.361792 -0.613189
0.666665 0.647020 -0.370031
0.668175 0.644223 -0.372181
-0.214866 0.950843 -0.223001
-0.178247 0.969761 -0.166706
-0.198394 0.975924 -0.090618
0.523971 0.758594 0.387285
0.516520 0.770833 0.372858
0.499996 0.773858 0.388777
0.469088 0.792130 0.390494
0.845617 0.204060 0.493246
0.769441 0.352661 -0.532533
0.811979 0.300450 -0.500420
0.428178 0.393089 -0.813723
0.409697 0.432080 -0.803402
0.437879 0.153307 -0.885866
0.423299 0.152964 -0.892984
0.907744 0.398581 0.130896
0.814626 0.330740 -0.476441
0.669868 0.592877 -0.446961
-0.833816 0.484851 -0.263951
-0.835225 0.435900 -0.335246
0.740981 0.434453 -0.512052
0.743074 0.441296 -0.503089
0.000000 0.000000 1.000000
0.735798 0.432107 -0.521426
0.819044 0.389248 -0.421488
0.598997 0.691031 -0.404571
0.604698 0.694679 -0.389566
0.941819 0.039759 0.333761
0.736750 0.569475 -0.364553
0.237843 0.881847 -0.407156
0.696590 0.606800 -0.382827
0.703966 0.594701 -0.388281
0.533322 0.730123 0.427185
-0.163161 0.086282 -0.982819
0.119366 0.984169 -0.131007
0.098477 0.977516 -0.186454
0.972607 0.159308 0.169282
0.521356 0.633127 0.572135
0.753977 0.417715 -0.506984
0.931881 0.103337 -0.347734
0.930900 0.103594 -0.350277
0.008559 0.830550 -0.556878
-0.092641 0.807560 -0.582464
0.000000 0.000000 1.000000
0.935550 0.099148 -0.338993
0.936788 0.100906 -0.335031
0.933804 0.101470 -0.343094
0.934091 0.103225 -0.341788
0.933991 0.106664 -0.341005
0.933245 0.113952 -0.340689
0.933035 0.123084 -0.338077
0.936576 0.124413 -0.327638
0.939656 0.131546 -0.315821
0.943236 0.144438 -0.299072
0.947490 0.160544 -0.276565
0.974315 0.161464 -0.156967
-0.708661 0.699874 -0.089312
0.779637 -0.626139 -0.010809
0.944977 -0.031033 0.325661
0.925557 -0.000402 0.378609
0.519209 0.772901 -0.364754
0.486647 0.797328 -0.356992
0.598130 0.045917 -0.800082
0.610876 0.075184 -0.788148
0.604108 0.571565 -0.555308
0.595349 0.576252 -0.559905
0.573347 0.589486 -0.569017
0.588501 0.565421 -0.577898
0.790690 0.491350 -0.365220
0.799779 0.480838 -0.359372
0.783814 0.499436 -0.369051
0.780787 0.509974 -0.360967
0.792671 0.493915 -0.357380
0.778462 0.499671 -0.379903
0.907058 0.071284 -0.414928
0.907972 0.091142 -0.408999
0.980600 -0.145148 0.131738
0.973719 -0.154510 0.167324
0.683007 -0.145526 -0.715768
0.886808 0.217704 -0.407647
0.890571 0.190151 -0.413189
0.897898 0.216891 -0.383064
0.909907 0.212691 -0.356134
0.944770 -0.119517 -0.305163
0.944289 -0.080721 -0.319064
0.950812 -0.039561 -0.307233
0.774952 0.401403 0.488186
0.276087 0.741452 -0.611576
0.076649 0.961990 0.262108
-0.001387 0.998063 0.062195
0.902972 0.292641 -0.314647
0.797798 0.308121 -0.518247
0.801135 0.304455 -0.515257
0.800053 0.302849 -0.517878
0.797282 0.312488 -0.516423
0.933375 0.067265 -0.352542
0.939011 0.043273 -0.341152
0.937841 0.057852 -0.342208
0.944692 0.051992 -0.323812
0.945012 0.030109 -0.325645
0.818399 -0.398889 -0.413655
0.447597 0.894176 -0.010315
-0.054514 0.998402 -0.014898
0.866313 0.208964 -0.453691
0.760305 0.464861 -0.453696
0.766685 0.466497 -0.441107
0.772970 0.471109 -0.424939
0.735987 0.396415 -0.548797
0.770052 0.398448 -0.498255
0.648336 -0.083765 0.756732
0.670113 0.547474 -0.501219
0.927758 0.327329 -0.179224
0.921432 0.336402 -0.194412
0.701380 0.464089 -0.541005
0.828317 0.068439 0.556064
0.682866 0.712017 -0.163478
0.969118 0.106427 0.222451
0.964849 0.120234 0.233687
0.483027 0.660178 -0.575195
0.501059 -0.624979 -0.598616
0.571979 -0.628635 -0.526933
0.458908 -0.762866 -0.455455
0.509133 -0.736768 -0.444923
0.465296 -0.731015 -0.499116
0.566891 -0.695158 -0.442030
0.702684 0.471673 -0.532691
0.707435 0.470289 -0.527602
-0.109669 0.958209 -0.264213
0.745785 0.505770 -0.433592
0.967802 -0.022852 -0.250675
0.965363 -0.049925 -0.256091
0.694293 0.603796 -0.391648
0.814017 0.383427 -0.436302
0.810546 0.382573 -0.443457
0.808162 0.378173 -0.451507
0.806186 0.388866 -0.445923
0.803619 0.396642 -0.443703
0.598299 0.712080 -0.367398
-0.007382 0.126480 -0.991942
0.773508 0.510793 -0.375201
0.754296 0.488093 0.439092
0.785318 0.469573 0.403456
-0.350525 0.840505 -0.413138
0.763871 0.447191 -0.465318
0.981913 0.186992 -0.029693
0.660161 0.006565 -0.751096
0.681770 0.005911 -0.731543
0.721669 -0.007805 -0.692194
0.775383 -0.014157 -0.631332
0.697827 -0.017516 -0.716052
0.669373 0.025773 -0.742479
0.678871 0.049850 -0.732563
0.670188 0.073463 -0.738546
0.711285 0.640424 -0.289708
0.943729 0.285988 -0.166091
0.781724 0.281849 -0.556299
0.915115 -0.397017 0.070294
0.910841 -0.392195 0.128651
0.878652 -0.454768 0.145453
0.932326 0.101537 -0.347071
0.921037 0.262727 -0.287515
0.931305 0.241625 -0.272560
0.941355 0.003877 0.337397
0.947594 -0.088564 0.306957
0.936251 -0.088463 0.340013
0.923469 -0.131178 0.360551
0.953050 -0.102057 0.285096
0.905915 0.377319 -0.192219
0.477032 0.669069 -0.569901
0.469238 0.674339 -0.570160
0.455710 0.678003 -0.576749
0.480784 0.664943 -0.571574
0.441136 0.682773 -0.582426
0.487162 0.664532 -0.566631
0.476812 0.663102 -0.577015
0.478503 0.657897 -0.581555
0.471562 0.680323 -0.561062
0.467397 0.694963 -0.546413
0.022709 0.869347 0.493680
-0.005865 0.855186 0.518288
0.441318 0.886921 -0.136416
0.414246 0.901484 -0.125408
0.578465 0.515079 -0.632512
0.727901 0.683968 -0.048463
0.468394 0.212097 -0.857684
0.637192 0.661882 -0.394840
0.627782 0.671129 -0.394305
0.618667 0.671753 -0.407430
0.640769 0.653613 -0.402746
0.639042 0.643750 -0.420965
0.758403 0.627578 0.175984
0.776000 0.615651 0.137107
0.565499 0.804440 0.181899
0.583852 0.597600 -0.549536
0.771864 0.606579 -0.190494
0.761230 0.622535 -0.181602
0.790505 0.612061 -0.021982
0.027351 0.997089 -0.071168
0.001287 0.999092 -0.042590
0.041340 0.993479 -0.106253
0.026739 0.999571 -0.011911
0.734355 0.656339 -0.173037
0.765418 0.615308 -0.188500
0.757432 0.621311 -0.200673
0.784417 0.316830 -0.533206
0.782172 0.311623 -0.539535
0.786445 0.301025 -0.539340
0.779938 0.319261 -0.538302
-0.137179 0.908469 0.394798
-0.158534 0.869746 0.467342
-0.089722 0.931236 0.353199
-0.034167 0.947582 0.317680
0.484888 0.397410 -0.779069
0.461783 0.428020 -0.776888
0.798603 0.536669 -0.272434
0.787978 -0.600817 -0.134577
0.544614 0.724780 0.422007
0.560994 0.715502 0.416343
0.550855 0.711729 0.435891
0.562267 0.694285 0.449248
0.583592 0.701194 0.409571
0.608254 0.679674 0.409963
0.609557 0.658896 0.440792
0.780381 0.582375 -0.227694
0.760756 0.578339 -0.294573
0.872066 -0.487369 0.044425
0.766200 0.288678 -0.574110
0.938157 0.296667 0.178468
0.799646 0.283224 -0.529482
0.810217 0.275446 -0.517377
0.768065 0.326844 -0.550681
0.757840 0.337926 -0.558108
0.745260 0.348274 -0.568588
0.590850 0.780473 -0.204349
0.741326 -0.429204 -0.515964
0.724876 -0.385231 -0.571097
0.743053 0.422462 -0.519036
0.738834 0.424121 -0.523685
0.792429 0.315659 -0.521935
0.658324 0.662393 -0.357554
0.651399 0.666929 -0.361781
0.643251 0.675003 -0.361384
0.660519 0.664416 -0.349664
0.663302 0.666096 -0.341095
0.838366 -0.330000 -0.433869
0.838455 -0.357486 -0.411335
0.860249 -0.354062 -0.366894
0.850384 -0.301471 -0.431234
-0.263498 0.214210 -0.940576
-0.277345 0.276120 -0.920238
0.554413 0.669202 -0.494768
0.412170 0.372663 -0.831407
0.661681 0.670908 -0.334755
0.598163 0.781853 -0.175804
0.603014 0.780502 -0.164898
0.024555 0.998804 0.042271
0.055715 0.996935 0.054920
0.086423 0.993357 0.075980
0.123199 0.987784 0.095423
0.065168 0.996415 -0.053938
0.060732 0.997651 -0.031703
0.572004 -0.021476 -0.819970
0.676958 0.412591 -0.609505
-0.873188 0.407938 -0.266700
-0.934311 0.326899 -0.142129
-0.918426 0.298932 -0.259099
-0.049293 0.824862 -0.563181
-0.102609 0.837512 -0.536699
-0.171304 0.819479 -0.546909
0.458633 0.861483 -0.217951
0.433973 0.868787 -0.238491
0.445085 0.873110 -0.198944
-0.479830 0.561857 -0.673855
-0.481608 0.620985 -0.618410
0.454627 0.836630 0.305557
-0.048333 0.786904 -0.615179
-0.126146 0.766990 -0.629137
0.930420 0.150190 -0.334308
0.812110 0.536768 -0.228818
0.920543 0.027025 -0.389706
0.924457 0.037384 -0.379449
0.931445 0.040339 -0.361638
0.330590 -0.336379 0.881793
0.702690 0.477284 -0.527662
0.698065 0.491929 -0.520298
0.699118 0.484344 -0.525970
0.711472 0.489452 -0.504227
0.685314 0.501846 -0.527726
-0.312654 -0.933413 0.176032
0.483029 0.833029 -0.269713
0.507115 0.812864 -0.286506
0.634494 0.432923 -0.640308
-0.413183 -0.138031 -0.900126
0.896791 0.409178 0.168342
0.893722 0.405561 0.191782
0.897028 0.387281 0.212967
0.322502 0.250166 -0.912913
0.294312 0.315197 -0.902237
0.843437 0.513337 -0.158428
0.841448 0.519857 -0.147354
0.738035 0.381982 -0.556232
0.748254 0.370465 -0.550338
0.449403 -0.891220 -0.061351
0.934691 -0.196238 -0.296386
0.926362 -0.194044 -0.322801
0.115455 0.822293 -0.557229
-0.532679 0.841771 -0.087605
0.964877 0.255069 0.062863
0.504682 0.763070 0.403759
0.832215 -0.026760 0.553806
0.823732 -0.070804 0.562541
0.844863 0.008336 0.534917
0.691999 0.619542 -0.370546
0.640486 0.182539 -0.745961
0.983121 0.120245 0.137895
0.985553 0.093629 0.141136
0.986270 0.110158 0.123031
0.988550 0.090128 0.121023
0.993535 0.072219 0.087592
-0.210437 0.310938 -0.926841
0.601760 0.020108 -0.798424
0.586905 0.025401 -0.809257
0.565995 0.030472 -0.823845
-0.145302 0.048458 -0.988200
-0.139563 0.067719 -0.987895
0.000000 0.000000 1.000000
-0.151169 0.041119 -0.987652
-0.147326 0.022779 -0.988826
0.930664 0.003735 -0.365855
0.875012 0.323908 -0.359774
0.834116 -0.051714 0.549160
0.850001 -0.063634 0.522923
0.863521 -0.095335 0.495220
0.827960 0.367368 -0.423701
0.827342 0.360470 -0.430774
0.831941 0.347965 -0.432198
0.273329 0.948919 -0.157617
0.645339 0.663751 -0.378116
0.589767 0.795120 -0.141280
0.572554 0.807369 -0.142605
0.683444 0.537009 -0.494494
0.693973 0.527524 -0.490020
0.684349 0.526358 -0.504592
0.695703 0.513568 -0.502240
0.674254 0.527789 -0.516547
0.746419 0.652916 -0.128684
0.751800 0.645325 -0.135473
0.763601 0.631087 -0.136537
0.746618 0.654663 -0.118230
0.460296 0.437867 0.772269
0.523630 0.395001 0.754841
0.616194 0.770544 -0.162994
0.636806 0.753047 -0.165521
0.897518 0.434998 0.072371
0.886307 0.458419 0.065660
0.900467 0.424200 0.095991
0.876818 0.472366 0.089776
-0.421928 0.489661 -0.763026
-0.463639 0.451724 -0.762223
0.859756 0.201287 -0.469365
0.857348 0.175555 -0.483876
0.685267 0.486671 -0.541812
0.667326 0.502145 -0.550024
0.479439 0.826111 -0.296108
0.459952 0.828144 -0.320346
0.704711 0.458461 -0.541476
0.000000 0.000000 1.000000
0.705084 0.460055 -0.539635
0.707119 0.459581 -0.537371
0.703015 0.462068 -0.540614
0.700732 0.462371 -0.543311
0.708905 0.461489 -0.533369
0.711535 0.462880 -0.528640
0.895280 0.422206 0.142183
0.888759 0.431389 0.154958
0.934046 0.110258 -0.339708
0.935574 0.110896 -0.335266
0.938049 0.112564 -0.327709
0.487812 0.706110 -0.513272
0.824703 0.416793 -0.382293
0.906552 0.279452 -0.316338
0.909870 0.272298 -0.313035
0.913003 0.255478 -0.318052
0.903513 0.279317 -0.325034
0.898717 0.271678 -0.344236
0.901346 0.275122 -0.334490
0.898176 0.285437 -0.334373
0.281488 0.935109 0.215259
0.336763 0.918330 0.207994
0.724189 0.613246 0.315404
0.912089 0.263711 -0.313927
0.917572 0.256351 -0.303884
-0.085476 0.942081 -0.324310
0.749848 0.483280 -0.451850
0.742942 0.494234 -0.451408
0.848158 0.503668 -0.164155
0.858054 0.488871 -0.157315
0.861575 0.476454 -0.175156
0.908965 -0.176072 0.377863
-0.298492 0.899792 -0.318241
0.446798 0.668967 -0.594015
0.457649 0.654494 -0.601826
0.450291 0.643974 -0.618495
0.448489 0.623545 -0.640351
0.475404 0.597221 -0.646002
0.424914 0.648960 -0.631109
0.472204 0.642012 -0.604023
0.531528 0.686229 -0.496556
0.769633 0.570246 -0.287202
0.665833 0.603002 -0.439380
0.683700 0.593728 -0.424313
-0.561094 0.825899 -0.055367
-0.538733 0.842434 -0.008476
-0.600206 0.796182 -0.076466
0.877713 0.103492 -0.467878
0.942349 0.248598 -0.224005
0.465447 0.074676 -0.881920
0.918835 0.231496 -0.319613
0.928997 0.219122 -0.298246
0.312882 0.882195 0.351905
-0.901373 -0.425834 -0.078691
0.654959 0.676706 -0.336300
0.652960 0.683671 -0.325940
0.660249 0.683454 -0.311387
0.673948 0.669736 -0.311844
0.649007 0.691932 -0.316260
0.606234 0.591542 -0.531563
0.605484 0.598132 -0.525002
0.612379 0.595896 -0.519519
0.727186 0.276015 -0.628503
0.842561 0.535392 0.058706
0.864019 0.329248 -0.380876
0.000000 0.000000 1.000000
-0.553613 0.825255 -0.111657
-0.580145 0.808130 -0.101775
0.698499 0.685954 -0.203877
0.678547 0.633865 -0.371200
0.727432 0.326158 -0.603708
0.739034 0.309532 -0.598347
0.711297 0.334198 -0.618360
0.843493 0.506978 -0.177464
0.149522 0.980549 0.127145
0.930169 0.106796 -0.351256
0.927457 0.106253 -0.358515
0.931396 0.106203 -0.348169
-0.542655 0.828746 -0.136764
0.843279 0.473662 -0.254019
0.808136 0.526113 -0.264805
0.260911 0.231039 -0.937308
0.575363 -0.518718 -0.632368
0.675912 0.686330 -0.268503
0.675622 0.681693 -0.280766
0.686089 0.670708 -0.281837
0.665544 0.687629 -0.290204
0.680861 0.710399 0.178219
0.741138 0.661036 -0.117240
0.532216 0.717174 0.449898
0.294116 0.468657 -0.832980
0.297453 0.505484 -0.809943
0.238540 0.536456 -0.809514
0.393967 0.335600 -0.855665
0.344831 0.333070 -0.877585
0.772206 0.546766 -0.323645
0.949932 -0.133194 0.282646
0.595774 0.401082 -0.695835
0.627940 0.377445 -0.680608
0.640635 0.628379 -0.441278
0.392378 0.821868 0.413003
0.946275 -0.167548 -0.276570
0.707767 0.502829 -0.496214
0.990485 0.107014 -0.086532
0.988193 0.086072 -0.126749
0.001020 0.995718 0.092442
-0.022692 0.747589 -0.663774
0.705896 0.045663 -0.706842
0.745623 0.074523 -0.662188
0.702599 0.082212 -0.706821
0.733297 0.050132 -0.678058
0.770616 0.038992 -0.636106
0.748064 0.013301 -0.663494
0.295545 0.899899 0.320680
0.266119 0.917898 0.294354
0.846902 0.465508 -0.257020
0.846025 0.469014 -0.253511
0.582973 -0.164362 0.795693
-0.077510 0.868994 -0.488714
-0.116884 0.892190 -0.436274
-0.042800 0.901403 -0.430860
0.859296 0.483578 0.166620
-0.189906 0.963206 0.190181
0.968166 0.120337 0.219486
0.731415 0.617486 -0.289386
0.995514 0.091527 -0.023990
0.998097 0.061335 0.006394
0.938392 -0.009299 -0.345447
0.939165 0.177163 0.294250
0.748885 -0.022238 -0.662326
0.757500 -0.062664 -0.649821
0.483405 0.874520 -0.039166
0.478030 0.878232 -0.014013
0.493201 0.869780 0.015343
0.519313 0.853758 0.037569
0.554851 0.831789 0.016370
0.473045 0.879943 0.043908
0.755194 0.461276 -0.465733
0.630426 0.672930 0.386947
0.577202 0.546858 0.606453
0.626447 0.529899 0.571639
0.532390 0.583399 0.613356
0.489795 0.864682 -0.111468
0.627168 0.538674 -0.562575
0.669221 0.645554 -0.367973
0.397365 0.699385 -0.594106
0.384524 0.715942 -0.582725
0.849320 0.464658 -0.250495
0.852717 0.459999 -0.247537
0.850828 0.463558 -0.247398
0.847240 0.468575 -0.250246
0.850992 0.461668 -0.250351
0.852150 0.457870 -0.253369
0.855406 0.453944 -0.249429
0.843946 0.494749 -0.207312
0.854983 0.478020 -0.201247
0.834541 0.509346 -0.210020
0.960704 -0.136627 -0.241623
0.000000 0.000000 1.000000
0.618373 0.556393 -0.555015
0.622587 0.552110 -0.554581
0.621900 0.548607 -0.558812
0.618643 0.554881 -0.556226
0.615025 0.558069 -0.557049
0.605989 0.556513 -0.568393
0.621101 0.543813 -0.564359
0.609650 0.563386 -0.557604
0.611428 0.543914 -0.574730
-0.590342 -0.386926 -0.708368
0.424714 0.489446 -0.761617
0.777850 0.359906 -0.515186
0.778539 0.367802 -0.508526
0.781712 0.375377 -0.498014
0.792059 0.370295 -0.485309
0.770972 0.379065 -0.511773
0.610532 0.531573 -0.587095
0.625434 0.515526 -0.585717
0.632190 0.496643 -0.594711
0.759523 -0.028343 0.649863
0.294596 0.882405 0.366844
0.256951 0.885772 0.386503
0.226186 0.906979 0.355288
0.168931 0.912828 0.371763
-0.849516 0.524855 0.053390
0.472945 0.670982 -0.571057
0.462563 0.677882 -0.571412
0.456698 0.682979 -0.570058
0.448322 0.690921 -0.567129
0.434109 0.701089 -0.565706
0.610464 0.579378 -0.540051
0.920972 0.366698 -0.131696
0.923980 0.366372 -0.109693
0.611682 0.769014 0.185638
0.853444 0.462268 -0.240710
0.857287 0.460750 -0.229715
0.983276 -0.153094 0.098644
0.977839 -0.189297 0.089432
0.047636 0.411456 -0.910184
0.186787 0.513180 -0.837709
0.104444 0.519242 -0.848221
0.076745 0.469461 -0.879611
0.584895 0.582511 -0.564427
0.614502 0.571536 -0.543814
0.901574 -0.335829 -0.272734
0.914816 -0.402311 0.035471
0.926874 -0.375102 -0.014234
0.904134 -0.421582 -0.069351
0.000000 0.000000 1.000000
0.492883 0.667620 -0.557987
0.502875 0.667648 -0.548965
0.502268 0.660596 -0.557978
0.624345 0.588691 -0.513454
0.406632 0.146348 -0.901794
0.391749 0.157528 -0.906486
0.351902 0.138865 -0.925679
0.370910 0.150977 -0.916314
0.335501 0.167569 -0.927017
0.288026 0.184354 -0.939710
0.557435 0.573318 -0.600476
0.856585 0.229631 -0.462094
0.075846 0.572836 -0.816153
-0.004624 0.565768 -0.824552
0.789884 0.333322 -0.514762
0.503472 -0.861818 0.061533
0.609178 -0.791109 0.055220
0.992306 0.012184 -0.123205
0.378753 -0.822201 -0.424889
0.756991 0.612333 -0.228064
0.823821 0.358787 0.438851
0.836042 0.331513 0.437188
0.841730 0.299917 0.448933
0.825490 0.369465 0.426687
-0.299241 0.463823 -0.833860
-0.280747 0.436433 -0.854814
-0.232314 0.439192 -0.867837
-0.178647 0.422276 -0.888689
-0.134001 0.450226 -0.882803
-0.078322 0.492469 -0.866798
-0.148668 0.494179 -0.856554
-0.118383 0.403398 -0.907334
-0.113996 0.356215 -0.927424
0.392228 0.797588 0.458270
0.030160 0.993481 0.109932
0.055679 0.988174 0.142873
-0.007941 0.992601 0.121165
-0.014838 0.988033 0.153526
-0.022000 0.979939 0.198082
-0.054861 0.967601 0.246450
0.010546 0.983864 0.178609
0.619231 0.557415 -0.553030
0.763969 0.398476 -0.507511
-0.533857 0.692763 -0.484847
-0.502365 0.753232 -0.424584
-0.607692 0.647596 -0.459706
0.515316 0.685204 -0.514728
0.503630 0.685648 -0.525590
0.805171 0.544312 0.235423
0.782966 0.566866 0.256179
0.777069 -0.618160 0.118499
0.784766 -0.579137 0.220777
0.745839 -0.560068 0.360623
0.996809 0.063994 0.047720
0.607153 0.612589 -0.506064
0.538729 0.053280 -0.840793
0.934349 0.320345 0.156108
0.345710 0.930230 -0.123112
0.524981 0.693244 -0.493769
0.332110 0.939865 -0.079729
0.279573 0.957792 -0.066884
0.333069 0.942415 -0.030303
0.228022 0.972753 -0.041934
0.353818 0.840397 0.410544
0.316813 0.846667 0.427533
0.301675 0.826346 0.475546
0.267901 0.851991 0.449822
0.321335 0.368381 -0.872375
0.518404 0.833320 -0.191925
0.519535 0.839414 -0.159583
0.792643 0.501056 -0.347362
-0.824147 0.394766 -0.406129
-0.765772 0.357970 -0.534276
-0.851716 0.293928 -0.433805
0.593568 0.597968 -0.538620
0.583715 0.606585 -0.539751
0.979598 0.086296 0.181495
0.983425 0.062957 0.170035
0.980107 0.037864 0.194822
0.976208 0.000013 0.216836
0.987402 0.036667 0.153924
0.991723 -0.000460 0.128397
0.997285 -0.016270 0.071825
0.982529 0.091995 0.161782
0.630153 0.226293 -0.742764
0.753379 0.647526 -0.114586
0.760488 0.640487 -0.106937
0.769279 0.629053 -0.111812
0.599795 0.605631 -0.522931
0.593769 0.611735 -0.522703
0.586045 0.610392 -0.532891
0.584844 0.618440 -0.524871
0.579216 0.631199 -0.515846
0.600704 0.610390 -0.516313
0.738270 0.523120 -0.425797
0.726386 0.530928 -0.436439
0.743605 0.515907 -0.425313
0.732026 0.526785 -0.432013
0.728669 0.521963 -0.443391
0.788989 0.503151 -0.352612
0.834640 0.524136 -0.169287
0.980235 0.155951 0.121729
0.485874 0.074962 -0.870808
0.465993 0.178143 -0.866669
0.464790 0.166914 -0.869546
0.764630 0.642489 -0.050486
0.763260 0.645387 -0.030175
0.767932 0.637511 -0.062121
0.093623 0.983946 0.151938
0.098141 0.976389 0.192440
0.145477 0.967068 0.208844
0.054197 0.762946 0.644186
0.114325 0.694138 0.710706
-0.859147 0.495812 -0.126640
-0.864413 0.501379 -0.037549
-0.900857 0.415175 -0.126833
-0.931324 0.363144 -0.027606
-0.120839 0.686794 0.716737
0.968256 -0.225125 -0.108623
0.977965 -0.204943 -0.039798
0.409928 0.245254 -0.878527
0.793739 0.181382 -0.580584
0.798553 0.162174 -0.579667
0.812548 0.157766 -0.561138
0.820013 0.133285 -0.556609
0.839480 0.129623 -0.527703
0.803626 0.141662 -0.578029
0.822413 0.104427 -0.559225
0.823232 0.053706 -0.565159
0.806464 0.084258 -0.585249
0.797043 0.046082 -0.602162
0.627886 -0.767093 -0.131636
0.964772 0.236853 0.114525
0.963588 0.226301 0.142428
0.200757 0.677630 0.707471
-0.046229 0.985567 -0.162851
-0.700065 0.471943 -0.535891
0.436846 0.897411 0.061793
0.389769 0.919325 0.054052
0.894055 0.199841 0.400911
0.908632 0.206994 0.362688
0.922356 0.171003 0.346436
0.746938 -0.581987 -0.321521
0.747010 -0.625731 -0.224582
0.986428 -0.033485 0.160747
0.352001 0.554004 0.754437
0.450369 -0.195278 -0.871226
0.461208 0.686212 0.562495
-0.109901 0.550494 0.827574
0.894462 -0.230540 0.383131
0.922018 -0.226530 0.313955
-0.105202 0.986744 -0.123565
0.901787 -0.190502 -0.387929
0.933518 -0.342036 0.107495
0.947096 -0.299510 0.115338
0.945543 -0.275059 0.174045
0.969604 -0.229026 0.086107
0.967227 -0.250093 0.043873
0.975411 -0.220295 0.006629
0.907146 0.331045 0.259799
0.887647 -0.101382 -0.449227
0.829206 0.523780 0.195120
0.861061 0.402846 0.310304
0.862016 0.377226 0.338569
0.879787 0.344087 0.327993
0.886868 0.307872 0.344499
0.918799 0.324982 0.224043
0.892467 0.170370 0.417704
0.900610 0.116221 0.418802
0.848830 -0.528142 -0.023526
-0.671297 -0.591220 0.447011
-0.591718 -0.535150 0.602897
-0.383393 -0.609079 0.694285
-0.151227 -0.463763 0.872957
-0.710388 -0.371310 0.597894
0.954319 0.256032 -0.154019
0.962417 0.230767 -0.143179
0.947834 0.316701 0.036199
0.945133 0.326569 0.008755
0.715490 0.081500 0.693853
0.752603 0.656593 0.049748
0.592355 0.803267 -0.062271
0.390529 0.914509 0.105642
0.099165 0.459382 0.882686
0.117158 0.321468 0.939645
0.292036 0.292148 0.910695
0.343760 0.403565 0.847917
0.228459 0.499651 0.835557
0.770215 0.090197 0.631374
0.644724 0.478111 0.596440
0.175007 -0.221783 0.959263
0.358691 -0.148153 0.921624
0.979407 -0.005882 -0.201808
0.898044 0.062555 0.435435
0.558044 -0.459665 -0.690865
0.804481 0.266200 0.530987
0.820221 0.217773 0.528973
0.798997 0.196221 0.568420
0.795820 0.142739 0.588469
0.540520 0.474114 0.695021
0.530729 0.438050 0.725561
0.846151 -0.436722 0.305454
0.797090 -0.488446 0.355060
0.748923 -0.501025 0.433692
0.717976 -0.465643 0.517385
0.626631 -0.518068 0.582184
0.412344 0.428820 0.803794
0.922999 -0.098854 0.371889
-0.472308 -0.766735 -0.434791
0.821857 -0.106993 -0.559557
0.794272 -0.139289 -0.591381
0.823287 -0.061164 -0.564320
0.799968 -0.037954 -0.598841
0.414924 0.183877 0.891082
-0.110548 -0.970284 0.215240
0.970754 0.151248 -0.186441
0.974554 0.118897 -0.190020
0.982013 0.101227 -0.159385
0.143714 0.964523 -0.221452
0.165039 0.948784 -0.269391
0.377432 0.898032 0.226017
0.994296 -0.065391 0.084260
0.596814 -0.619790 0.509582
0.847630 0.407979 0.339229
0.931303 0.345714 0.114699
0.908797 -0.374501 -0.183947
0.884011 -0.438934 -0.160813
0.965156 -0.254995 -0.058747
-0.015876 -0.557780 -0.829837
-0.207381 -0.509152 -0.835319
-0.347051 -0.568730 -0.745722
0.826660 0.030308 0.561884
-0.330533 0.808503 -0.486899
0.319371 0.939191 0.126185
0.681718 0.632383 0.367902
0.655320 0.649019 0.386432
0.659651 0.623829 0.419164
0.691401 0.602168 0.399197
0.723886 0.560103 0.402831
0.753286 0.554270 0.354040
0.649271 0.609124 0.455429
0.631298 0.598564 0.493137
0.666253 0.576894 0.472546
0.770532 0.217408 0.599177
0.759845 0.177923 0.625283
0.748332 0.267151 0.607148
0.713630 0.261694 0.649807
0.734352 0.160665 0.659480
0.735737 0.114160 0.667577
0.508977 -0.601777 0.615473
0.344845 -0.681799 0.645160
0.971099 0.232496 0.053973
0.977290 0.209354 0.032781
0.983227 0.180514 0.026079
0.669644 0.407948 0.620609
0.939870 0.336427 -0.058831
0.960315 -0.084315 0.265868
0.968901 -0.090381 0.230351
0.994428 -0.035098 0.099403
0.992658 0.074534 -0.095260
0.243703 0.140711 0.959588
0.135573 -0.034757 0.990157
0.873872 -0.248585 -0.417796
-0.680888 -0.179781 0.709979
-0.471955 -0.154181 0.868036
-0.327777 -0.342775 0.880379
0.936857 0.348033 -0.034223
0.960994 0.272825 0.045359
0.962573 0.270465 0.017404
0.977066 0.202959 -0.064424
0.737848 -0.607856 0.293412
0.711290 -0.246236 0.658357
0.904264 0.144092 0.401926
0.916278 0.114011 0.383974
-0.138178 0.980431 0.140219
-0.051853 0.629346 0.775393
-0.205147 0.814495 0.542690
0.401258 0.379534 0.833634
0.455945 0.282335 0.844039
0.356972 0.333458 0.872569
0.377346 0.255314 0.890182
0.466134 0.108579 0.878026
0.536014 0.058737 0.842164
0.604632 0.090138 0.791388
0.577658 -0.441113 0.686826
0.505543 -0.369506 0.779674
0.717189 0.683619 0.135293
0.911448 -0.299766 0.281785
0.978359 0.084268 -0.188980
0.107989 0.338205 -0.934856
0.669902 -0.589335 -0.451569
0.992006 0.113622 -0.054902
0.998237 0.023108 -0.054665
0.999599 0.024173 -0.014765
0.921008 -0.103686 -0.375491
0.940952 -0.164440 0.295921
0.939498 -0.204202 0.275035
0.953437 -0.195563 0.229593
0.952916 -0.230371 0.197179
0.963690 -0.157816 0.215395
0.928509 -0.188132 0.320120
0.912290 -0.209120 0.352130
0.922735 -0.166881 0.347435
0.905456 -0.247622 0.344721
0.906277 -0.277890 0.318495
0.923097 -0.257581 0.285560
0.890840 -0.311652 0.330571
0.930422 0.302424 0.207015
0.916888 0.143918 0.372295
-0.420114 -0.855050 0.303965
0.820077 0.110469 0.561489
0.334032 0.747132 0.574645
0.350707 0.696258 0.626283
0.284924 0.734079 0.616398
-0.668798 0.071111 0.740036
-0.241573 0.866292 0.437242
-0.298627 0.816443 0.494209
-0.413912 0.783197 0.463983
-0.631884 -0.681854 0.368507
-0.518277 -0.766623 0.379049
-0.708127 -0.644261 0.288937
-0.720440 -0.672755 0.168422
-0.638863 -0.759788 0.120731
0.762999 -0.203415 0.613559
0.723382 -0.171723 0.668752
0.677891 -0.668402 0.306108
0.600038 -0.730773 0.325462
0.562676 -0.707602 0.427428
0.698897 -0.616183 0.363128
0.668687 -0.603104 0.434882
0.871342 -0.273086 0.407661
-0.751515 0.122513 -0.648241
0.782321 -0.545541 0.300597
-0.283603 -0.679212 -0.676934
0.928392 0.096964 0.358729
0.932769 0.063954 0.354757
0.922897 0.039893 0.382974
0.898676 0.243770 0.364633
0.941897 0.230858 0.243998
0.934990 0.261223 0.239907
-0.192608 0.727149 -0.658905
-0.135773 0.698114 -0.702995
0.650604 -0.758758 -0.031620
0.991429 0.062080 0.114955
0.288345 0.609531 -0.738464
-0.576921 -0.644160 -0.502215
-0.236652 -0.908372 0.344756
-0.155481 -0.846476 0.509220
0.056601 0.971577 -0.229859
0.844758 -0.141862 0.516003
0.821398 -0.140327 0.552823
0.798121 -0.129965 0.588313
0.952474 0.246612 -0.178817
0.282415 0.449638 0.847388
0.341467 0.463798 0.817491
0.349647 0.510334 0.785688
0.983406 -0.180428 0.018922
0.650131 -0.749181 0.126719
0.711381 -0.689380 0.136722
0.662435 -0.720102 0.206476
0.473084 0.550736 0.687664
-0.035239 0.449783 0.892443
0.989139 0.122903 0.080617
0.798103 0.585030 0.144124
0.942564 0.067809 0.327071
0.950706 0.048861 0.306220
0.957795 0.063558 0.280338
0.949814 0.021159 0.312099
-0.442515 0.453475 0.773654
0.855974 -0.205874 0.474261
0.822535 -0.242679 0.514338
0.812744 -0.315541 0.489776
0.039760 -0.633424 0.772783
-0.040686 -0.010945 0.999112
0.817604 -0.105054 0.566115
0.899996 0.425827 -0.093159
0.911039 0.400768 -0.096919
0.840503 0.018595 -0.541488
0.473553 0.021357 0.880507
0.451841 -0.085046 0.888035
0.529356 -0.120142 0.839850
0.590550 -0.074029 0.803598
0.464974 -0.177462 0.867356
0.429008 -0.276651 0.859893
0.420211 -0.377893 0.824997
0.327194 -0.461964 0.824338
0.203347 -0.404690 0.891558
0.339553 -0.568986 0.748972
0.433601 -0.591419 0.679863
0.517998 -0.525403 0.675004
0.439823 -0.663061 0.605728
0.383074 -0.741860 0.550362
0.239483 -0.786584 0.569151
0.165355 -0.697845 0.696901
0.431017 -0.779021 0.455358
0.511300 -0.655168 0.556173
0.547661 -0.675716 0.493431
0.603582 -0.654560 0.455236
0.562643 -0.604046 0.564412
0.569353 -0.548490 0.612369
0.616607 -0.569177 0.543906
0.660829 -0.530362 0.531057
0.675861 -0.477743 0.561225
0.712532 -0.417454 0.563941
0.734401 -0.335878 0.589781
0.640864 -0.456927 0.616856
0.643735 -0.584155 0.494337
0.392472 -0.838718 0.377515
0.341975 -0.894445 0.288136
0.271683 -0.947394 0.169215
0.630847 -0.407868 0.660057
0.665059 -0.337239 0.666309
0.580524 -0.359955 0.730359
0.556855 -0.294531 0.776636
0.453239 -0.842527 0.291072
0.540633 -0.791381 0.285363
0.342278 -0.814376 0.468655
0.956857 0.011363 0.290337
0.966611 0.012828 0.255928
0.147543 -0.587619 -0.795572
0.885237 -0.024430 0.464498
0.905673 -0.031776 0.422784
0.991423 0.054240 -0.118904
0.926151 0.369370 0.076219
0.864237 0.497315 -0.075973
0.963242 -0.215753 0.160050
0.971214 -0.182458 0.153144
0.970500 -0.204650 0.127464
0.697863 -0.508612 0.504282
0.716724 -0.523485 0.460728
0.729076 -0.546724 0.411753
0.764497 -0.516639 0.385523
0.784354 -0.469409 0.405517
0.766202 -0.443342 0.465169
0.735878 -0.482628 0.474924
0.698904 -0.561905 0.442487
0.704152 -0.585658 0.401465
0.805138 -0.395004 0.442408
0.974536 -0.127204 0.184657
0.975206 -0.099701 0.197569
0.979608 -0.104953 0.171330
-0.267292 0.960468 -0.077825
0.958546 -0.265556 0.103298
0.952946 -0.269680 0.138446
0.955982 -0.246077 0.159824
0.996731 -0.061013 0.052961
0.996787 -0.075957 0.025417
0.998008 -0.060292 -0.018559
0.998218 -0.032321 0.050170
0.999687 -0.010180 0.022871
0.996395 -0.044509 0.072221
-0.888853 -0.433885 0.147255
0.197029 0.778964 0.595310
0.237805 0.749260 0.618109
0.936713 -0.329363 -0.118697
0.928519 -0.362193 -0.081662
0.975420 -0.071711 0.208357
0.980766 -0.045911 0.189711
0.982726 -0.015041 0.184455
-0.489670 0.786762 0.375805
0.883943 -0.066445 0.462849
0.992451 -0.025547 -0.119955
0.988103 -0.049823 -0.145499
0.984687 0.015720 -0.173621
-0.197598 0.042683 0.979353
-0.999898 -0.012651 -0.006601
-0.978717 -0.176954 0.103922
-0.940691 -0.324835 0.097890
-0.456339 -0.740536 0.493316
-0.486361 -0.643107 0.591494
-0.349438 -0.723608 0.595218
0.879473 0.110387 0.462971
0.858119 0.147105 0.491927
0.446271 0.592134 0.670984
0.408798 0.632977 0.657437
0.462504 0.621093 0.632719
0.479148 0.644765 0.595563
0.432275 0.563098 0.704314
0.499788 0.612514 0.612404
0.295110 0.365820 0.882658
0.230748 0.342891 0.910594
0.203307 0.264583 0.942689
0.089353 0.187512 0.978190
-0.195047 -0.798866 -0.569008
0.728995 0.457563 0.509119
0.702536 0.466244 0.537642
0.980910 -0.128074 -0.146329
0.989339 -0.100771 -0.105135
0.804773 0.568247 0.171571
0.861111 -0.057000 -0.505212
0.961717 -0.052056 0.269056
0.094103 -0.995524 0.008747
-0.041505 -0.995931 0.079996
-0.569243 0.596387 -0.565938
0.677007 -0.676462 -0.289932
0.696021 -0.687134 -0.208330
0.742209 -0.652250 -0.153932
0.762498 -0.642056 -0.079762
0.803816 -0.591097 -0.066955
0.824268 -0.555200 -0.111064
0.817228 -0.544634 -0.188448
0.818101 -0.575022 -0.007824
0.797952 -0.600952 0.046148
0.751851 -0.657298 0.051757
0.812493 -0.574927 0.096513
0.848427 -0.518966 0.104140
0.806791 -0.569432 0.157595
0.733129 -0.679823 -0.019044
0.683927 0.116992 0.720109
0.836202 0.237343 0.494404
0.857709 0.222589 0.463453
0.864224 0.184193 0.468177
0.843955 0.260930 0.468674
0.871142 0.245442 0.425289
0.871717 0.271889 0.407659
0.538515 0.841716 -0.038922
0.946976 0.250040 0.201781
0.836331 0.180690 0.517591
0.838918 0.142571 0.525253
0.996586 -0.082556 -0.001278
0.993967 -0.108134 -0.018369
0.989571 -0.137055 -0.044320
0.974969 0.065586 -0.212447
0.989746 -0.072150 -0.123276
0.999564 -0.029462 -0.001999
0.999992 -0.001774 -0.003556
0.997392 -0.043488 -0.057606
0.777332 -0.527290 0.343104
0.804286 -0.505298 0.312727
0.822170 -0.467809 0.324332
0.816050 -0.447637 0.365628
0.839748 -0.420490 0.343527
0.853501 -0.379762 0.356815
0.841843 -0.369275 0.393620
0.827274 -0.363489 0.428361
0.807673 -0.356540 0.469621
0.831458 -0.326541 0.449499
0.851704 -0.298693 0.430561
0.835878 -0.291817 0.464920
0.821569 -0.276941 0.498325
0.790078 -0.295812 0.536910
0.789373 -0.346070 0.507076
0.756391 -0.361256 0.545313
0.805668 -0.433956 0.403214
0.874420 -0.174537 0.452687
0.893658 -0.164254 0.417607
0.876543 -0.140646 0.460316
0.863450 -0.127249 0.488120
0.891766 -0.128554 0.433852
0.896707 -0.098500 0.431525
0.339023 0.179729 0.923451
0.401348 0.123398 0.907575
0.989775 -0.121187 -0.075231
0.985210 -0.134495 -0.106172
0.985635 -0.153428 -0.070589
0.984779 -0.169406 -0.038874
0.979806 -0.187254 -0.070113
0.972676 -0.221282 -0.070257
0.982176 -0.187569 -0.012149
0.957278 0.190228 -0.217788
-0.535811 -0.803813 0.258441
0.513920 0.548211 0.659811
0.745093 -0.078450 0.662331
0.727719 -0.121297 0.675065
0.689203 -0.121778 0.714262
0.768245 -0.095786 0.632949
0.937497 0.347127 0.024537
0.927130 0.374207 0.019990
-0.620847 0.270241 -0.735880
-0.947011 -0.203353 -0.248633
-0.919621 -0.339319 -0.197888
-0.897593 -0.172573 -0.405642
-0.813168 -0.320717 -0.485693
-0.751420 -0.239325 -0.614891
0.943618 -0.296013 -0.148192
0.941166 -0.281223 -0.187402
-0.680869 0.031885 -0.731711
0.990847 -0.034755 0.130439
0.870147 -0.089236 -0.484646
-0.646511 -0.108898 -0.755093
0.798484 -0.251942 0.546762
0.813168 -0.210856 0.542492
0.913624 0.017433 0.406187
0.910440 0.048346 0.410806
0.942962 -0.297962 0.148461
0.932926 -0.311874 0.179952
0.935221 -0.286694 0.207770
0.919634 -0.349992 0.178266
0.176098 -0.939840 0.292729
0.121490 -0.899321 0.420073
0.037031 -0.955767 0.291783
-0.569827 -0.820106 0.052191
0.945894 -0.314069 -0.081520
0.954653 -0.294093 -0.046333
0.309723 0.670151 0.674514
0.788677 -0.247375 -0.562845
0.753178 -0.268281 -0.600623
0.824991 0.469031 0.315277
0.824556 0.449012 0.344232
0.809786 0.447470 0.379496
0.926007 0.267927 0.265945
0.913596 0.291968 0.283014
0.511212 -0.459216 0.726487
0.455280 -0.434104 0.777350
0.864311 -0.305668 0.399416
0.369307 0.621068 0.691293
0.323644 0.638021 0.698701
0.986010 -0.061670 0.154858
0.612752 0.788332 0.055396
0.549566 -0.406077 0.730122
0.646724 0.106835 0.755205
0.615842 0.139263 0.775464
0.505045 -0.745848 0.434327
0.378352 0.753854 0.537171
0.095022 -0.503444 0.858787
-0.679352 -0.511551 0.526115
0.351284 -0.241217 0.904662
0.275070 -0.190348 0.942393
0.270292 -0.066264 0.960495
0.256142 -0.281034 0.924885
0.166666 -0.316815 0.933729
0.023740 -0.252149 0.967397
0.049868 -0.115236 0.992086
0.038921 -0.014038 0.999144
-0.004135 0.041511 0.999129
-0.090829 0.076518 0.992922
-0.038765 0.084804 0.995643
-0.038744 0.160599 0.986259
-0.074084 -0.102358 0.991985
-0.118175 -0.001520 0.992992
0.093594 0.063586 0.993578
0.203826 0.039314 0.978217
0.295175 0.053342 0.953953
-0.060710 0.039725 0.997365
-0.058884 0.256350 0.964789
0.215087 -0.135186 0.967193
0.037682 0.279843 0.959306
0.036286 0.368763 0.928815
0.934824 -0.021465 0.354462
0.922830 -0.034942 0.383618
0.914433 -0.011706 0.404569
0.379198 -0.558513 -0.737748
-0.851501 -0.522053 0.049053
-0.769493 -0.634764 0.070389
0.997328 0.032124 0.065608
0.961079 -0.136994 0.239917
0.998720 0.002052 0.050538
0.763557 -0.320127 0.560802
0.813918 -0.545266 0.200555
0.837077 -0.500547 0.220808
0.803729 -0.538532 0.252987
0.858649 -0.477318 0.186787
0.879660 -0.434950 0.192398
0.775545 -0.572136 0.266816
0.753699 -0.609416 0.246069
0.761340 -0.620446 0.188168
0.609484 -0.228957 0.759018
0.907599 0.080896 0.411972
0.991207 0.037945 0.126764
-0.298745 -0.509345 0.807044
-0.152071 -0.599302 0.785946
0.756352 0.642348 0.123779
0.938429 -0.057346 0.340679
0.987592 -0.137378 0.076094
0.991266 -0.120490 0.053609
0.983539 -0.164977 0.073712
0.990948 -0.131430 0.027362
0.963418 0.047408 0.263777
0.891937 0.382255 0.241515
0.740152 0.583806 0.333686
0.943613 0.119386 0.308776
0.955021 -0.294662 0.033322
0.494257 -0.304544 0.814226
-0.334464 -0.010705 0.942348
-0.285535 0.954411 0.087006
0.995210 -0.004843 0.097644
0.977106 -0.026227 0.211130
0.971739 -0.015845 0.235525
0.965610 -0.023658 0.258917
0.480523 0.179046 0.858511
0.534403 0.237366 0.811216
0.581005 0.176061 0.794629
0.593631 0.232016 0.770565
0.633870 0.234096 0.737162
0.597292 0.275688 0.753152
0.661301 0.186055 0.726680
0.510821 0.305576 0.803545
0.964580 0.161433 -0.208627
0.981102 0.135953 -0.137678
0.878100 -0.475414 -0.054047
0.883591 -0.456140 -0.105841
0.598936 -0.498002 0.627112
0.076332 0.943456 -0.322589
-0.199296 0.408713 0.890637
0.139638 -0.364306 -0.920751
-0.314978 0.655113 0.686743
0.996410 0.053948 -0.065250
0.819796 -0.175930 0.544962
-0.106214 0.130205 0.985782
-0.143976 0.083077 0.986088
-0.200623 0.117936 0.972544
0.933414 0.024669 0.357953
0.216013 -0.948440 -0.231950
0.975131 0.054990 0.214698
0.974380 0.028013 0.223157
0.259697 0.965684 -0.003292
0.782220 0.117075 0.611903
0.695170 -0.163924 0.699906
0.658664 -0.229124 0.716704
0.700581 -0.207964 0.682596
0.734043 -0.204679 0.647524
0.748876 -0.170023 0.640529
0.741446 -0.241484 0.626053
0.717857 -0.295983 0.630139
0.677345 -0.265557 0.686064
0.699550 -0.343066 0.626845
0.743753 -0.421090 0.519148
0.997062 0.008956 0.076078
0.459583 0.872183 0.167571
0.788472 -0.214188 0.576573
0.390817 0.666875 0.634460
0.942204 0.334709 -0.014915
0.711996 0.125945 0.690797
0.703359 0.558760 0.439400
0.895311 -0.414831 0.162279
0.882025 0.012437 0.471038
0.868728 0.029885 0.494387
0.889492 0.038605 0.455317
0.915594 0.345881 0.205070
0.979932 0.193145 0.049270
0.975040 0.221737 0.011364
0.974253 0.225075 -0.013137
0.895337 0.091295 0.435933
0.569254 0.369538 0.734432
0.598279 0.391035 0.699395
0.637629 0.366514 0.677567
0.375703 -0.058452 0.924895
0.863974 -0.211226 -0.457092
0.697432 -0.261154 -0.667373
0.984598 0.111113 -0.134983
-0.358652 0.907122 0.220224
0.885360 0.080741 0.457842
-0.244237 0.942015 0.230124
0.991332 0.131033 0.009509
0.993966 0.109550 -0.005568
0.996261 0.086302 0.003905
0.996226 0.081960 0.028581
0.994875 -0.072850 -0.070117
0.868809 -0.405226 0.284541
0.995361 -0.028692 -0.091837
0.876034 -0.472717 0.095408
0.839361 0.046185 0.541609
0.845589 0.074879 0.528557
0.860443 0.084420 0.502505
0.862300 0.114371 0.493313
0.834405 0.094706 0.542955
0.942907 -0.226392 0.244282
0.998449 -0.004238 -0.055506
0.656187 0.529032 0.538093
0.686337 0.513531 0.515002
0.836534 -0.214790 0.504059
0.536245 -0.181539 0.824309
0.564105 -0.228037 0.793590
0.971045 -0.237577 -0.025096
0.967118 -0.254225 0.007303
-0.713093 -0.614781 -0.336961
-0.908560 -0.210126 0.361061
-0.865232 -0.337176 0.371060
-0.801515 -0.380715 0.461118
0.571474 0.012774 0.820521
0.745027 -0.295780 0.597870
0.367822 -0.475700 -0.799010
0.265865 -0.636522 0.723986
0.903678 0.296431 0.309022
-0.033433 -0.535452 0.843904
0.269551 0.890248 -0.367153
0.194723 0.904327 -0.379836
0.711263 -0.376992 0.593280
0.965901 -0.210630 -0.150569
-0.041326 0.344593 0.937842
0.873022 -0.236272 0.426625
-0.818186 0.025171 -0.574403
-0.794079 -0.186881 0.578372
-0.156782 -0.278179 0.947648
0.900607 -0.337858 0.273419
0.743825 0.528641 0.408978
0.894062 -0.044878 0.445689
0.683139 -0.081884 0.725683
0.615025 -0.120696 0.779216
0.980386 0.013884 0.196599
0.626527 -0.044476 0.778130
0.610467 0.565016 0.555055
0.609060 0.593327 0.526317
-0.319692 -0.187404 0.928804
0.946221 0.295691 0.131271
0.947331 0.302769 0.104373
0.778704 0.551676 0.298787
0.548731 0.658210 0.515417
0.988512 0.139769 -0.057527
0.793682 0.064186 0.604937
0.810767 0.067733 0.581437
0.979213 -0.086323 -0.183550
0.966948 -0.070258 0.245103
-0.564130 -0.031948 0.825068
0.858716 -0.486364 -0.161421
0.884543 -0.404287 0.232670
0.813029 0.019638 0.581892
0.965274 -0.112128 0.235952
-0.032492 -0.390207 0.920154
0.600348 -0.278514 0.749675
0.193716 0.955918 -0.220670
0.625540 -0.338097 0.703129
0.599925 -0.391370 0.697796
0.774012 0.523245 0.356538
0.853640 -0.013075 0.520700
0.951617 -0.236301 -0.196434
0.878739 0.477100 0.013915
0.857890 0.497396 0.128928
-0.496141 -0.521094 0.694482
0.233339 -0.489663 0.840109
0.882652 -0.470016 -0.003180
0.636417 0.053939 0.769457
0.657211 0.013379 0.753588
0.997455 0.069328 -0.016640
0.956207 0.214347 0.199307
0.879850 0.064522 -0.470851
0.982704 -0.028696 -0.182944
0.702435 0.047744 0.710145
0.807427 -0.064666 0.586413
0.971392 0.230381 -0.057639
0.619348 -0.180799 0.764015
0.823019 -0.503747 -0.262447
-0.838042 0.150618 0.524404
0.004359 -0.717795 0.696241
0.262076 -0.718292 0.644494
0.951536 0.215889 -0.219024
0.157799 -0.841968 0.515935
0.815217 0.139843 0.562019
0.955619 0.294603 -0.001034
0.783939 0.176125 0.595332
0.885745 0.449415 0.116115
0.933203 -0.137103 0.332167
0.558094 0.614768 0.557308
0.647425 -0.710557 0.275591
0.343993 0.938432 0.031837
0.730112 -0.593785 0.338165
0.871330 -0.025347 0.490043
0.957804 0.256489 0.129713
0.962013 0.215715 -0.167327
0.999334 0.035845 0.006827
0.669802 -0.627678 0.396719
-0.221288 0.974863 -0.025957
0.712401 -0.647803 0.269884
0.911656 -0.102045 0.398083
0.552573 -0.744519 0.374640
0.981973 0.161490 -0.098229
0.912286 -0.147144 0.382207
0.895681 -0.199112 0.397631
0.064881 0.631970 0.772272
0.846527 -0.458622 0.270294
0.987909 -0.007543 0.154851
0.797559 0.410523 -0.442007
0.637617 0.565368 -0.523262
0.638444 0.574365 -0.512342
0.061003 -0.349548 0.934931
